country,year,cost_of_living_index,rent_index,cost_of_living_plus_rent_index,groceries_index,restaurant_price_index,local_purchasing_power_index
Ireland,2009,126.1,85.9,110.1,154.5,131.6,59.8
Netherlands,2009,123.8,71.9,103.2,90.1,108.5,41.6
France,2009,120.9,77.7,103.8,115.4,118.3,45.5
Belgium,2009,117.5,78.8,102.2,110.9,107.6,55.6
Sweden,2009,112.5,33.3,81.1,99.0,85.2,62.8
Austria,2009,110.4,66.0,92.8,97.7,84.8,54.4
Germany,2009,109.9,40.0,82.1,92.6,89.3,74.0
Israel,2009,106.8,58.8,87.8,110.5,67.2,42.5
Italy,2009,105.8,77.9,94.7,99.1,102.0,41.8
South Korea,2009,102.1,34.7,75.4,150.0,102.7,38.5
United Kingdom,2009,100.2,71.8,88.9,93.3,97.2,66.3
United States,2009,91.7,58.0,78.3,83.7,80.2,98.0
Portugal,2009,89.0,36.4,68.1,51.1,60.3,41.2
Australia,2009,83.3,48.2,69.4,98.9,76.7,120.0
Canada,2009,82.3,61.5,74.0,99.7,65.0,74.7
Chile,2009,79.9,22.1,56.9,55.4,40.8,40.4
Greece,2009,77.4,37.0,61.4,74.5,78.1,38.3
Singapore,2009,74.7,107.6,87.7,110.8,91.1,56.1
Hong Kong,2009,74.5,56.2,67.2,95.1,88.7,45.8
Czech Republic,2009,74.2,46.2,63.1,63.8,54.7,33.0
Brazil,2009,70.5,37.2,57.3,73.6,51.8,47.1
Latvia,2009,68.8,43.5,58.8,37.9,49.3,22.2
Jordan,2009,66.4,19.7,47.9,88.7,62.0,15.9
South Africa,2009,64.7,44.6,56.8,53.3,40.8,54.2
Serbia,2009,62.7,29.3,49.4,51.6,60.4,25.1
Hungary,2009,62.1,28.8,48.9,50.3,43.3,32.0
Colombia,2009,58.5,19.9,43.2,61.0,44.3,28.4
Bahrain,2009,58.0,82.4,67.7,70.1,67.2,49.0
Mexico,2009,54.2,22.4,41.6,40.0,48.7,42.9
Poland,2009,53.5,34.8,46.1,40.7,44.6,26.9
Bosnia And Herzegovina,2009,49.6,13.1,35.1,58.8,36.0,18.6
Bolivia,2009,46.7,21.8,36.8,27.1,37.2,32.5
China,2009,43.5,25.1,36.2,58.4,35.2,35.0
Thailand,2009,39.9,24.5,33.8,53.3,25.3,33.4
India,2009,38.5,10.5,27.4,34.0,29.5,41.4
Ukraine,2009,35.7,28.8,33.0,27.2,37.1,30.3
Norway,2010,161.3,71.6,121.2,169.8,162.6,69.1
Denmark,2010,138.9,83.5,114.1,116.6,159.1,74.1
Netherlands,2010,123.6,61.7,95.9,78.4,114.5,68.5
France,2010,123.5,67.2,98.4,101.0,132.9,70.5
Switzerland,2010,121.4,92.4,108.4,132.2,117.7,137.9
Belgium,2010,120.0,71.1,98.2,109.4,110.9,88.3
Ireland,2010,119.8,71.1,98.0,148.0,118.1,99.4
Italy,2010,115.4,63.7,92.3,94.5,113.3,51.0
Finland,2010,111.1,50.7,84.1,100.2,108.1,106.6
United Kingdom,2010,107.4,65.2,88.5,94.4,96.9,87.6
Austria,2010,107.3,59.6,86.0,96.4,87.5,89.6
Germany,2010,105.5,38.4,75.5,93.6,85.3,106.8
Sweden,2010,104.2,32.4,72.1,98.1,89.6,113.4
Australia,2010,100.5,52.7,79.2,101.9,82.2,114.4
Cyprus,2010,94.1,36.5,68.3,83.2,91.3,97.7
Spain,2010,91.3,45.8,71.0,67.4,82.2,52.1
Israel,2010,89.7,55.4,74.4,93.6,78.2,51.4
South Korea,2010,88.6,42.1,67.8,124.0,79.4,85.2
United States,2010,88.5,49.6,71.1,85.0,71.1,114.8
Japan,2010,86.7,55.2,72.6,100.5,66.9,97.8
Canada,2010,86.0,52.1,70.8,96.0,64.7,96.0
Portugal,2010,84.7,32.5,61.4,49.1,64.8,48.5
United Arab Emirates,2010,83.8,91.0,87.0,64.2,108.5,70.1
Croatia,2010,80.7,33.7,59.7,75.4,63.6,45.9
Greece,2010,77.0,32.4,57.1,76.2,78.7,61.3
Slovenia,2010,76.0,45.1,62.2,63.7,62.5,54.4
Brazil,2010,73.8,31.3,54.8,54.7,48.5,59.3
Czech Republic,2010,72.1,41.6,58.5,62.9,58.4,54.4
Latvia,2010,68.2,31.8,51.9,37.4,50.9,38.3
Chile,2010,67.5,19.7,46.1,55.4,41.6,53.3
Singapore,2010,65.9,71.8,68.6,100.3,56.4,76.8
Jordan,2010,65.6,26.4,48.1,88.2,65.2,22.1
Hong Kong,2010,64.7,58.5,61.9,93.3,50.9,53.2
Hungary,2010,64.4,21.1,45.1,53.3,48.0,32.5
Serbia,2010,62.4,24.3,45.3,49.3,60.6,35.2
Montenegro,2010,61.1,11.8,39.1,53.8,59.2,29.7
Albania,2010,60.5,13.2,39.4,51.3,52.3,27.4
Bulgaria,2010,59.8,24.9,44.2,51.3,48.1,31.5
South Africa,2010,59.4,35.3,48.7,50.9,43.3,57.8
Russia,2010,59.0,52.2,56.0,39.6,64.1,36.3
Venezuela,2010,58.9,46.9,53.6,26.9,65.2,36.2
Turkey,2010,56.9,23.7,42.0,53.7,39.9,62.2
Bahrain,2010,55.0,73.5,63.2,68.3,68.4,56.0
Colombia,2010,54.1,14.4,36.3,53.3,34.7,32.5
Iran,2010,53.9,70.2,61.2,59.6,31.2,38.0
Paraguay,2010,53.6,11.2,34.7,40.5,31.9,19.5
Argentina,2010,53.2,21.2,38.9,34.5,48.0,40.6
Poland,2010,52.6,30.7,42.8,42.6,44.9,52.2
Bosnia And Herzegovina,2010,51.2,7.9,31.8,53.6,38.8,31.3
Lithuania,2010,50.1,28.7,40.5,57.4,36.3,43.3
Mexico,2010,49.7,22.9,37.7,46.0,41.0,51.4
Romania,2010,45.7,27.5,37.5,41.4,41.2,24.3
Ecuador,2010,45.7,19.1,33.8,47.4,28.3,37.9
Belarus,2010,43.0,27.9,36.3,43.7,44.5,12.8
China,2010,40.1,26.1,33.8,65.0,29.5,36.8
Indonesia,2010,38.6,21.2,30.8,45.6,35.2,20.4
Bolivia,2010,38.0,19.4,29.7,26.4,32.9,43.1
Malaysia,2010,37.5,13.9,27.0,51.0,31.4,61.7
Thailand,2010,36.6,21.6,29.9,51.3,28.2,30.8
Pakistan,2010,32.4,9.7,22.2,35.3,30.9,37.4
Ukraine,2010,31.4,23.0,27.6,23.7,36.2,40.0
India,2010,28.7,9.6,20.2,31.0,23.9,43.6
Norway,2011,139.5,56.9,109.8,142.9,136.6,93.9
Switzerland,2011,131.0,62.1,106.2,131.5,115.1,137.1
Denmark,2011,119.7,53.9,96.1,99.0,140.3,93.3
Belgium,2011,109.4,37.4,83.6,87.9,117.3,100.1
Australia,2011,107.8,51.0,87.4,112.0,88.7,117.1
Ireland,2011,107.1,52.8,87.6,110.9,100.1,92.2
Netherlands,2011,105.7,43.3,83.3,64.0,106.4,100.3
France,2011,101.2,42.7,80.2,83.4,96.6,80.8
Sweden,2011,100.7,30.0,75.3,86.0,100.3,99.9
Finland,2011,98.7,39.8,77.5,89.7,88.1,109.8
Japan,2011,96.5,52.0,80.5,88.9,70.8,106.7
Italy,2011,95.8,38.3,75.2,78.7,95.4,66.0
Austria,2011,95.2,40.5,75.6,85.1,75.9,99.0
United Kingdom,2011,93.8,43.7,75.8,87.9,92.8,98.0
Iceland,2011,93.3,36.7,73.0,111.7,90.0,93.2
New Zealand,2011,92.6,29.4,69.9,97.0,81.1,80.4
Cyprus,2011,91.0,31.0,69.4,75.8,88.8,91.8
Greece,2011,89.8,21.1,65.1,72.2,80.7,48.8
Canada,2011,89.3,41.5,72.2,95.1,69.8,109.3
Singapore,2011,88.8,84.9,87.4,88.2,52.7,82.5
Germany,2011,87.2,32.6,67.6,75.3,70.1,118.5
Israel,2011,82.9,33.5,65.2,73.0,73.4,84.3
Saudi Arabia,2011,81.0,22.2,59.9,125.6,29.5,77.9
United Arab Emirates,2011,80.1,74.6,78.1,59.3,97.1,109.3
Malta,2011,78.2,24.0,58.7,68.2,66.0,92.3
Puerto Rico,2011,77.1,29.2,59.9,70.0,61.5,93.9
Brazil,2011,76.8,26.5,58.7,50.1,48.4,58.3
Morocco,2011,76.4,25.8,58.3,69.2,41.4,26.9
United States,2011,76.2,40.2,63.3,71.0,60.2,120.4
Spain,2011,76.1,33.5,60.8,57.5,68.6,67.7
Portugal,2011,73.1,30.6,57.8,51.6,51.4,53.6
Slovenia,2011,72.6,33.0,58.4,62.1,57.8,64.2
Hong Kong,2011,72.2,81.2,75.4,70.1,51.4,65.2
Latvia,2011,70.9,19.9,52.6,49.8,76.5,36.2
Uruguay,2011,70.3,20.1,52.3,62.0,52.4,44.5
Costa Rica,2011,69.8,22.3,52.7,75.7,58.2,44.9
South Africa,2011,69.2,27.3,54.1,59.3,50.0,86.4
Croatia,2011,68.3,18.1,50.3,65.1,48.2,51.8
Lebanon,2011,68.3,42.2,58.9,36.4,58.2,22.9
Azerbaijan,2011,67.3,59.5,64.5,47.0,57.8,33.0
Dominican Republic,2011,67.1,22.8,51.2,64.9,49.1,46.1
Russia,2011,64.0,40.0,55.4,46.9,65.9,33.8
Venezuela,2011,63.9,32.4,52.6,52.4,57.6,34.8
Jordan,2011,62.0,19.9,46.9,59.2,41.4,34.8
Turkey,2011,61.9,17.1,45.8,47.5,42.5,55.9
Lithuania,2011,61.8,19.7,46.7,56.1,41.2,31.5
Hungary,2011,61.5,16.5,45.3,52.4,43.0,38.0
Chile,2011,61.2,16.8,45.2,46.9,47.4,61.2
Czech Republic,2011,60.8,30.5,49.9,47.1,37.9,57.3
Slovakia,2011,60.0,22.0,46.4,53.7,43.3,59.3
South Korea,2011,60.0,31.1,49.6,66.8,50.2,118.7
Montenegro,2011,59.5,22.9,46.4,44.8,48.9,27.6
Estonia,2011,59.2,16.6,43.9,44.3,58.6,68.9
Armenia,2011,58.7,25.9,46.9,27.6,47.4,17.4
Argentina,2011,56.6,18.6,43.0,49.6,44.6,51.8
Taiwan,2011,55.7,22.0,43.6,56.7,32.9,92.0
Bosnia And Herzegovina,2011,55.4,8.2,38.5,49.8,34.9,38.6
Colombia,2011,54.3,13.7,39.7,44.9,32.5,39.8
Bulgaria,2011,52.1,14.3,38.5,40.1,36.8,35.0
Mexico,2011,51.5,17.3,39.2,46.0,38.9,65.0
Egypt,2011,51.3,22.4,40.9,48.4,37.7,17.7
Poland,2011,51.2,19.5,39.8,39.7,38.7,62.8
Serbia,2011,51.0,15.5,38.3,38.7,40.2,31.9
Syria,2011,49.7,13.0,36.5,41.2,33.2,22.2
Ecuador,2011,49.5,14.5,36.9,56.7,27.3,40.3
Indonesia,2011,49.3,19.1,38.5,55.8,26.8,16.6
Belarus,2011,47.9,15.9,36.4,35.8,60.1,26.0
Romania,2011,47.7,13.6,35.5,40.1,35.2,33.4
Peru,2011,46.9,17.5,36.3,50.0,32.7,42.8
Iran,2011,46.1,29.6,40.2,49.6,32.5,54.8
Ukraine,2011,45.1,17.4,35.2,29.9,41.2,29.5
Panama,2011,45.0,19.0,35.7,38.6,32.2,70.1
Malaysia,2011,44.8,11.5,32.9,40.5,23.5,86.5
Mongolia,2011,44.4,18.5,35.1,56.0,27.6,34.6
China,2011,43.4,20.3,35.1,46.8,25.4,27.4
Kenya,2011,43.2,19.8,34.8,39.5,29.7,34.9
North Macedonia,2011,41.8,10.1,30.4,35.0,28.8,38.3
Thailand,2011,41.8,21.7,34.6,46.2,24.8,23.5
Philippines,2011,39.1,9.7,28.5,33.9,19.2,37.9
Vietnam,2011,39.1,32.3,36.6,36.1,24.0,51.1
Bolivia,2011,37.4,15.2,29.4,28.3,23.4,50.5
Pakistan,2011,31.0,7.8,22.6,28.1,20.2,30.3
India,2011,30.3,9.0,22.6,28.9,18.3,62.8
Norway,2012,151.3,55.5,116.8,142.4,150.2,92.6
Switzerland,2012,141.3,58.5,111.5,130.5,123.1,127.5
Japan,2012,134.2,54.2,105.4,118.0,84.3,79.9
Monaco,2012,128.2,173.1,144.3,89.8,138.1,62.3
Australia,2012,123.0,58.8,99.9,113.7,109.0,109.5
Denmark,2012,116.5,41.3,89.4,94.1,130.7,102.0
Belgium,2012,108.7,35.0,82.2,86.0,107.5,90.4
Ireland,2012,107.8,38.1,82.7,97.1,106.1,89.6
Netherlands,2012,104.5,41.2,81.7,69.6,104.4,95.2
Iceland,2012,103.6,32.7,78.1,97.7,92.2,78.6
Sweden,2012,101.9,29.4,75.8,85.3,101.5,100.7
New Zealand,2012,101.7,31.7,76.5,95.6,86.5,85.4
United Kingdom,2012,100.1,37.9,77.7,83.7,94.1,88.3
Finland,2012,99.7,36.5,76.9,82.3,96.9,98.1
Bahrain,2012,99.5,37.5,77.2,150.5,86.9,52.8
France,2012,98.2,35.9,75.8,83.0,94.9,92.7
Canada,2012,98.0,38.3,76.6,93.8,83.2,108.2
Kuwait,2012,96.2,30.8,72.7,73.5,137.4,70.0
Singapore,2012,96.1,90.7,94.1,82.8,65.1,93.3
Israel,2012,95.5,32.1,72.6,77.3,89.5,75.0
Austria,2012,94.8,34.3,73.1,85.1,76.6,98.3
Italy,2012,94.8,34.3,73.0,76.0,95.4,68.6
Saudi Arabia,2012,93.4,18.0,66.3,135.5,39.6,82.1
Greece,2012,93.1,18.9,66.4,69.8,91.2,48.3
Cyprus,2012,89.5,22.4,65.4,74.6,92.2,77.0
Germany,2012,88.6,28.9,67.1,72.1,76.2,114.4
Lebanon,2012,86.1,37.0,68.4,45.3,69.6,24.4
Hong Kong,2012,84.4,97.0,88.9,80.5,69.0,84.3
Qatar,2012,84.3,63.5,76.8,81.6,72.9,153.6
Puerto Rico,2012,84.3,28.1,64.1,81.8,64.6,78.2
Brazil,2012,83.7,25.6,62.8,57.8,57.0,32.8
Malta,2012,83.2,19.5,60.2,70.8,69.1,91.7
United States,2012,83.1,37.4,66.6,77.6,68.7,116.5
Uruguay,2012,83.0,25.3,62.2,66.0,68.8,29.4
United Arab Emirates,2012,82.0,66.9,76.5,66.2,80.5,125.9
Spain,2012,80.2,27.3,61.2,59.0,74.8,88.0
South Africa,2012,75.6,25.4,57.5,59.7,56.3,92.5
Slovenia,2012,74.3,25.7,56.8,64.7,58.0,57.9
Morocco,2012,71.9,26.6,55.6,61.4,41.7,16.7
Azerbaijan,2012,71.2,41.0,60.4,53.2,68.2,26.4
Kazakhstan,2012,70.8,31.8,56.8,49.6,54.7,24.5
Portugal,2012,70.8,23.0,53.6,56.2,52.2,56.0
South Korea,2012,68.6,27.8,53.9,70.7,48.2,108.6
Costa Rica,2012,68.4,23.0,52.1,67.0,52.9,46.3
Latvia,2012,67.8,14.3,48.5,51.3,63.6,35.0
Croatia,2012,67.5,13.9,48.2,56.0,52.4,50.1
Chile,2012,67.4,19.8,50.3,54.2,54.3,47.1
Estonia,2012,66.9,15.1,48.3,51.3,58.7,47.8
Turkey,2012,65.3,15.5,47.4,47.3,48.2,52.6
Russia,2012,64.8,23.8,50.1,49.7,67.5,43.9
Argentina,2012,63.1,19.2,47.3,52.4,54.4,41.7
Taiwan,2012,62.9,18.7,47.0,75.3,35.6,74.9
Armenia,2012,62.8,19.6,47.2,38.4,53.2,20.7
Montenegro,2012,62.2,17.2,46.0,49.1,55.9,38.9
Lithuania,2012,62.1,14.8,45.1,53.0,41.8,33.6
Czech Republic,2012,61.4,21.3,47.0,49.0,40.9,61.9
Jordan,2012,60.4,13.3,43.5,54.9,48.2,37.0
Colombia,2012,60.0,16.6,44.4,50.2,38.8,29.3
Hungary,2012,59.7,12.7,42.7,44.6,43.6,36.8
Slovakia,2012,59.3,23.0,46.2,49.2,40.0,49.2
Georgia,2012,56.1,15.3,41.4,40.9,49.1,29.4
Peru,2012,55.1,15.7,40.9,41.9,36.2,36.0
Mexico,2012,55.1,14.0,40.3,48.5,43.2,59.0
Malaysia,2012,54.9,12.8,39.7,53.7,31.1,74.1
Iran,2012,54.8,25.2,44.2,53.9,42.2,46.2
Tunisia,2012,54.5,9.9,38.4,45.7,40.4,32.4
Panama,2012,54.0,25.3,43.7,48.9,37.7,40.9
Mongolia,2012,53.9,24.0,43.1,57.9,37.8,22.6
Indonesia,2012,51.4,17.2,39.1,57.9,30.1,18.3
Ukraine,2012,51.1,14.9,38.1,38.4,46.1,25.6
Bulgaria,2012,50.9,12.3,37.0,42.0,33.0,33.8
Ecuador,2012,50.8,12.4,37.0,46.6,29.0,26.0
Bosnia And Herzegovina,2012,50.8,8.4,35.5,41.1,39.6,44.4
Serbia,2012,50.5,11.9,36.6,36.5,40.3,31.3
Syria,2012,50.2,12.8,36.8,37.7,33.1,23.6
Thailand,2012,50.2,17.6,38.4,65.5,27.4,32.0
Poland,2012,49.7,16.9,37.9,39.4,38.4,59.2
Egypt,2012,49.6,16.0,37.5,43.4,44.8,28.2
China,2012,48.8,19.7,38.3,53.7,33.6,30.3
Nicaragua,2012,48.3,10.7,34.8,47.5,34.6,42.6
Romania,2012,47.9,12.2,35.0,39.8,35.3,34.3
Moldova,2012,47.8,12.3,35.0,38.6,40.3,27.6
Belarus,2012,45.6,10.6,33.0,33.8,52.8,23.6
Nepal,2012,44.3,4.9,30.1,36.1,30.2,24.5
Philippines,2012,43.6,11.0,31.9,43.1,23.8,29.0
Vietnam,2012,42.9,33.0,39.3,45.3,26.7,28.0
North Macedonia,2012,42.8,9.5,30.8,33.6,31.6,35.2
Algeria,2012,40.6,8.3,29.0,43.6,25.6,27.5
Pakistan,2012,36.2,6.8,25.6,31.5,29.1,28.3
India,2012,33.4,8.4,24.4,33.8,21.1,60.1
Norway,2013,173.8,69.0,123.5,162.5,183.3,95.9
Switzerland,2013,151.8,70.9,113.0,153.1,142.4,137.3
Australia,2013,133.7,72.7,104.4,128.7,116.4,103.0
Luxembourg,2013,124.8,67.7,97.4,111.8,130.8,121.4
Denmark,2013,119.9,42.9,83.0,104.0,130.5,102.1
Japan,2013,115.2,43.8,81.0,112.8,70.0,86.0
Sweden,2013,114.5,36.1,76.9,105.6,110.1,106.6
New Zealand,2013,113.6,46.1,81.2,111.7,93.5,80.6
Bahrain,2013,113.5,29.6,73.2,162.9,71.0,59.3
Iceland,2013,112.4,39.3,77.3,118.8,99.7,67.9
Ireland,2013,112.3,40.4,77.8,105.5,103.0,95.1
Venezuela,2013,111.0,41.5,77.6,126.4,93.6,16.6
Belgium,2013,108.0,39.2,75.0,90.1,115.6,94.1
Finland,2013,107.0,40.4,75.0,101.3,100.2,94.1
Singapore,2013,105.4,103.0,104.3,91.2,63.3,59.9
Netherlands,2013,103.9,45.7,76.0,81.1,107.7,92.9
France,2013,103.2,38.0,71.9,97.7,100.4,98.1
United Kingdom,2013,102.2,41.1,72.9,93.1,94.3,89.1
Italy,2013,101.4,36.2,70.1,87.3,107.4,70.4
Canada,2013,99.6,39.8,70.9,101.2,85.6,109.6
Cyprus,2013,98.6,25.0,63.3,89.3,101.2,72.5
Austria,2013,97.9,36.8,68.6,92.8,81.4,87.5
Greece,2013,92.6,18.6,57.1,74.7,95.5,49.4
Israel,2013,92.2,32.3,63.5,76.9,90.1,72.6
Germany,2013,91.6,33.2,63.6,80.7,79.7,117.6
Nigeria,2013,87.2,17.9,53.9,92.9,62.5,32.7
Malta,2013,85.6,20.6,54.4,73.7,77.6,77.8
Spain,2013,83.1,29.1,57.2,66.5,81.0,84.0
Puerto Rico,2013,82.6,25.0,54.9,83.5,65.0,94.1
Qatar,2013,82.4,84.1,83.2,75.0,78.8,136.7
Slovenia,2013,82.1,26.5,55.4,70.5,63.2,59.2
Uruguay,2013,81.7,26.1,55.0,70.5,75.7,37.6
Kuwait,2013,80.7,34.6,58.6,79.0,78.7,84.6
United States,2013,80.5,37.4,59.8,80.7,67.9,136.5
South Korea,2013,80.4,28.7,55.6,94.1,46.5,102.1
Azerbaijan,2013,78.2,41.9,60.8,67.9,64.8,20.5
Hong Kong,2013,77.8,88.6,83.0,79.8,54.5,80.3
Lebanon,2013,75.6,38.5,57.8,58.1,65.2,42.5
United Arab Emirates,2013,75.5,63.3,69.6,65.0,69.9,121.2
Portugal,2013,75.3,24.3,50.8,61.2,59.1,54.1
Croatia,2013,72.2,14.9,44.7,64.5,56.0,51.6
Saudi Arabia,2013,72.2,15.7,45.1,74.5,36.5,114.6
Estonia,2013,70.8,16.8,44.9,60.9,53.4,53.1
Argentina,2013,70.4,20.1,46.3,64.5,65.4,50.2
Brazil,2013,70.0,22.8,47.3,54.0,51.8,41.3
Russia,2013,69.7,29.4,50.3,56.9,73.6,43.0
Chile,2013,68.4,21.3,45.8,58.2,56.3,56.4
Latvia,2013,68.0,15.3,42.7,55.4,58.4,41.3
Taiwan,2013,67.8,20.5,45.1,80.0,31.7,73.0
Costa Rica,2013,66.6,20.9,44.7,71.8,54.7,45.6
Dominican Republic,2013,66.2,15.4,41.8,66.1,41.5,28.0
Slovakia,2013,65.7,24.5,45.9,56.2,44.5,53.8
Jordan,2013,65.5,15.6,41.6,56.8,56.4,36.2
Kazakhstan,2013,65.2,26.6,46.6,51.3,67.4,32.2
Turkey,2013,64.4,16.2,41.2,50.0,46.3,56.4
Hungary,2013,63.9,12.6,39.3,50.9,47.3,43.0
Czech Republic,2013,63.4,21.0,43.0,54.7,40.6,60.6
Lithuania,2013,63.3,16.2,40.7,55.4,42.0,42.2
Montenegro,2013,63.2,15.2,40.2,56.0,55.2,43.9
China,2013,61.8,25.8,44.5,66.4,36.5,37.3
Trinidad And Tobago,2013,61.6,30.6,46.7,55.8,48.4,44.3
South Africa,2013,60.2,21.4,41.6,52.9,49.8,105.3
Ethiopia,2013,59.9,24.3,42.8,62.5,26.1,11.5
Colombia,2013,58.4,14.0,37.1,52.8,38.3,29.7
Iraq,2013,57.2,18.0,38.4,50.9,46.2,33.7
Iran,2013,57.0,24.3,41.3,59.3,42.8,37.5
Kenya,2013,57.0,17.2,37.9,61.0,33.8,38.9
Cambodia,2013,55.8,9.2,33.4,64.3,24.5,15.5
Poland,2013,55.6,20.2,38.6,46.6,43.1,54.7
Tanzania,2013,54.9,13.9,35.2,59.2,24.9,66.0
Malaysia,2013,54.8,15.3,35.8,51.5,27.4,69.6
Oman,2013,54.6,27.5,41.6,51.4,39.8,129.2
Mauritius,2013,54.5,23.4,39.5,43.5,53.5,46.1
Morocco,2013,54.0,16.7,36.1,44.7,42.3,26.4
Georgia,2013,53.8,17.1,36.2,45.5,47.5,28.6
Serbia,2013,53.6,12.0,33.6,43.5,42.8,36.6
Mexico,2013,53.6,13.3,34.2,52.5,37.4,59.8
Bosnia And Herzegovina,2013,53.4,8.6,31.9,47.4,38.1,46.4
Panama,2013,53.4,28.3,41.3,58.8,36.3,37.5
Bulgaria,2013,52.7,12.4,33.3,46.9,38.8,37.7
Romania,2013,51.9,14.1,33.8,47.3,37.2,35.8
Thailand,2013,51.8,21.3,37.2,57.9,25.5,35.0
Belarus,2013,51.3,13.3,33.1,41.9,58.1,23.4
Sri Lanka,2013,50.6,14.5,33.3,55.0,29.7,27.2
Tunisia,2013,50.3,11.6,31.7,44.4,36.8,34.2
Peru,2013,48.8,15.5,32.8,42.6,31.2,45.3
Albania,2013,48.6,10.8,30.5,40.2,31.8,35.3
Ukraine,2013,48.6,14.7,32.3,41.5,43.5,32.0
Philippines,2013,48.0,10.9,30.2,51.2,26.9,25.7
Syria,2013,47.3,17.6,33.0,36.7,40.6,21.9
Moldova,2013,47.2,12.9,30.8,38.3,38.0,24.5
Ecuador,2013,46.6,12.9,30.4,48.2,26.4,25.5
North Macedonia,2013,46.5,10.7,29.3,38.4,33.2,34.9
Indonesia,2013,46.1,17.6,32.4,51.0,23.7,24.6
Bangladesh,2013,44.8,7.8,27.1,38.5,26.4,33.3
Egypt,2013,44.8,11.1,28.6,40.3,37.2,30.3
Vietnam,2013,43.2,20.8,32.4,41.8,23.7,31.9
Bolivia,2013,41.5,12.5,27.6,36.4,21.5,46.4
Algeria,2013,41.5,6.1,24.5,43.8,24.8,32.7
Nepal,2013,38.7,3.7,21.9,36.7,26.2,29.5
Pakistan,2013,33.4,6.1,20.3,32.1,25.3,26.0
India,2013,30.9,7.4,19.6,32.5,18.1,61.9
Norway,2014,144.4,58.9,102.9,135.5,165.9,94.4
Switzerland,2014,143.9,63.8,105.0,148.5,145.6,138.1
Denmark,2014,114.9,40.1,78.5,102.6,132.3,100.7
Venezuela,2014,114.4,39.6,78.0,132.1,96.2,17.9
Iceland,2014,111.8,41.1,77.4,121.1,106.1,59.5
Luxembourg,2014,109.9,64.1,87.7,97.1,126.5,115.3
Australia,2014,108.5,58.0,84.0,105.0,97.4,104.2
Ireland,2014,106.6,39.2,73.9,102.7,100.0,94.6
New Zealand,2014,104.5,42.4,74.3,104.5,90.1,87.6
Sweden,2014,103.7,33.8,69.7,100.4,103.8,106.1
Bahamas,2014,103.4,47.3,76.2,98.0,96.5,93.4
Finland,2014,103.3,35.3,70.3,100.4,103.2,97.9
France,2014,100.2,36.9,69.4,100.2,98.7,92.3
United Kingdom,2014,100.1,44.2,72.9,94.3,96.9,94.3
Belgium,2014,100.0,34.9,68.4,93.5,105.8,87.9
Singapore,2014,100.0,97.0,98.6,89.8,61.4,64.1
Netherlands,2014,98.8,40.9,70.7,78.0,115.2,97.5
Italy,2014,96.8,31.6,65.1,85.0,104.6,75.4
Japan,2014,94.1,35.5,65.7,97.6,58.8,99.6
Israel,2014,91.5,35.2,64.1,79.5,95.4,69.3
Cyprus,2014,89.8,20.9,56.3,82.4,94.5,65.2
Austria,2014,89.5,33.2,62.2,88.7,79.2,91.5
Canada,2014,87.9,35.7,62.5,94.6,78.8,105.5
South Korea,2014,87.6,37.6,63.3,106.5,51.8,80.6
Germany,2014,87.1,30.3,59.5,77.9,77.8,112.3
Greece,2014,83.8,15.1,50.4,70.5,84.8,44.3
Malta,2014,80.2,17.5,49.7,68.9,79.1,72.7
United States,2014,77.4,36.9,57.7,83.4,67.7,132.9
Uruguay,2014,77.4,25.3,52.0,68.7,71.6,39.6
Spain,2014,77.2,26.4,52.5,64.2,79.1,72.5
Puerto Rico,2014,76.5,21.2,49.6,80.0,64.4,85.3
Hong Kong,2014,76.4,87.8,81.9,82.1,51.8,71.4
Slovenia,2014,75.4,22.5,49.7,65.2,61.4,60.4
Qatar,2014,75.3,77.0,76.1,70.3,78.4,125.8
Kuwait,2014,74.1,38.8,56.9,77.6,55.9,92.5
Nigeria,2014,73.8,21.3,48.3,75.0,62.7,35.6
Jamaica,2014,73.4,19.6,47.3,71.5,54.4,54.1
Lebanon,2014,70.2,33.4,52.3,54.6,67.5,41.9
Zimbabwe,2014,69.9,20.3,45.8,66.9,53.9,27.7
Portugal,2014,69.3,22.4,46.5,57.4,58.2,54.6
Croatia,2014,69.0,13.9,42.3,62.7,54.8,48.3
United Arab Emirates,2014,68.2,64.3,66.3,61.7,65.2,110.6
Saudi Arabia,2014,68.1,15.5,42.6,69.6,34.9,100.0
Estonia,2014,67.3,18.1,43.4,58.6,54.8,48.7
Argentina,2014,66.8,17.6,42.9,63.2,64.2,57.1
Latvia,2014,66.0,16.4,41.9,54.3,53.9,40.2
Costa Rica,2014,65.6,18.8,42.9,69.4,55.5,42.4
Ghana,2014,64.6,40.8,53.0,70.5,57.8,15.1
Kazakhstan,2014,63.1,22.6,43.5,53.5,64.1,37.3
Azerbaijan,2014,63.1,34.9,49.4,54.5,65.4,24.9
Russia,2014,61.8,29.6,46.2,50.9,68.5,37.3
Slovakia,2014,61.5,22.0,42.3,55.3,43.2,52.4
Jordan,2014,61.5,15.2,39.0,53.7,54.5,38.3
Brazil,2014,60.6,21.8,41.7,49.3,47.5,43.3
Taiwan,2014,60.2,19.1,40.2,74.0,29.5,82.3
Chile,2014,60.2,18.3,39.8,54.3,50.0,58.3
Lithuania,2014,60.0,14.6,37.9,52.8,41.9,43.2
Namibia,2014,59.8,24.3,42.6,52.7,47.8,35.0
Mauritius,2014,59.5,26.7,43.6,52.8,58.0,69.4
Hungary,2014,59.3,10.7,35.7,48.1,43.6,44.9
Bahrain,2014,59.1,36.1,47.9,57.6,56.2,62.0
Trinidad And Tobago,2014,58.8,22.1,41.0,57.6,49.3,41.1
Uganda,2014,58.7,12.9,36.4,55.2,27.1,24.5
Dominican Republic,2014,58.0,12.6,35.9,59.0,40.9,33.7
Montenegro,2014,57.3,11.6,35.1,49.9,50.1,38.7
Czech Republic,2014,56.6,17.6,37.7,51.0,37.3,62.3
Oman,2014,56.0,30.4,43.6,53.5,40.7,112.3
Ethiopia,2014,55.5,21.8,39.1,55.4,28.2,11.9
China,2014,54.1,24.3,39.6,57.1,37.8,43.7
Poland,2014,53.7,18.9,36.8,45.2,44.2,57.6
Cambodia,2014,53.6,13.0,33.9,64.3,25.1,15.3
Kenya,2014,53.6,19.2,36.9,59.5,34.2,30.9
El Salvador,2014,53.1,10.3,32.3,50.6,35.9,24.1
Libya,2014,52.3,20.2,36.7,61.3,42.8,42.8
Panama,2014,52.2,31.4,42.1,59.8,40.4,44.6
Guatemala,2014,52.0,15.5,34.3,54.2,33.3,38.8
Serbia,2014,51.6,10.9,31.8,42.7,42.7,37.4
Iraq,2014,51.3,17.8,35.0,45.8,46.2,37.2
Honduras,2014,51.0,12.2,32.2,42.9,33.6,38.2
Peru,2014,50.9,15.4,33.7,47.5,36.1,35.5
Colombia,2014,50.4,14.7,33.0,47.7,34.8,33.4
Belarus,2014,50.3,15.9,33.6,46.2,55.8,33.9
Tanzania,2014,50.1,20.4,35.6,52.3,27.1,39.9
Bulgaria,2014,50.0,11.0,31.0,45.3,38.0,37.4
Turkey,2014,49.9,12.8,31.9,40.6,37.5,55.8
Bosnia And Herzegovina,2014,49.8,8.3,29.6,45.3,33.6,44.5
Iran,2014,49.5,20.5,35.4,52.6,41.5,30.3
Albania,2014,49.0,10.9,30.5,41.4,35.3,33.3
Malaysia,2014,48.7,15.2,32.4,47.6,26.6,70.5
South Africa,2014,48.6,17.7,33.6,42.3,43.7,96.0
Romania,2014,48.2,12.2,30.7,43.9,37.2,36.5
Morocco,2014,47.5,14.4,31.4,41.7,38.6,29.6
Mexico,2014,47.0,12.1,30.0,49.0,35.4,60.5
Armenia,2014,46.7,13.9,30.7,36.7,41.1,23.6
Georgia,2014,46.2,12.6,29.9,37.0,41.4,23.5
Thailand,2014,45.9,18.3,32.5,52.9,23.8,37.0
Ukraine,2014,45.6,15.1,30.8,40.8,40.2,31.0
Ecuador,2014,45.2,14.2,30.1,47.4,27.7,27.0
Vietnam,2014,44.9,15.2,30.4,41.1,23.3,26.3
North Macedonia,2014,44.2,9.1,27.2,37.7,32.4,33.3
Sri Lanka,2014,42.8,9.8,26.8,52.2,25.0,31.0
Syria,2014,42.7,12.2,27.9,38.6,35.5,21.5
Moldova,2014,41.6,10.0,26.2,35.9,31.1,22.9
Tunisia,2014,41.3,9.8,26.0,38.4,28.7,34.4
Bolivia,2014,41.0,13.6,27.7,36.9,24.6,45.7
Bangladesh,2014,40.4,6.6,24.0,41.3,26.0,33.6
Philippines,2014,40.3,8.3,24.8,42.4,23.2,30.0
Algeria,2014,39.1,8.9,24.5,40.1,27.5,32.1
Indonesia,2014,39.0,12.8,26.3,44.2,20.9,26.4
Egypt,2014,38.3,9.4,24.2,37.1,32.7,25.6
Nepal,2014,31.4,3.5,17.8,30.5,19.8,23.4
Pakistan,2014,29.7,4.7,17.5,29.2,22.3,31.5
India,2014,26.7,7.0,17.1,29.2,16.0,62.3
Switzerland,2015,126.0,57.6,92.6,128.4,127.6,146.5
Norway,2015,118.6,48.7,84.4,110.1,141.5,96.3
Venezuela,2015,111.0,34.1,73.4,128.4,91.1,11.9
Iceland,2015,102.1,35.9,69.8,103.8,105.2,70.8
Denmark,2015,100.6,34.7,68.4,88.6,117.5,105.7
Australia,2015,99.3,49.5,75.0,94.3,90.6,110.4
New Zealand,2015,93.7,35.8,65.4,92.5,86.3,91.0
Singapore,2015,93.6,84.6,89.2,81.5,59.5,75.4
Kuwait,2015,93.0,40.9,67.5,118.4,54.6,85.7
United Kingdom,2015,92.2,39.2,66.3,84.6,96.0,98.1
Ireland,2015,92.1,37.5,65.4,85.1,91.6,95.7
Luxembourg,2015,91.8,62.3,77.4,77.1,110.6,114.7
Finland,2015,89.7,29.9,60.5,84.3,92.4,101.2
France,2015,88.4,31.1,60.4,85.3,91.1,92.6
Belgium,2015,87.2,31.0,59.7,79.5,95.9,86.2
Netherlands,2015,86.0,35.5,61.3,66.8,102.1,102.0
Sweden,2015,82.9,27.5,55.8,78.7,90.0,110.9
South Korea,2015,82.9,35.6,59.8,98.1,52.5,85.8
Italy,2015,82.7,25.7,54.9,71.4,93.1,79.4
Canada,2015,81.8,33.1,58.0,87.4,74.1,105.1
Japan,2015,80.4,29.7,55.6,82.7,50.5,98.2
Israel,2015,79.3,30.3,55.3,69.2,85.3,88.2
Austria,2015,76.9,29.2,53.6,73.6,70.4,104.6
United States,2015,76.5,36.2,56.8,81.8,68.1,126.1
Germany,2015,76.3,27.2,52.3,64.9,72.5,111.8
Hong Kong,2015,75.2,81.1,78.1,79.5,53.8,74.9
Qatar,2015,74.0,76.3,75.1,65.4,78.1,113.0
Puerto Rico,2015,73.5,19.7,47.2,76.4,63.6,94.4
Cyprus,2015,72.5,16.2,45.0,66.1,75.2,71.0
Ghana,2015,71.8,54.2,63.2,73.4,59.1,14.2
Greece,2015,68.9,11.9,41.0,58.2,70.0,51.9
Malta,2015,68.8,18.3,44.1,58.1,75.9,72.5
Belize,2015,68.7,11.4,40.7,63.9,42.5,120.0
Uruguay,2015,68.6,21.8,45.7,60.6,64.6,44.9
Lebanon,2015,67.6,31.7,50.1,51.6,67.4,50.2
United Arab Emirates,2015,67.2,66.9,67.0,60.3,63.7,104.6
Argentina,2015,67.1,18.3,43.2,61.5,64.4,59.4
Zimbabwe,2015,65.9,19.8,43.4,59.4,54.3,33.4
Spain,2015,65.7,21.5,44.1,54.2,71.1,76.7
Slovenia,2015,65.1,17.3,41.8,55.6,54.0,64.2
Jamaica,2015,63.6,14.8,39.7,59.4,44.1,43.5
Costa Rica,2015,62.5,18.2,40.9,64.4,52.8,48.1
Russia,2015,61.9,28.7,45.7,49.9,71.8,38.9
Jordan,2015,61.4,15.3,38.8,50.9,58.6,38.7
Estonia,2015,61.2,16.2,39.2,49.0,51.5,51.4
Mauritius,2015,60.1,20.9,40.9,51.3,52.3,60.1
Mozambique,2015,59.9,34.2,47.3,52.7,71.2,41.2
Nigeria,2015,59.4,22.4,41.3,54.0,49.6,40.2
Azerbaijan,2015,59.1,30.5,45.1,50.2,64.7,29.2
Trinidad And Tobago,2015,59.1,22.2,41.0,60.1,51.0,47.0
Croatia,2015,58.9,11.8,35.9,52.3,46.4,50.5
Portugal,2015,58.2,18.3,38.7,47.4,51.1,58.2
Tanzania,2015,57.1,29.6,43.7,58.2,39.0,47.2
Taiwan,2015,57.1,17.2,37.6,66.7,27.9,69.9
Cambodia,2015,57.0,14.8,36.4,68.9,26.1,11.9
Bahrain,2015,56.2,37.4,47.0,55.3,54.2,59.7
Dominican Republic,2015,55.9,12.3,34.6,55.2,44.2,28.2
Latvia,2015,55.9,13.0,35.0,44.8,47.2,44.4
Uzbekistan,2015,55.9,13.7,35.3,49.9,43.1,23.2
Brazil,2015,55.3,18.5,37.3,44.3,45.4,41.2
Panama,2015,55.2,31.2,43.5,61.0,40.4,43.3
Kazakhstan,2015,54.3,19.4,37.2,44.4,59.0,43.5
Oman,2015,54.2,29.0,41.9,47.4,44.4,106.8
Uganda,2015,53.9,8.3,31.6,49.8,26.6,16.9
Namibia,2015,53.7,20.7,37.5,46.7,51.4,42.9
Palestine,2015,53.3,7.5,30.9,48.5,36.0,46.1
Chile,2015,53.2,17.1,35.6,47.8,44.6,55.1
Honduras,2015,53.1,10.1,32.1,49.7,33.9,62.6
Myanmar,2015,53.0,27.5,40.5,59.4,26.4,21.2
Lithuania,2015,52.8,13.6,33.6,44.6,37.5,46.9
Libya,2015,52.1,19.1,36.0,58.1,47.7,44.3
Slovakia,2015,51.6,17.4,34.9,46.9,38.1,56.0
Ethiopia,2015,51.5,16.9,34.6,50.3,24.8,15.9
El Salvador,2015,50.6,10.6,31.1,44.5,36.3,28.7
Guatemala,2015,50.4,14.0,32.6,51.5,35.8,38.0
Saudi Arabia,2015,50.4,15.2,33.2,46.9,34.8,126.2
Belarus,2015,50.2,17.6,34.3,45.4,57.9,35.8
Kenya,2015,50.0,17.1,33.9,50.6,34.8,28.7
Turkey,2015,49.6,11.5,31.0,39.9,38.7,53.6
Peru,2015,49.4,17.0,33.6,47.6,34.3,30.6
Hungary,2015,48.9,9.5,29.7,39.3,37.8,46.9
China,2015,48.9,22.4,36.0,50.2,36.5,48.6
Czech Republic,2015,48.5,16.6,32.9,43.8,33.0,68.1
Iraq,2015,48.2,18.0,33.4,41.9,43.3,41.2
Montenegro,2015,48.1,9.6,29.3,40.3,41.5,40.2
Nicaragua,2015,47.8,7.9,28.3,43.3,28.3,20.6
Thailand,2015,46.5,16.7,32.0,52.7,24.7,38.8
Malaysia,2015,46.0,13.4,30.1,45.9,25.4,73.5
South Africa,2015,45.6,17.0,31.6,40.4,41.5,101.8
Ecuador,2015,45.6,14.0,30.1,46.3,29.3,28.0
Poland,2015,45.1,15.1,30.5,36.5,38.8,63.5
Iran,2015,44.5,17.8,31.5,46.0,40.1,30.6
Bulgaria,2015,43.6,9.5,26.9,38.5,33.8,39.9
Serbia,2015,43.3,8.5,26.3,35.0,37.2,39.1
Romania,2015,42.4,10.0,26.6,37.4,35.1,40.6
Bosnia And Herzegovina,2015,42.3,7.3,25.2,37.5,29.1,44.7
Albania,2015,41.9,8.5,25.6,34.1,33.2,34.8
Vietnam,2015,41.9,14.9,28.7,39.4,22.7,21.3
Sri Lanka,2015,41.7,10.7,26.6,50.8,22.8,28.2
Ukraine,2015,41.3,12.7,27.3,35.5,38.2,27.9
Mexico,2015,41.3,11.7,26.8,42.4,33.3,59.5
Armenia,2015,40.7,9.6,25.5,33.2,32.7,27.7
Kosovo (Disputed Territory),2015,40.2,14.8,27.7,30.5,29.7,29.2
Bolivia,2015,40.0,10.8,25.8,33.9,26.0,41.1
Philippines,2015,40.0,7.5,24.1,41.1,23.1,35.4
Morocco,2015,39.8,10.3,25.4,34.8,32.3,35.5
Georgia,2015,39.6,11.9,26.1,31.8,37.9,26.2
Indonesia,2015,39.3,13.8,26.9,44.1,21.9,26.0
Bangladesh,2015,39.2,5.8,22.9,40.1,25.5,33.4
Colombia,2015,38.9,12.9,26.2,36.2,29.6,36.1
Syria,2015,38.2,10.3,24.6,35.4,31.3,23.1
North Macedonia,2015,37.4,7.0,22.6,32.0,28.5,35.5
Egypt,2015,37.2,9.0,23.4,35.1,32.0,25.8
Moldova,2015,34.7,7.7,21.5,29.7,28.4,23.7
Algeria,2015,34.1,7.8,21.3,34.0,27.0,36.9
Tunisia,2015,34.1,8.5,21.6,32.0,23.3,36.7
Pakistan,2015,30.7,4.8,18.1,30.4,23.5,33.2
Nepal,2015,28.9,3.2,16.3,27.8,18.7,21.3
India,2015,26.3,6.8,16.7,28.5,15.9,65.8
Bermuda,2016,133.7,120.1,127.2,131.9,121.3,118.5
Switzerland,2016,123.1,55.1,90.4,123.9,119.1,178.7
Bahamas,2016,107.5,38.2,74.2,107.1,88.4,59.0
Norway,2016,99.8,37.0,69.6,93.3,110.8,125.8
Iceland,2016,96.5,35.4,67.1,91.4,98.8,94.0
Denmark,2016,84.9,30.8,58.9,69.2,97.9,142.1
Singapore,2016,83.7,73.9,79.0,75.8,53.8,110.5
Luxembourg,2016,82.0,48.9,66.1,69.2,90.3,154.4
Kuwait,2016,81.6,38.3,60.8,96.1,46.0,113.6
Hong Kong,2016,81.5,82.6,82.0,88.8,50.7,102.3
Japan,2016,81.3,29.8,56.5,86.9,47.4,117.6
United Kingdom,2016,81.0,36.3,59.5,68.5,86.7,120.0
Australia,2016,78.5,41.0,60.4,74.7,74.8,147.3
New Zealand,2016,78.2,29.7,54.9,72.1,75.4,115.5
Ireland,2016,78.0,37.9,58.7,66.6,82.3,125.7
Israel,2016,75.7,26.8,52.2,65.7,77.3,115.5
Sweden,2016,75.7,25.2,51.4,67.9,79.2,128.2
Belgium,2016,75.4,31.4,54.3,67.2,82.9,106.7
France,2016,75.3,26.2,51.7,69.6,73.5,118.5
Finland,2016,75.2,27.0,52.1,66.6,76.8,132.9
United States,2016,74.1,38.4,56.9,75.7,69.1,139.2
South Korea,2016,73.2,34.4,54.5,86.2,41.2,120.6
Netherlands,2016,72.1,31.8,52.7,56.1,80.7,129.3
Qatar,2016,70.0,74.5,72.2,59.5,69.3,141.9
Italy,2016,68.8,21.5,46.0,58.6,75.3,105.7
Puerto Rico,2016,66.7,19.7,44.1,65.9,58.7,108.3
Austria,2016,66.6,26.2,47.2,61.7,62.6,120.5
United Arab Emirates,2016,66.1,68.3,67.1,57.2,59.8,136.4
Germany,2016,65.5,24.0,45.6,53.1,60.7,147.6
Canada,2016,64.8,26.8,46.6,65.0,60.0,134.8
Argentina,2016,64.1,18.1,42.0,52.5,64.2,74.9
Macao,2016,64.1,43.5,54.2,55.8,46.4,99.4
Ghana,2016,63.4,53.3,58.6,59.3,51.9,18.4
Lebanon,2016,63.1,35.1,49.6,48.8,59.7,66.6
Malta,2016,61.4,20.2,41.6,51.9,66.6,82.8
Venezuela,2016,60.0,11.5,36.7,73.7,47.1,14.3
Belize,2016,59.4,11.9,36.6,51.2,38.1,146.3
Costa Rica,2016,57.8,16.1,37.8,56.9,46.5,67.6
Cyprus,2016,57.0,13.1,35.9,48.0,59.7,93.8
Spain,2016,56.1,18.9,38.2,46.0,57.0,105.3
Taiwan,2016,55.8,14.7,36.1,64.6,25.1,106.4
Jamaica,2016,55.7,12.6,35.0,54.1,38.7,48.8
Trinidad And Tobago,2016,55.7,22.4,39.7,53.8,48.6,68.2
Uruguay,2016,55.6,15.8,36.5,48.1,52.8,50.6
Zimbabwe,2016,54.5,14.6,35.3,46.0,45.4,36.4
Greece,2016,54.4,9.5,32.8,44.7,55.1,79.3
Oman,2016,53.1,24.7,39.5,47.1,43.9,148.2
Jordan,2016,53.1,12.0,33.4,43.8,52.4,50.9
Palestine,2016,52.9,9.2,31.9,49.8,38.0,53.5
Panama,2016,52.6,30.5,42.0,55.3,40.4,48.1
Slovenia,2016,52.2,14.7,34.2,42.8,42.8,89.8
Brunei,2016,51.9,20.2,36.7,50.6,33.0,94.3
Myanmar,2016,51.6,20.2,36.5,49.6,28.4,33.3
Dominican Republic,2016,51.4,12.1,32.5,48.0,39.3,36.4
Iraq,2016,50.6,17.4,34.6,42.1,45.9,57.2
Portugal,2016,49.8,15.3,33.2,40.6,41.6,75.5
Tanzania,2016,49.5,25.7,38.1,42.8,35.7,53.9
Estonia,2016,48.9,13.5,31.9,38.5,44.1,77.4
Croatia,2016,48.2,9.7,29.7,40.7,37.6,67.9
Bahrain,2016,48.2,33.7,41.2,44.1,48.6,101.0
China,2016,48.1,23.2,36.1,53.3,29.3,77.4
Mauritius,2016,47.9,15.1,32.1,44.1,37.2,71.9
Honduras,2016,47.8,9.6,29.5,44.3,33.5,70.7
Saudi Arabia,2016,47.6,13.8,31.3,41.8,30.0,167.9
Cambodia,2016,47.3,12.4,30.5,52.2,22.6,16.4
Nigeria,2016,47.2,22.9,35.5,42.7,35.8,48.9
Latvia,2016,47.1,12.7,30.6,36.3,40.4,61.5
Lithuania,2016,45.6,12.4,29.6,37.3,35.4,61.3
Zambia,2016,45.5,21.3,33.9,34.0,31.6,142.2
Turkey,2016,45.1,10.5,28.4,39.9,31.9,64.1
Slovakia,2016,45.0,15.0,30.6,40.6,31.8,68.8
Uzbekistan,2016,44.7,12.6,29.2,40.8,29.4,31.1
Ecuador,2016,44.3,12.1,28.8,43.4,27.9,47.6
Ethiopia,2016,44.3,21.3,33.2,38.4,24.3,20.7
Guatemala,2016,44.1,11.4,28.4,41.8,33.0,51.6
Chile,2016,43.9,13.1,29.1,38.5,36.2,78.4
Fiji,2016,43.8,15.5,30.2,49.5,34.1,42.4
El Salvador,2016,42.6,9.8,26.8,38.4,28.8,43.2
Czech Republic,2016,41.8,14.4,28.7,36.5,28.3,89.9
Hungary,2016,41.3,10.5,26.5,33.2,30.8,56.3
Iran,2016,41.1,16.4,29.2,38.6,35.1,47.7
Thailand,2016,40.0,15.2,28.1,43.8,20.2,40.1
Kenya,2016,39.8,12.7,26.8,37.9,29.1,31.1
Namibia,2016,39.7,16.7,28.7,32.7,35.7,49.2
Libya,2016,39.7,14.1,27.4,39.7,32.2,62.5
Vietnam,2016,39.5,13.9,27.2,39.5,18.2,25.9
Montenegro,2016,39.5,9.2,24.9,31.8,35.8,52.5
Belarus,2016,39.4,13.2,26.9,32.4,49.3,39.2
Brazil,2016,38.9,12.3,26.1,29.9,31.5,48.7
Poland,2016,38.5,13.5,26.5,30.8,31.7,80.8
Russia,2016,38.5,17.1,28.2,32.2,42.1,57.4
Peru,2016,38.0,13.1,26.0,35.5,25.2,47.5
Botswana,2016,37.6,8.5,23.6,31.5,30.0,76.3
Malaysia,2016,37.5,11.1,24.8,37.5,19.8,96.3
Bolivia,2016,37.4,10.0,24.3,30.6,24.4,54.0
Egypt,2016,36.7,9.6,23.7,33.1,31.8,40.3
Bulgaria,2016,36.4,8.5,22.9,30.9,29.9,59.2
Indonesia,2016,36.3,9.9,23.6,40.9,18.4,35.5
Morocco,2016,35.6,9.7,23.1,31.7,24.0,48.7
Bangladesh,2016,35.5,5.3,21.0,32.6,21.3,44.5
Armenia,2016,35.5,9.8,23.1,28.3,31.0,33.1
Mexico,2016,35.0,9.9,22.9,33.7,28.2,76.5
Romania,2016,34.8,8.6,22.2,28.8,29.2,61.9
South Africa,2016,34.7,13.2,24.4,29.2,32.3,126.1
Philippines,2016,34.7,6.7,21.3,34.6,18.6,42.9
Bosnia And Herzegovina,2016,34.6,5.8,20.8,29.8,24.1,60.6
Sri Lanka,2016,34.1,8.6,21.9,38.5,21.2,33.0
Albania,2016,33.8,7.1,21.0,27.3,27.6,43.6
Serbia,2016,33.6,6.7,20.6,25.8,25.6,49.6
Syria,2016,31.7,8.0,20.3,29.8,23.7,25.8
North Macedonia,2016,31.0,5.9,19.0,26.1,21.2,46.7
Tunisia,2016,30.7,7.1,19.3,29.9,18.3,46.2
Colombia,2016,29.2,9.5,19.7,24.7,20.9,46.0
Azerbaijan,2016,28.9,11.1,20.4,24.2,28.4,41.1
Algeria,2016,28.9,7.1,18.4,30.5,18.8,49.5
Georgia,2016,28.7,10.6,20.0,24.6,26.9,30.9
Ukraine,2016,28.6,9.5,19.4,22.4,22.7,29.7
Nepal,2016,27.3,3.0,15.6,25.0,14.4,31.2
Kazakhstan,2016,26.8,9.5,18.5,21.5,27.6,59.3
Pakistan,2016,26.7,4.7,16.1,25.4,20.6,43.3
Moldova,2016,25.7,7.1,16.8,20.4,18.6,32.0
India,2016,24.1,6.4,15.6,24.9,15.3,89.6
Bermuda,2017,146.2,104.8,126.3,139.6,151.4,91.6
Switzerland,2017,122.1,56.6,90.7,122.7,119.8,95.3
Iceland,2017,111.7,46.5,80.5,103.9,119.7,77.6
Norway,2017,106.3,39.9,74.5,98.3,117.1,105.6
Bahamas,2017,104.0,40.6,73.6,103.5,90.0,34.8
Us Virgin Islands,2017,85.9,37.2,62.6,75.4,81.1,95.8
Japan,2017,85.3,27.6,57.6,89.9,47.8,102.5
Italy,2017,83.7,21.5,53.9,73.9,76.2,71.8
Denmark,2017,83.0,35.0,60.0,63.8,101.0,98.8
Singapore,2017,82.4,70.2,76.6,71.7,58.3,92.7
New Zealand,2017,80.8,33.8,58.3,73.1,77.5,89.9
Australia,2017,80.7,42.5,62.4,76.9,77.1,101.9
Hong Kong,2017,80.0,84.1,81.9,81.9,54.9,81.5
Israel,2017,77.7,28.4,54.1,65.4,81.4,94.5
Luxembourg,2017,77.3,49.9,64.2,65.9,87.3,97.4
Ireland,2017,77.0,40.6,59.6,62.2,81.4,103.5
Sweden,2017,75.9,26.9,52.4,67.9,78.3,107.2
United States,2017,75.4,40.3,58.6,75.6,70.0,123.2
South Korea,2017,75.4,22.0,49.8,88.5,44.6,102.4
Belgium,2017,75.4,29.6,53.4,65.8,82.3,91.0
Kuwait,2017,75.2,37.8,57.3,81.4,45.8,69.7
France,2017,74.9,24.8,50.9,69.5,72.9,87.3
Finland,2017,73.1,27.0,51.0,61.5,76.4,115.0
Netherlands,2017,72.5,32.4,53.3,55.9,82.3,86.5
Austria,2017,71.5,25.9,49.6,65.9,66.9,95.7
Uruguay,2017,70.3,18.6,45.5,56.8,67.6,32.9
Canada,2017,70.2,29.8,50.8,69.3,65.6,108.0
Puerto Rico,2017,69.6,19.5,45.6,66.8,63.3,83.0
United Kingdom,2017,69.5,31.0,51.0,55.8,76.8,96.9
Qatar,2017,69.2,66.8,68.1,56.1,72.7,111.3
United Arab Emirates,2017,68.0,68.8,68.4,55.4,63.9,116.8
Germany,2017,65.5,25.4,46.3,50.1,62.6,124.9
Malta,2017,62.8,23.2,43.8,52.8,66.9,68.1
Macao,2017,62.6,39.0,51.3,56.3,48.6,86.4
Lebanon,2017,61.7,30.9,46.9,46.9,60.2,53.6
Taiwan,2017,61.4,14.8,39.1,72.9,28.1,118.6
Ghana,2017,60.5,46.7,53.9,56.3,43.4,14.5
Jordan,2017,59.2,12.5,36.8,50.2,56.2,42.3
Costa Rica,2017,58.6,18.8,39.5,57.6,45.4,53.6
Bahrain,2017,57.8,31.6,45.3,55.5,49.2,94.8
Jamaica,2017,56.9,11.9,35.3,56.0,39.0,36.6
Panama,2017,56.9,31.9,44.9,57.4,47.4,38.5
Trinidad And Tobago,2017,56.2,21.1,39.4,53.5,51.9,57.1
Greece,2017,55.9,10.2,34.0,45.0,54.6,58.2
Belize,2017,55.8,11.3,34.5,49.3,33.4,134.3
Mongolia,2017,55.6,29.7,43.1,54.0,31.8,22.8
Spain,2017,55.0,18.8,37.7,44.7,53.7,87.9
Cyprus,2017,54.1,12.3,34.0,44.1,58.0,95.9
Palestine,2017,53.5,10.3,32.8,50.0,37.8,50.5
Slovenia,2017,53.2,14.1,34.5,43.5,43.1,78.2
Fiji,2017,53.1,27.4,40.8,57.1,36.8,33.7
Brazil,2017,53.1,15.5,35.1,41.6,42.3,42.4
Oman,2017,52.6,27.9,40.8,49.3,51.3,111.9
Argentina,2017,52.6,13.9,34.0,44.1,50.4,58.4
Dominican Republic,2017,52.1,12.5,33.1,46.9,42.3,29.1
Zimbabwe,2017,51.6,13.6,33.4,44.7,40.0,27.2
Mauritius,2017,50.4,12.6,32.3,43.3,35.8,50.8
Chile,2017,50.1,15.4,33.5,43.2,44.4,61.3
Estonia,2017,49.5,14.0,32.5,36.7,46.8,68.5
Portugal,2017,49.2,16.8,33.7,39.1,41.2,62.7
Tanzania,2017,48.5,22.8,36.2,37.6,33.5,41.9
Saudi Arabia,2017,48.4,14.4,32.1,40.5,30.2,138.1
Croatia,2017,48.0,10.1,29.8,39.9,37.5,60.7
Latvia,2017,47.8,12.1,30.7,36.7,41.2,52.5
Honduras,2017,47.4,11.6,30.2,39.4,36.3,37.5
Iraq,2017,47.0,15.2,31.8,39.2,44.4,55.1
Cambodia,2017,46.8,14.5,31.3,50.6,22.1,16.6
Lithuania,2017,46.7,13.3,30.7,36.2,40.1,51.7
Namibia,2017,46.5,21.0,34.3,40.9,43.2,50.5
Ecuador,2017,46.1,12.4,30.0,44.9,30.4,37.8
Guatemala,2017,46.0,14.3,30.8,43.9,32.6,48.2
El Salvador,2017,45.9,9.4,28.4,41.2,35.2,29.7
Libya,2017,45.8,18.8,32.9,47.0,35.7,132.7
Ethiopia,2017,45.7,20.8,33.8,36.9,23.9,16.7
Slovakia,2017,44.9,16.5,31.3,38.8,33.2,64.7
China,2017,44.8,18.7,32.3,47.7,29.7,67.8
Zambia,2017,44.7,21.9,33.8,33.8,32.3,89.9
Thailand,2017,43.7,14.9,29.9,48.3,21.4,34.3
South Africa,2017,43.1,16.3,30.3,36.3,40.2,99.0
Hungary,2017,42.8,12.7,28.3,33.6,32.7,47.5
Russia,2017,42.0,17.6,30.3,33.6,43.8,48.3
Czech Republic,2017,41.2,14.8,28.6,35.8,28.0,76.2
Indonesia,2017,41.1,11.7,27.0,45.8,20.3,27.6
Malaysia,2017,40.2,11.2,26.3,42.4,20.9,73.3
Vietnam,2017,40.1,15.5,28.3,39.6,20.5,24.8
Peru,2017,39.5,17.2,28.8,36.2,25.5,41.2
Montenegro,2017,39.3,9.5,25.1,31.1,35.0,46.6
Kenya,2017,39.0,9.7,25.0,37.6,30.0,31.0
Bolivia,2017,38.7,11.1,25.4,32.1,28.0,46.7
Turkey,2017,38.6,10.6,25.2,33.5,26.4,55.6
Venezuela,2017,38.3,7.5,23.5,39.4,37.3,3.3
Iran,2017,38.3,17.0,28.1,33.5,33.2,43.2
Poland,2017,38.1,13.9,26.5,29.7,31.5,71.8
Nigeria,2017,36.8,17.6,27.6,37.0,22.4,25.2
Bulgaria,2017,36.5,8.9,23.3,30.5,29.6,51.4
Bangladesh,2017,36.1,5.6,21.5,32.7,24.9,37.0
Romania,2017,35.6,9.6,23.2,29.0,30.2,53.4
Morocco,2017,35.5,10.4,23.5,31.5,23.9,41.2
Bosnia And Herzegovina,2017,35.0,6.2,21.2,29.8,24.2,51.3
Philippines,2017,34.7,7.3,21.6,33.9,19.9,36.0
Colombia,2017,34.4,10.7,23.1,28.8,25.0,37.6
Uganda,2017,34.1,6.8,21.1,29.4,20.8,19.4
Armenia,2017,33.9,9.9,22.4,26.8,31.0,32.9
Belarus,2017,33.8,12.2,23.5,27.2,37.6,36.4
Serbia,2017,33.8,7.2,21.1,25.0,27.2,40.8
Sri Lanka,2017,33.5,8.7,21.6,36.8,19.5,30.3
Albania,2017,32.4,6.3,19.9,26.1,25.1,34.5
Algeria,2017,32.4,6.8,20.1,32.5,20.1,36.7
North Macedonia,2017,30.9,6.0,19.0,25.4,20.7,39.8
Kazakhstan,2017,30.7,11.3,21.4,24.8,32.0,44.8
Nepal,2017,30.0,3.4,17.2,26.4,16.3,25.1
Mexico,2017,29.8,8.4,19.5,28.1,25.8,60.1
Tunisia,2017,28.7,6.1,17.9,27.6,16.9,40.2
Moldova,2017,28.4,7.9,18.5,22.0,20.3,29.4
Syria,2017,28.3,6.0,17.6,26.7,22.2,14.1
Azerbaijan,2017,27.8,10.7,19.6,22.9,29.2,30.8
Georgia,2017,27.4,8.6,18.4,22.3,26.7,33.0
Pakistan,2017,27.2,5.0,16.6,24.8,21.0,39.9
Ukraine,2017,26.2,9.4,18.1,19.9,19.7,26.9
India,2017,25.1,6.8,16.3,25.2,16.4,76.7
Egypt,2017,22.4,5.0,14.1,19.0,18.6,29.4
Bermuda,2018,144.9,100.7,123.6,143.4,151.6,104.2
Switzerland,2018,131.4,53.8,94.0,133.3,131.9,126.1
Iceland,2018,124.0,54.6,90.5,119.0,132.6,87.8
Norway,2018,113.7,40.9,78.6,106.5,125.0,108.0
Bahamas,2018,100.7,35.3,69.2,88.4,102.1,71.4
Luxembourg,2018,96.6,59.9,78.9,85.0,107.9,116.7
Denmark,2018,93.3,36.6,66.0,72.5,113.4,117.5
Singapore,2018,91.4,71.9,82.0,83.6,64.4,95.9
Japan,2018,86.6,25.6,57.2,91.6,49.2,107.4
Israel,2018,86.5,35.6,62.0,72.4,94.9,102.3
Ireland,2018,85.4,47.2,67.0,69.5,93.2,96.1
Australia,2018,84.3,41.8,63.8,80.7,81.6,123.0
France,2018,83.9,28.6,57.2,78.1,81.9,101.2
Sweden,2018,83.7,28.0,56.8,76.1,86.7,113.0
New Zealand,2018,83.4,33.8,59.5,77.0,79.0,98.6
Belgium,2018,83.3,28.1,56.7,72.8,93.2,98.9
South Korea,2018,82.9,23.4,54.2,99.7,49.0,109.4
Netherlands,2018,82.7,36.2,60.3,65.8,92.7,109.5
Finland,2018,81.7,29.7,56.6,68.8,86.9,119.4
Austria,2018,81.5,29.3,56.3,76.8,75.8,98.7
Italy,2018,79.1,23.1,52.1,68.0,84.7,81.1
Hong Kong,2018,78.7,79.5,79.1,83.5,56.2,82.9
United Kingdom,2018,75.8,33.4,55.4,61.0,83.9,108.5
Germany,2018,74.3,29.1,52.5,58.9,71.2,125.0
United States,2018,73.0,38.5,56.3,73.9,70.0,127.6
Canada,2018,72.5,30.8,52.4,71.4,68.7,118.9
Malta,2018,70.9,29.3,50.9,59.8,75.1,66.2
United Arab Emirates,2018,67.2,60.7,64.1,55.6,63.3,124.8
Puerto Rico,2018,67.0,18.7,43.7,66.3,55.7,103.8
Uruguay,2018,66.9,20.0,44.3,54.5,69.2,34.3
Taiwan,2018,65.4,15.1,41.1,79.2,28.9,106.4
Qatar,2018,65.4,65.3,65.3,57.5,64.8,125.0
Greece,2018,63.2,11.8,38.4,50.9,61.7,53.8
Spain,2018,61.8,22.2,42.7,51.3,60.6,90.7
Jamaica,2018,60.6,12.5,37.4,60.2,39.7,35.3
Cyprus,2018,60.3,15.4,38.7,49.7,65.4,94.8
Lebanon,2018,60.2,27.9,44.7,46.2,58.7,56.4
Ghana,2018,59.8,32.8,46.8,54.9,37.4,16.0
Slovenia,2018,59.6,15.5,38.4,50.8,48.9,80.3
Bahrain,2018,59.6,31.0,45.8,58.0,54.2,72.3
Palestine,2018,58.2,10.3,35.1,54.4,41.8,60.2
Estonia,2018,57.6,15.8,37.5,43.8,56.8,74.8
Kuwait,2018,56.9,36.3,47.0,44.0,48.5,100.6
Costa Rica,2018,56.2,17.6,37.6,55.6,45.9,54.7
Portugal,2018,55.9,20.4,38.8,45.5,46.8,62.0
Chile,2018,55.2,16.6,36.6,47.8,51.4,54.5
Jordan,2018,55.1,12.1,34.3,46.5,52.7,43.4
Croatia,2018,55.1,12.0,34.3,46.3,43.4,59.8
Mauritius,2018,55.0,13.3,34.9,49.5,39.4,46.7
Trinidad And Tobago,2018,54.6,18.8,37.3,53.4,50.3,54.9
Argentina,2018,53.7,13.8,34.5,44.6,53.7,60.2
Latvia,2018,53.4,13.3,34.1,42.5,48.0,53.1
Lithuania,2018,53.2,15.2,34.9,41.7,48.9,57.3
Panama,2018,52.4,26.6,40.0,53.0,44.3,39.1
Brazil,2018,51.3,13.9,33.3,39.7,41.2,41.6
Slovakia,2018,50.4,18.9,35.2,43.7,37.3,67.3
Czech Republic,2018,50.1,19.1,35.1,43.6,36.0,76.3
Zimbabwe,2018,49.5,12.3,31.6,44.3,37.7,27.3
Oman,2018,49.3,20.3,35.3,46.7,46.2,99.2
Thailand,2018,48.9,17.1,33.6,54.9,23.9,38.6
Hungary,2018,48.6,15.4,32.6,38.6,37.4,50.6
South Africa,2018,48.1,17.9,33.5,40.7,45.7,99.8
Dominican Republic,2018,47.9,10.3,29.8,41.9,43.6,27.4
El Salvador,2018,47.9,11.4,30.3,46.8,36.2,30.9
Saudi Arabia,2018,47.9,13.5,31.3,42.0,32.0,131.5
Ethiopia,2018,47.5,24.0,36.2,39.1,20.2,15.0
Guatemala,2018,46.9,14.6,31.3,44.6,36.8,41.3
Zambia,2018,46.5,19.5,33.5,40.4,33.5,101.3
Cambodia,2018,45.9,13.6,30.3,49.3,23.1,14.9
Poland,2018,45.2,16.6,31.4,35.9,37.7,74.4
Tanzania,2018,45.0,19.0,32.4,34.5,29.4,23.1
Malaysia,2018,44.7,11.5,28.7,48.2,23.2,73.0
China,2018,44.6,18.4,31.9,47.7,29.6,72.3
Montenegro,2018,44.4,10.8,28.2,35.8,38.1,48.7
Ecuador,2018,44.3,11.2,28.3,42.9,30.8,39.4
Honduras,2018,44.3,10.6,28.1,36.6,33.0,34.9
Russia,2018,43.9,16.6,30.7,35.9,45.9,51.1
Iraq,2018,43.9,12.8,28.9,37.7,38.4,51.2
Turkey,2018,41.8,10.4,26.6,36.2,31.2,53.8
Bulgaria,2018,41.2,9.8,26.1,35.2,33.6,54.4
Indonesia,2018,39.7,8.5,24.7,43.5,19.5,37.5
Romania,2018,39.7,10.9,25.8,32.8,33.3,66.2
Peru,2018,39.6,14.4,27.5,35.9,26.3,37.1
Serbia,2018,39.6,8.4,24.6,30.0,31.5,41.8
Vietnam,2018,39.4,15.1,27.7,39.1,20.0,30.1
Bosnia And Herzegovina,2018,39.3,6.9,23.7,33.8,26.7,52.4
Kenya,2018,38.7,8.7,24.2,36.6,31.6,32.1
Albania,2018,37.9,7.3,23.1,30.9,29.1,37.0
Morocco,2018,37.1,11.5,24.7,33.3,25.8,45.1
Bolivia,2018,36.5,9.9,23.7,28.8,28.5,44.7
Philippines,2018,36.0,8.0,22.5,34.3,20.9,34.0
Colombia,2018,35.3,10.1,23.2,29.5,26.7,38.6
North Macedonia,2018,34.8,6.9,21.4,28.7,23.6,42.6
Nigeria,2018,34.7,16.0,25.6,35.8,22.1,19.6
Iran,2018,34.6,15.9,25.6,31.0,27.3,45.6
Sri Lanka,2018,34.3,8.3,21.8,38.4,19.7,29.6
Kazakhstan,2018,34.3,11.2,23.2,28.1,35.4,40.8
Belarus,2018,34.1,10.6,22.7,27.9,35.8,41.3
Mexico,2018,33.6,9.5,22.0,32.2,29.5,58.2
Armenia,2018,33.5,8.8,21.6,27.8,31.2,31.8
Moldova,2018,33.1,8.8,21.4,26.6,23.5,29.3
Uganda,2018,32.7,6.8,20.2,28.3,23.2,21.4
Nepal,2018,32.6,4.4,19.0,30.2,19.0,25.3
Venezuela,2018,32.2,7.6,20.3,33.8,26.7,4.0
Algeria,2018,32.1,6.0,19.5,33.8,17.6,36.0
Bangladesh,2018,32.0,5.5,19.2,30.2,21.2,39.6
Azerbaijan,2018,30.6,9.5,20.4,27.4,30.6,28.7
Georgia,2018,29.7,9.8,20.1,24.6,29.2,35.5
Kosovo (Disputed Territory),2018,29.4,8.6,19.4,26.3,21.0,59.2
Syria,2018,27.8,5.1,16.9,26.2,22.2,11.3
Tunisia,2018,27.7,5.8,17.1,26.4,17.1,38.2
India,2018,26.9,6.8,17.2,27.5,18.3,79.3
Ukraine,2018,26.0,8.9,17.7,20.4,18.6,30.2
Egypt,2018,25.7,5.1,15.7,23.0,21.0,24.7
Pakistan,2018,25.1,5.3,15.5,23.8,19.0,41.1
Switzerland,2019,121.2,50.2,87.1,120.8,123.1,129.7
Iceland,2019,101.9,48.3,76.1,92.1,111.8,91.8
Norway,2019,101.0,37.3,70.4,92.7,111.5,103.6
Bahamas,2019,92.4,33.5,64.1,77.0,99.9,57.0
Luxembourg,2019,86.1,55.6,71.5,75.1,96.1,106.3
Japan,2019,83.3,28.0,56.7,83.6,48.8,103.1
Denmark,2019,81.4,32.9,58.1,63.6,95.1,114.4
Hong Kong,2019,78.1,76.8,77.5,80.3,56.1,69.3
South Korea,2019,76.9,22.2,50.7,89.7,44.8,103.4
Ireland,2019,75.3,41.8,59.2,59.1,82.6,95.1
France,2019,74.9,26.2,51.5,68.3,75.4,91.6
Netherlands,2019,74.8,34.7,55.6,58.8,83.5,102.5
Israel,2019,74.3,29.4,52.7,61.9,80.8,92.5
Belgium,2019,73.0,25.8,50.3,60.9,83.4,95.1
Finland,2019,72.8,26.1,50.4,60.0,77.9,112.3
New Zealand,2019,72.6,31.6,52.9,65.7,68.8,101.1
Australia,2019,72.1,35.5,54.5,66.9,70.7,122.9
Austria,2019,71.8,27.6,50.6,65.6,70.1,96.7
Sweden,2019,71.6,26.0,49.7,63.5,75.0,111.4
United States,2019,69.9,39.0,55.1,67.4,69.3,122.0
Singapore,2019,69.8,53.1,61.8,57.5,46.7,103.8
Italy,2019,69.2,21.7,46.4,58.3,75.7,77.5
Germany,2019,67.6,26.8,48.0,54.3,63.6,116.2
United Kingdom,2019,65.3,28.6,47.7,51.9,72.4,105.7
Canada,2019,65.0,28.3,47.4,62.4,61.8,109.4
Puerto Rico,2019,63.8,18.0,41.8,61.7,54.8,98.4
Malta,2019,63.3,28.7,46.7,51.2,67.3,59.7
Taiwan,2019,59.8,23.4,42.3,69.6,26.9,56.4
Qatar,2019,59.1,46.6,53.1,47.7,61.9,138.3
Jamaica,2019,58.8,14.7,37.6,58.8,42.3,34.7
Lebanon,2019,58.1,26.9,43.1,43.3,56.8,54.0
Uruguay,2019,57.3,16.2,37.6,45.1,56.3,47.8
Bahrain,2019,56.7,29.6,43.7,51.2,52.2,74.6
Greece,2019,56.7,10.8,34.6,43.7,54.8,49.6
United Arab Emirates,2019,56.2,41.0,48.9,43.2,53.9,119.6
Cyprus,2019,55.6,20.2,38.6,44.3,59.8,75.3
Jordan,2019,55.0,11.9,34.3,44.4,52.3,41.7
Spain,2019,54.7,20.7,38.4,44.0,54.1,83.8
Slovenia,2019,52.5,15.4,34.7,43.3,43.8,75.4
Mauritius,2019,52.4,11.5,32.8,47.9,39.1,39.8
Myanmar,2019,52.4,24.7,39.1,54.8,20.2,14.0
Trinidad And Tobago,2019,52.1,17.1,35.3,50.0,46.0,57.0
Zimbabwe,2019,51.6,11.7,32.4,45.7,36.8,27.7
Kuwait,2019,51.5,32.9,42.6,39.9,47.3,102.0
Panama,2019,51.4,24.6,38.6,48.2,47.1,41.3
Ghana,2019,51.1,31.6,41.7,44.8,31.7,18.7
Estonia,2019,51.0,15.4,33.9,37.1,51.2,76.0
Fiji,2019,50.9,22.7,37.4,57.6,36.5,35.4
Costa Rica,2019,50.9,15.5,33.9,47.9,42.6,47.1
Portugal,2019,50.4,21.1,36.3,40.2,43.1,55.2
Palestine,2019,50.2,9.0,30.4,43.9,37.3,57.2
Belize,2019,49.4,8.8,29.9,42.9,36.7,70.8
Latvia,2019,49.2,12.0,31.4,36.7,45.5,55.2
Croatia,2019,49.2,11.6,31.1,40.3,40.4,60.3
Chile,2019,47.7,15.2,32.1,40.5,45.1,54.1
Saudi Arabia,2019,47.6,11.4,30.2,39.1,30.9,118.6
Thailand,2019,47.5,17.7,33.2,50.0,24.6,40.9
Cambodia,2019,46.8,14.4,31.3,44.2,24.4,12.5
Oman,2019,46.2,19.9,33.6,40.0,44.4,88.5
El Salvador,2019,46.1,14.2,30.8,45.6,35.5,30.1
Lithuania,2019,45.9,12.9,30.1,35.4,43.9,60.3
Nicaragua,2019,45.8,9.5,28.4,46.4,31.1,24.5
Czech Republic,2019,45.1,18.3,32.2,38.1,33.2,71.3
Slovakia,2019,45.0,16.1,31.1,38.5,33.6,63.2
Dominican Republic,2019,44.9,10.2,28.3,35.7,42.4,26.0
Namibia,2019,43.2,17.5,30.8,39.9,38.6,63.6
Brazil,2019,42.8,11.5,27.7,31.3,34.8,37.4
South Africa,2019,42.5,16.5,30.0,33.9,40.8,83.0
Honduras,2019,42.1,10.8,27.1,33.6,31.5,35.2
Hungary,2019,42.0,13.6,28.4,32.4,33.4,54.7
Ecuador,2019,42.0,11.6,27.4,37.9,29.4,40.8
Guatemala,2019,41.7,13.9,28.4,38.0,32.3,41.8
Cuba,2019,40.5,8.1,24.9,34.3,28.3,2.5
Iraq,2019,39.6,11.5,26.1,34.1,31.8,47.6
Montenegro,2019,39.6,9.9,25.4,30.8,34.2,46.3
Malaysia,2019,39.4,10.9,25.7,39.7,22.7,73.1
China,2019,39.2,17.4,28.7,39.9,28.2,69.0
Poland,2019,39.1,14.9,27.5,30.7,32.7,70.0
Kenya,2019,38.2,10.0,24.7,33.2,31.2,32.5
Vietnam,2019,37.7,13.1,25.9,37.9,18.9,33.3
Bulgaria,2019,37.2,9.2,23.7,31.1,29.9,52.2
Peru,2019,37.2,12.0,25.1,32.7,23.7,37.5
Romania,2019,36.5,10.0,23.7,29.9,32.3,61.2
Indonesia,2019,36.2,8.4,22.9,38.1,18.0,33.0
Albania,2019,36.2,8.2,22.7,28.6,29.3,33.8
Iran,2019,35.8,16.9,26.7,32.6,26.9,37.7
Bosnia And Herzegovina,2019,35.7,6.3,21.6,28.8,23.8,49.2
Russia,2019,35.5,12.7,24.5,29.2,37.0,45.4
Serbia,2019,35.4,8.1,22.3,26.3,27.8,39.9
Turkey,2019,35.2,7.2,21.8,30.4,23.7,45.3
Philippines,2019,35.1,8.1,22.1,32.6,19.7,29.5
Tanzania,2019,34.7,16.0,25.8,28.6,25.2,22.7
Bolivia,2019,34.4,10.9,23.1,26.9,28.0,44.0
Morocco,2019,34.0,9.5,22.2,29.9,23.9,41.4
Belarus,2019,33.1,10.0,22.0,27.8,36.0,44.6
Argentina,2019,33.1,9.5,21.8,26.3,32.5,55.0
Mexico,2019,32.7,10.1,21.8,30.3,30.2,50.0
Armenia,2019,32.5,9.9,21.7,25.8,32.5,33.1
Paraguay,2019,32.3,9.4,21.3,26.0,25.8,35.6
Moldova,2019,32.3,8.0,20.6,25.0,27.7,30.7
Bangladesh,2019,31.8,5.4,19.2,29.5,19.0,39.8
North Macedonia,2019,31.6,6.5,19.5,24.8,23.7,39.8
Nigeria,2019,31.2,29.0,30.2,31.8,19.2,15.1
Algeria,2019,30.6,5.5,18.5,32.0,16.4,32.9
Uganda,2019,30.3,8.5,19.8,26.1,21.9,22.7
Sri Lanka,2019,30.2,7.6,19.4,33.6,17.4,27.3
Colombia,2019,30.1,9.2,20.1,24.3,22.5,34.7
Kazakhstan,2019,29.8,9.8,20.2,23.8,29.8,38.8
Nepal,2019,29.6,4.6,17.6,25.4,19.7,26.3
Azerbaijan,2019,29.1,8.7,19.3,24.1,30.7,32.0
Georgia,2019,28.8,8.5,19.1,23.4,27.1,33.2
Ukraine,2019,27.9,9.5,19.1,22.5,22.1,32.7
Uzbekistan,2019,27.1,8.3,18.1,23.9,21.1,25.1
Egypt,2019,26.5,5.0,16.2,23.2,22.3,23.7
Kosovo (Disputed Territory),2019,26.2,8.1,17.5,23.2,19.6,61.8
Venezuela,2019,25.7,5.9,16.2,27.6,22.0,3.7
India,2019,24.2,5.8,15.4,24.2,17.2,66.9
Tunisia,2019,23.7,5.0,14.7,22.3,13.3,38.0
Pakistan,2019,20.4,4.5,12.8,18.2,15.4,38.6
Switzerland,2020,122.4,50.3,87.9,120.3,123.0,119.5
Norway,2020,101.4,36.2,70.2,91.1,109.3,88.4
Iceland,2020,100.5,47.0,74.9,86.9,113.7,79.4
Japan,2020,83.3,26.0,55.9,81.8,48.9,87.3
Denmark,2020,83.0,31.9,58.6,61.7,100.8,100.9
Bahamas,2020,82.5,36.4,60.4,62.7,83.7,54.2
Luxembourg,2020,81.9,54.9,69.0,69.1,89.8,103.9
Israel,2020,81.2,31.3,57.3,66.3,88.6,78.1
Singapore,2020,81.1,63.3,72.6,66.8,59.0,89.0
South Korea,2020,78.2,22.9,51.7,91.3,44.9,85.2
Hong Kong,2020,77.2,79.6,78.3,75.9,54.4,65.3
Barbados,2020,76.0,19.7,49.1,65.2,68.1,51.1
Ireland,2020,75.9,43.9,60.6,58.4,81.2,80.9
France,2020,74.1,25.4,50.8,67.9,72.5,80.4
Netherlands,2020,73.7,35.2,55.3,55.9,80.5,90.7
Australia,2020,73.5,34.9,55.0,67.2,70.3,107.3
New Zealand,2020,72.5,32.1,53.2,64.7,68.8,92.7
Belgium,2020,71.8,25.4,49.6,58.7,80.1,86.3
Seychelles,2020,71.6,32.3,52.8,64.6,84.9,21.7
United States,2020,71.1,40.3,56.4,66.6,70.7,109.5
Austria,2020,70.4,26.8,49.5,61.7,68.1,82.4
Finland,2020,70.3,26.2,49.2,56.5,76.8,99.9
Sweden,2020,69.8,25.9,48.8,60.5,72.3,101.7
Canada,2020,67.6,30.7,50.0,63.7,63.5,95.1
Puerto Rico,2020,67.5,19.3,44.5,65.8,58.7,79.4
Malta,2020,67.5,31.0,50.0,54.9,75.9,46.3
United Kingdom,2020,67.3,29.8,49.4,51.3,74.1,91.7
Italy,2020,67.3,21.2,45.2,55.4,72.3,65.6
Germany,2020,65.3,27.1,47.0,49.2,61.6,102.4
Macao,2020,64.8,44.0,54.9,62.0,43.4,80.9
Qatar,2020,64.0,47.4,56.1,53.6,66.8,111.7
United Arab Emirates,2020,62.0,41.1,52.0,47.6,61.3,91.6
Taiwan,2020,61.4,16.4,39.9,71.5,28.5,65.7
Lebanon,2020,60.5,24.5,43.3,43.9,58.2,44.5
Bahrain,2020,58.9,30.9,45.6,48.1,54.5,57.9
Cyprus,2020,57.9,20.5,40.0,44.2,63.1,57.4
Jamaica,2020,57.8,15.2,37.5,59.0,38.1,32.4
Greece,2020,55.7,11.7,34.6,41.6,53.7,43.7
Zimbabwe,2020,55.3,11.0,34.1,50.8,40.8,26.0
Palestine,2020,54.5,8.8,32.7,46.7,38.9,46.9
Ethiopia,2020,54.4,20.9,38.4,36.3,19.4,8.3
Panama,2020,54.2,24.8,40.1,53.0,47.3,34.2
Costa Rica,2020,54.0,15.5,35.6,49.6,43.5,42.6
Spain,2020,53.8,21.8,38.5,42.4,52.1,72.0
Trinidad And Tobago,2020,53.7,17.3,36.3,49.4,49.8,45.7
Jordan,2020,53.7,11.5,33.5,43.3,47.1,34.9
Slovenia,2020,53.4,17.1,36.0,43.8,45.4,66.3
Mauritius,2020,53.0,12.0,33.4,48.9,44.0,30.9
Uruguay,2020,51.0,14.4,33.5,40.1,47.4,37.5
Estonia,2020,50.9,15.4,33.9,36.6,52.9,71.3
Kuwait,2020,50.4,31.2,41.2,34.7,47.1,85.6
Thailand,2020,49.8,17.1,34.1,49.2,24.9,35.5
Croatia,2020,49.7,13.5,32.4,39.9,42.4,50.4
Portugal,2020,49.5,21.8,36.3,38.1,42.5,49.4
Oman,2020,49.3,18.0,34.3,43.5,44.3,81.0
Belize,2020,49.2,9.7,30.3,41.9,37.0,57.5
Saudi Arabia,2020,48.3,11.4,30.7,37.9,33.5,100.0
Latvia,2020,47.9,12.3,30.9,34.9,42.9,52.5
Cambodia,2020,47.5,14.9,31.9,44.6,25.2,11.3
Fiji,2020,47.5,18.5,33.6,52.7,35.9,33.2
Czech Republic,2020,46.1,19.6,33.4,38.1,34.1,62.8
El Salvador,2020,45.6,13.5,30.2,43.7,34.8,24.7
Brunei,2020,44.7,23.1,34.4,37.1,38.1,87.0
Nicaragua,2020,44.6,7.6,26.9,41.7,31.4,23.9
Slovakia,2020,44.5,16.1,30.9,37.5,33.8,56.9
Lithuania,2020,44.3,13.6,29.6,33.6,42.7,57.8
Dominican Republic,2020,44.1,10.6,28.1,35.9,38.3,24.0
Chile,2020,43.6,13.4,29.2,36.4,41.6,42.5
Cuba,2020,43.5,4.8,25.0,37.4,30.9,2.2
Suriname,2020,43.1,7.8,26.2,45.8,35.0,22.4
Namibia,2020,43.1,16.1,30.2,36.8,39.2,55.6
South Africa,2020,42.9,16.6,30.3,33.3,40.6,73.6
Guatemala,2020,42.7,15.3,29.6,37.4,33.0,39.8
Honduras,2020,42.2,10.6,27.1,33.3,30.5,30.3
Myanmar,2020,42.1,23.8,33.3,44.7,19.0,10.2
Ecuador,2020,41.0,12.0,27.1,35.5,30.7,36.1
Hungary,2020,40.9,14.0,28.0,30.8,34.5,47.6
Brazil,2020,40.2,10.6,26.1,29.2,30.8,32.8
Kenya,2020,40.2,10.7,26.1,35.4,35.1,27.3
China,2020,40.0,16.4,28.7,40.4,29.2,60.9
Poland,2020,40.0,15.7,28.4,30.6,33.4,59.6
Russia,2020,39.2,11.4,25.9,31.1,39.6,38.9
Botswana,2020,39.1,11.1,25.7,31.7,40.0,58.1
Malaysia,2020,39.1,11.0,25.7,37.6,22.9,64.5
Iraq,2020,39.0,11.3,25.8,31.8,32.7,42.4
Iran,2020,39.0,14.5,27.3,35.5,25.1,22.7
Somalia,2020,38.7,4.8,22.5,45.9,27.0,33.2
Peru,2020,38.7,12.8,26.3,33.8,24.7,34.0
Vietnam,2020,38.3,13.6,26.5,37.1,19.6,28.1
Montenegro,2020,38.2,10.4,24.9,28.6,33.2,39.8
Ghana,2020,37.6,19.4,28.9,37.2,26.6,14.7
Philippines,2020,37.6,9.0,23.9,33.5,20.8,23.5
Indonesia,2020,37.3,10.6,24.5,37.4,18.3,25.1
Bulgaria,2020,36.7,9.6,23.8,30.1,29.1,49.4
Albania,2020,36.4,8.5,23.1,28.4,26.8,29.6
Bosnia And Herzegovina,2020,36.0,6.7,22.0,28.1,25.1,41.8
Mexico,2020,35.7,11.5,24.1,32.4,32.1,41.8
Serbia,2020,35.7,9.1,23.0,25.5,28.6,36.7
Romania,2020,35.3,10.0,23.2,29.0,30.5,48.9
Tanzania,2020,35.3,14.0,25.1,29.7,22.6,17.6
Belarus,2020,34.7,10.5,23.1,28.1,38.9,37.0
Turkey,2020,34.7,6.8,21.3,29.8,24.2,40.8
Bolivia,2020,34.6,10.9,23.3,28.1,25.1,39.3
Morocco,2020,34.3,8.9,22.2,30.1,24.5,35.2
Moldova,2020,33.7,8.4,21.6,26.0,27.8,27.6
Rwanda,2020,33.3,11.9,23.1,26.8,29.2,19.3
Ukraine,2020,33.2,10.5,22.3,26.0,26.4,31.8
Argentina,2020,33.0,8.3,21.2,25.8,30.5,47.2
Armenia,2020,32.8,10.9,22.4,25.6,30.4,28.0
Bangladesh,2020,32.3,5.0,19.2,29.7,19.2,33.2
Zambia,2020,31.7,7.4,20.1,26.9,22.1,54.1
Sri Lanka,2020,31.6,7.7,20.2,35.1,18.8,24.5
North Macedonia,2020,31.6,6.5,19.6,24.9,23.3,37.2
Paraguay,2020,31.1,9.7,20.8,25.0,25.0,32.6
Nigeria,2020,31.0,23.6,27.5,31.1,17.7,13.5
Colombia,2020,30.7,9.6,20.6,25.1,22.4,31.1
Kazakhstan,2020,30.6,9.8,20.7,24.3,29.9,38.4
Uganda,2020,30.2,10.2,20.6,25.3,22.1,20.5
Algeria,2020,30.1,5.3,18.3,30.7,15.9,28.7
Azerbaijan,2020,29.9,9.5,20.1,23.7,30.4,30.2
Egypt,2020,29.5,5.5,18.0,25.5,23.5,22.4
Nepal,2020,29.0,4.8,17.4,24.9,20.4,21.9
Georgia,2020,28.5,9.8,19.5,23.1,26.7,24.9
Kosovo (Disputed Territory),2020,28.5,8.5,18.9,26.5,21.0,48.9
Venezuela,2020,27.2,6.8,17.4,28.3,24.4,2.6
Tunisia,2020,27.0,5.5,16.7,25.3,14.9,34.5
Kyrgyzstan,2020,27.0,9.2,18.5,23.4,21.4,25.0
Uzbekistan,2020,26.0,7.5,17.2,21.6,20.2,24.3
Syria,2020,25.3,5.7,15.9,22.4,21.4,11.5
India,2020,24.6,5.7,15.5,24.5,17.2,54.3
Afghanistan,2020,24.2,4.0,14.6,17.7,17.4,28.2
Pakistan,2020,22.0,4.6,13.7,19.1,16.8,30.6
Bermuda,2021,145.1,92.9,120.1,141.8,157.7,83.4
Switzerland,2021,131.7,55.0,95.1,133.4,126.1,111.0
Norway,2021,106.1,36.2,72.7,100.6,105.9,79.4
Iceland,2021,96.8,43.2,71.2,88.8,102.2,71.9
Denmark,2021,91.7,36.2,65.2,72.6,104.9,94.7
Luxembourg,2021,88.3,61.6,75.5,80.7,94.7,95.4
Japan,2021,87.8,28.0,59.2,90.5,49.7,76.5
Israel,2021,86.6,31.9,60.5,73.7,91.1,70.4
Bahamas,2021,85.8,34.5,61.3,69.4,89.3,49.3
Singapore,2021,85.6,64.8,75.6,75.3,62.1,83.6
Australia,2021,84.1,38.4,62.3,81.1,76.3,99.3
Ireland,2021,83.1,45.4,65.1,67.8,82.3,73.8
Barbados,2021,81.5,21.1,52.6,71.5,72.8,45.3
South Korea,2021,81.2,22.9,53.3,99.8,44.0,76.6
France,2021,80.6,27.8,55.4,77.5,75.5,74.1
Hong Kong,2021,79.9,74.2,77.2,81.7,58.6,62.4
Sweden,2021,79.2,28.1,54.8,71.7,77.2,90.6
New Zealand,2021,79.1,35.4,58.2,75.0,69.2,81.4
Seychelles,2021,78.9,34.3,57.6,78.6,84.2,18.0
Netherlands,2021,78.6,39.3,59.8,61.6,81.6,83.9
Belgium,2021,78.5,26.8,53.8,67.3,82.4,76.5
Finland,2021,77.5,28.0,53.9,65.6,81.2,89.1
Lebanon,2021,75.9,24.1,51.1,72.5,62.9,29.5
Austria,2021,75.5,28.4,53.0,67.6,71.0,78.2
Malta,2021,73.6,33.0,54.2,63.4,77.0,41.9
Italy,2021,73.1,22.9,49.1,62.5,75.6,58.7
United States,2021,71.9,41.1,57.2,70.2,69.4,102.6
United Kingdom,2021,71.0,31.6,52.2,56.4,74.7,82.6
Germany,2021,70.6,29.6,51.0,54.7,65.0,93.7
Canada,2021,70.1,32.5,52.1,68.5,64.0,82.8
Macao,2021,69.6,44.4,57.6,66.3,48.9,67.6
Puerto Rico,2021,69.5,19.4,45.6,72.1,58.1,69.2
Taiwan,2021,65.2,17.9,42.6,79.1,28.8,56.1
Qatar,2021,64.2,46.6,55.8,56.7,62.6,93.1
Cyprus,2021,64.0,22.7,44.3,51.7,66.3,52.3
United Arab Emirates,2021,61.7,40.6,51.6,48.8,61.3,85.7
Greece,2021,61.0,13.1,38.1,47.7,55.7,38.9
Slovenia,2021,59.4,18.9,40.0,51.5,47.9,56.1
Spain,2021,59.1,23.6,42.1,48.7,57.0,62.7
Bahrain,2021,57.7,29.5,44.2,47.0,52.3,53.2
Estonia,2021,56.5,16.3,37.3,43.3,56.3,61.2
Croatia,2021,56.4,14.9,36.6,49.1,46.1,43.1
Palestine,2021,55.9,10.0,34.0,50.2,36.2,39.1
Cuba,2021,55.5,14.9,36.1,46.9,32.9,1.4
Trinidad And Tobago,2021,55.5,16.4,36.8,53.1,52.2,39.0
Ivory Coast,2021,54.6,20.3,38.2,47.2,34.5,6.3
Ethiopia,2021,54.3,15.6,35.8,37.5,18.2,10.1
Panama,2021,54.1,22.6,39.0,54.8,45.5,32.1
Jamaica,2021,53.2,15.9,35.4,55.9,33.1,32.2
Portugal,2021,52.9,22.3,38.3,42.0,43.2,45.0
Latvia,2021,52.9,13.2,33.9,41.4,44.9,45.9
Mauritius,2021,52.6,12.3,33.3,54.1,37.6,27.4
Belize,2021,52.4,11.6,32.9,47.8,36.1,45.7
Jordan,2021,52.2,9.7,31.9,42.8,42.1,33.1
Suriname,2021,51.9,10.4,32.1,50.4,62.6,16.5
Zimbabwe,2021,51.5,9.4,31.4,45.6,39.3,22.1
Yemen,2021,51.5,6.2,29.8,61.2,23.6,14.7
Uruguay,2021,51.1,13.6,33.2,40.8,49.0,30.6
Costa Rica,2021,50.6,14.5,33.4,48.0,41.3,39.0
Oman,2021,50.2,17.3,34.5,46.9,41.9,84.4
Saudi Arabia,2021,49.9,11.6,31.6,41.7,32.0,88.2
Kuwait,2021,49.4,31.4,40.8,35.9,45.1,75.3
Brunei,2021,49.4,23.4,37.0,47.2,35.9,89.0
Chile,2021,49.3,14.7,32.8,41.8,46.0,33.3
Thailand,2021,49.3,16.3,33.6,50.6,24.2,31.4
Czech Republic,2021,49.2,19.8,35.1,42.8,34.7,56.4
Slovakia,2021,49.1,17.4,34.0,43.0,37.5,50.4
Fiji,2021,48.5,17.8,33.8,53.4,38.6,30.0
Cambodia,2021,47.9,14.6,32.0,48.6,23.1,11.4
Lithuania,2021,47.7,14.6,31.9,37.3,46.0,54.6
Guatemala,2021,44.8,15.2,30.7,41.7,32.5,25.6
El Salvador,2021,44.6,13.3,29.6,42.7,33.3,20.7
Nicaragua,2021,42.8,8.0,26.2,41.1,29.5,16.7
Hungary,2021,42.7,12.8,28.4,35.5,34.2,49.8
Cameroon,2021,42.6,7.4,25.8,42.9,24.7,15.4
China,2021,42.5,16.4,30.1,45.5,28.4,57.5
Honduras,2021,42.2,10.6,27.1,35.1,28.7,31.1
Poland,2021,42.0,18.1,30.6,33.4,35.4,47.1
South Africa,2021,41.7,15.9,29.4,34.6,37.2,72.9
Dominican Republic,2021,41.5,9.8,26.4,36.1,35.3,21.7
Montenegro,2021,41.4,11.8,27.3,32.5,32.5,35.4
Iran,2021,41.3,17.9,30.1,36.3,25.9,19.0
Namibia,2021,41.0,14.3,28.2,35.7,35.6,53.3
Bulgaria,2021,40.9,9.9,26.1,35.2,31.9,40.3
Philippines,2021,40.7,10.4,26.2,38.9,22.2,19.7
Ghana,2021,40.6,18.4,30.0,41.2,31.5,15.2
Botswana,2021,40.4,10.7,26.2,34.6,41.5,61.9
Albania,2021,40.2,9.2,25.4,32.7,30.7,26.6
Ecuador,2021,40.1,12.0,26.7,36.4,28.5,30.5
Malaysia,2021,39.5,10.8,25.8,40.2,21.7,56.1
Serbia,2021,39.2,9.8,25.2,29.7,30.6,35.8
Bosnia And Herzegovina,2021,38.6,7.1,23.5,31.8,25.7,42.6
Romania,2021,38.5,10.8,25.2,33.4,32.4,45.2
Myanmar,2021,38.1,21.7,30.2,39.6,21.2,10.7
Vietnam,2021,38.0,14.2,26.6,38.3,19.0,27.3
Argentina,2021,37.9,8.5,23.8,29.2,33.4,34.6
Indonesia,2021,37.4,10.3,24.5,39.4,18.0,20.9
Somalia,2021,37.4,5.9,22.4,44.5,26.7,27.2
Morocco,2021,36.9,9.7,23.9,32.8,26.3,32.2
Kenya,2021,36.3,9.2,23.3,33.4,30.5,27.7
Peru,2021,36.3,12.3,24.8,33.8,23.6,28.8
Bolivia,2021,36.1,10.8,24.0,31.9,25.2,37.2
Mozambique,2021,35.9,15.1,26.0,29.1,29.3,16.4
Mexico,2021,35.1,11.6,23.9,33.6,28.9,35.5
Tanzania,2021,34.6,13.1,24.3,30.6,25.2,16.0
North Macedonia,2021,34.1,6.7,21.0,28.5,22.5,32.0
Rwanda,2021,34.1,14.9,24.9,28.5,28.5,22.0
Bangladesh,2021,33.3,4.9,19.7,31.5,20.4,24.1
Mongolia,2021,33.2,9.9,22.1,33.1,23.3,28.1
Russia,2021,33.2,9.8,22.0,27.8,30.6,34.6
Iraq,2021,32.7,9.8,21.8,27.5,25.6,39.8
Moldova,2021,32.7,8.7,21.2,26.1,26.6,27.0
Uganda,2021,32.2,7.3,20.3,28.9,22.0,14.0
Brazil,2021,31.8,8.1,20.5,25.4,22.5,28.7
Armenia,2021,31.7,10.4,21.5,24.6,27.2,26.1
Turkey,2021,31.5,6.1,19.4,28.1,19.9,35.3
Sri Lanka,2021,31.3,8.5,20.4,36.5,16.5,20.8
Colombia,2021,31.0,10.0,20.9,26.3,21.8,26.1
Azerbaijan,2021,30.9,9.0,20.4,26.2,28.7,25.8
Paraguay,2021,30.7,9.8,20.7,24.5,24.3,27.5
Belarus,2021,30.7,9.2,20.4,26.6,31.0,32.0
Egypt,2021,30.1,6.0,18.6,26.5,24.9,20.0
Kazakhstan,2021,29.8,9.3,20.0,25.6,25.8,34.9
Nigeria,2021,29.7,28.9,29.3,31.2,18.0,9.8
Tunisia,2021,29.5,5.8,18.2,28.5,15.7,27.8
Kosovo (Disputed Territory),2021,29.4,8.8,19.6,26.9,21.1,40.1
Ukraine,2021,29.2,8.7,19.4,24.3,23.7,30.1
Syria,2021,29.0,5.7,17.9,28.4,23.5,8.1
Nepal,2021,28.9,4.5,17.2,26.5,19.7,20.6
Algeria,2021,28.3,5.0,17.2,29.1,15.0,24.8
Zambia,2021,28.1,6.7,17.9,27.1,16.2,59.5
Georgia,2021,28.0,9.4,19.1,24.4,24.2,25.7
Uzbekistan,2021,27.1,8.1,18.0,23.9,21.4,22.0
Afghanistan,2021,26.3,3.9,15.6,19.3,17.0,26.6
India,2021,25.2,5.8,15.9,26.3,17.7,47.1
Kyrgyzstan,2021,23.0,7.4,15.5,20.6,19.2,22.0
Libya,2021,22.3,5.7,14.4,25.3,13.3,31.8
Pakistan,2021,21.6,4.4,13.4,19.1,17.2,27.3
Bermuda,2022,146.0,98.6,123.8,148.7,159.2,81.1
Switzerland,2022,123.3,53.5,90.6,128.1,122.1,118.4
Norway,2022,100.9,34.7,69.9,97.3,105.5,83.1
Iceland,2022,94.9,41.9,70.1,90.2,99.4,77.1
Barbados,2022,92.4,22.0,59.4,87.8,78.2,32.1
Jersey,2022,92.0,65.3,79.5,76.9,94.6,79.1
Israel,2022,88.1,33.9,62.7,76.7,95.3,75.6
Denmark,2022,84.1,33.2,60.3,68.6,98.8,99.5
Bahamas,2022,84.0,35.3,61.2,70.6,89.1,45.1
Singapore,2022,84.0,66.4,75.8,77.1,61.2,91.3
Guernsey,2022,83.6,54.0,69.7,76.8,90.0,71.6
Hong Kong,2022,80.7,74.6,77.8,84.7,58.6,65.7
Luxembourg,2022,80.5,60.1,70.9,74.7,88.8,98.8
Australia,2022,77.7,36.8,58.6,77.4,73.0,104.6
Japan,2022,77.0,25.9,53.0,81.3,45.4,87.1
Ireland,2022,76.1,42.1,60.1,62.1,80.4,82.3
Netherlands,2022,75.7,36.1,57.1,65.5,76.4,88.0
New Zealand,2022,74.5,34.4,55.7,72.0,70.1,83.6
France,2022,74.1,25.3,51.3,73.6,71.8,85.4
South Korea,2022,73.2,20.0,48.3,92.0,42.1,76.9
Finland,2022,73.2,25.9,51.0,65.2,77.6,91.0
Belgium,2022,72.6,25.8,50.7,63.3,78.6,79.7
Sweden,2022,71.7,25.9,50.2,65.8,72.6,98.1
Austria,2022,71.0,27.1,50.5,65.9,66.0,77.3
Canada,2022,70.2,34.3,53.4,70.0,67.9,88.0
United States,2022,70.1,42.1,57.0,70.4,70.1,106.3
United Kingdom,2022,69.7,31.8,51.9,56.6,76.8,88.8
Lebanon,2022,69.6,24.8,48.6,66.8,54.2,35.1
Malta,2022,67.8,29.7,50.0,59.6,72.4,44.2
Macao,2022,66.8,43.0,55.6,67.9,51.3,69.3
Puerto Rico,2022,66.5,18.4,44.0,69.6,55.6,72.8
Italy,2022,66.5,20.6,44.9,58.0,70.6,61.7
Seychelles,2022,65.9,32.4,50.2,61.5,77.0,19.4
Germany,2022,65.6,27.6,47.8,52.3,60.9,103.1
Qatar,2022,62.8,48.2,56.0,55.0,63.0,93.7
Taiwan,2022,62.4,17.7,41.4,76.2,29.4,58.3
Cyprus,2022,59.0,22.4,41.8,49.2,61.1,57.3
United Arab Emirates,2022,58.3,43.3,51.3,46.7,61.5,92.2
Palestine,2022,58.1,11.0,36.0,51.2,44.6,39.8
Maldives,2022,57.7,30.2,44.8,56.6,34.7,28.6
Greece,2022,56.2,12.7,35.8,44.7,52.2,39.7
Cuba,2022,55.0,15.2,36.4,47.9,33.5,1.4
Trinidad And Tobago,2022,54.9,16.0,36.6,54.0,53.7,38.5
Bahrain,2022,54.8,29.2,42.8,44.6,48.9,61.4
Slovenia,2022,53.9,17.9,37.0,47.7,46.7,59.5
Spain,2022,53.9,21.3,38.6,45.7,54.0,70.0
Estonia,2022,53.7,16.4,36.2,42.3,56.4,63.5
Yemen,2022,53.1,6.7,31.4,67.1,24.7,14.4
Uruguay,2022,52.1,13.9,34.2,44.0,49.4,30.1
Suriname,2022,51.8,9.7,32.1,45.9,79.6,13.4
Panama,2022,51.4,21.7,37.5,52.2,43.4,33.1
Belize,2022,51.3,11.6,32.7,48.8,36.6,45.7
Saudi Arabia,2022,50.4,11.7,32.2,42.6,35.5,91.8
Senegal,2022,50.2,23.0,37.5,42.2,46.2,23.5
Jamaica,2022,49.7,15.1,33.5,53.4,35.0,30.3
Oman,2022,49.4,16.8,34.1,46.5,43.2,84.2
Jordan,2022,49.2,9.2,30.5,40.8,41.2,31.3
Cambodia,2022,49.1,15.7,33.4,50.6,22.9,13.3
Croatia,2022,48.9,13.4,32.3,42.0,41.3,47.5
Kuwait,2022,48.7,31.3,40.5,35.6,47.5,78.6
Latvia,2022,48.5,11.8,31.3,38.4,42.1,51.6
Libya,2022,48.3,12.9,31.7,54.0,34.1,33.2
Czech Republic,2022,48.2,18.4,34.3,42.8,36.7,66.5
Portugal,2022,47.9,20.7,35.2,39.0,40.3,46.8
Ethiopia,2022,47.5,16.9,33.1,36.7,18.0,10.1
Ivory Coast,2022,47.0,17.7,33.3,40.2,32.0,6.9
Costa Rica,2022,47.0,14.7,31.9,45.5,41.7,39.9
Zimbabwe,2022,45.7,8.8,28.4,39.9,38.1,19.1
Lithuania,2022,45.6,15.0,31.3,36.2,46.6,58.7
Slovakia,2022,44.7,16.1,31.3,39.7,36.1,54.7
El Salvador,2022,44.4,13.2,29.8,44.3,35.5,21.2
Mauritius,2022,44.1,11.0,28.6,45.6,33.4,29.6
Chile,2022,43.9,13.5,29.7,38.9,43.3,33.3
Guatemala,2022,43.5,15.6,30.4,41.9,32.6,26.4
Thailand,2022,43.2,14.7,29.8,45.1,22.6,31.6
Venezuela,2022,43.2,10.0,27.6,37.3,46.2,15.4
Fiji,2022,43.2,17.8,31.3,48.1,37.4,35.9
South Africa,2022,42.1,16.6,30.1,34.8,41.3,78.4
Dominican Republic,2022,41.8,9.6,26.7,38.5,34.3,21.1
China,2022,41.8,16.5,29.9,46.0,28.4,60.0
Hungary,2022,40.7,11.9,27.2,35.2,32.8,52.0
Honduras,2022,40.5,10.3,26.3,34.7,28.7,32.1
Botswana,2022,40.2,10.2,26.1,35.2,42.5,62.6
Nicaragua,2022,39.6,8.7,25.1,38.1,27.5,17.6
Cameroon,2022,39.5,6.9,24.2,40.4,26.3,15.4
Poland,2022,39.0,14.4,27.5,32.4,33.5,60.0
Montenegro,2022,38.9,12.9,26.7,31.8,33.2,34.2
Bulgaria,2022,38.4,9.1,24.6,34.0,32.4,46.0
Vietnam,2022,37.5,13.2,26.1,38.7,20.0,29.4
Iran,2022,37.4,17.0,27.9,29.5,25.2,18.0
Ecuador,2022,37.3,11.3,25.1,34.5,28.6,31.8
Philippines,2022,37.1,9.6,24.2,37.8,20.6,21.5
Malaysia,2022,37.0,9.9,24.3,39.4,20.8,55.3
Serbia,2022,36.2,8.7,23.3,28.2,29.2,37.8
Ghana,2022,36.2,19.3,28.3,37.5,30.1,16.8
Bosnia And Herzegovina,2022,36.1,6.8,22.4,31.1,25.3,44.1
Indonesia,2022,35.9,9.8,23.6,38.3,17.7,21.1
Myanmar,2022,35.7,21.2,28.9,37.6,20.0,13.8
Albania,2022,35.5,8.5,22.8,29.3,25.8,30.2
Mexico,2022,35.3,12.6,24.7,34.8,32.7,38.6
Russia,2022,35.3,13.1,24.9,29.9,34.6,37.4
Romania,2022,35.2,10.2,23.5,31.4,30.0,48.1
Bolivia,2022,34.8,10.2,23.2,31.3,25.0,36.0
Mongolia,2022,34.7,11.2,23.7,36.1,22.8,24.3
Argentina,2022,34.7,7.7,22.0,28.2,33.3,30.7
Somalia,2022,34.6,5.2,20.8,39.4,26.6,29.4
Iraq,2022,34.5,10.6,23.3,30.5,28.3,40.9
Kenya,2022,33.9,8.7,22.1,31.3,28.8,32.2
Armenia,2022,33.9,11.6,23.4,27.6,30.5,28.9
Morocco,2022,33.8,9.0,22.2,30.6,24.5,34.4
Uganda,2022,33.5,9.2,22.1,31.0,24.8,11.4
Brazil,2022,33.2,8.3,21.5,28.2,25.2,27.8
Bangladesh,2022,33.1,4.4,19.7,30.4,21.7,25.3
Zambia,2022,33.0,9.3,21.9,31.5,22.5,40.3
Tanzania,2022,32.8,12.4,23.2,30.0,24.9,16.0
Peru,2022,32.5,11.2,22.5,30.7,21.5,28.2
Rwanda,2022,31.6,15.9,24.3,27.7,28.0,26.8
North Macedonia,2022,31.4,6.1,19.5,27.0,21.0,35.4
Sri Lanka,2022,31.3,8.2,20.5,37.7,17.3,19.3
Belarus,2022,30.9,9.8,21.0,27.2,31.6,31.8
Ukraine,2022,30.7,10.6,21.3,26.3,25.7,37.2
Nigeria,2022,30.5,36.0,33.1,33.7,20.9,9.3
Moldova,2022,30.3,8.7,20.2,25.0,27.1,33.4
Paraguay,2022,30.2,10.0,20.8,25.4,24.2,26.1
Georgia,2022,30.2,9.3,20.4,26.4,27.9,31.1
Azerbaijan,2022,29.7,7.9,19.5,26.6,26.7,27.3
Egypt,2022,29.5,5.8,18.4,27.4,23.4,21.5
Syria,2022,28.8,5.2,17.7,29.3,22.8,6.6
Kazakhstan,2022,28.7,9.4,19.7,25.3,27.2,32.2
Turkey,2022,28.3,6.6,18.2,22.6,18.4,32.9
Nepal,2022,28.3,4.0,16.9,26.4,20.4,23.0
Tunisia,2022,27.9,5.3,17.3,27.4,16.0,27.8
Uzbekistan,2022,27.3,9.3,18.9,26.8,24.2,22.4
Kosovo (Disputed Territory),2022,27.1,8.0,18.1,24.8,19.5,43.9
Algeria,2022,26.9,4.6,16.4,28.8,14.5,24.6
Colombia,2022,26.7,8.2,18.0,23.5,19.4,28.9
India,2022,24.4,5.3,15.5,26.4,17.6,49.7
Afghanistan,2022,20.4,2.7,12.1,14.9,12.4,23.0
Pakistan,2022,19.9,3.9,12.4,17.8,15.5,26.6
Bermuda,2023,141.8,96.3,120.0,143.3,142.0,79.5
Switzerland,2023,114.2,50.2,83.5,113.9,109.5,118.7
Cayman Islands,2023,103.4,75.7,90.1,96.4,92.4,76.7
Bahamas,2023,90.9,39.6,66.3,74.1,94.8,43.2
Barbados,2023,88.8,21.2,56.4,80.1,82.7,36.8
Norway,2023,88.6,30.9,60.9,81.8,90.6,95.0
Singapore,2023,85.9,85.3,85.6,74.0,58.4,95.6
Iceland,2023,83.3,36.7,61.0,78.3,86.9,90.1
Jersey,2023,80.0,53.9,67.4,62.4,90.8,72.6
Denmark,2023,78.6,30.4,55.5,62.4,91.9,105.0
Israel,2023,76.4,30.4,54.4,63.8,85.0,80.5
Hong Kong (China),2023,75.7,66.3,71.2,79.5,53.6,67.7
Australia,2023,75.3,39.0,57.9,73.3,66.2,110.9
Luxembourg,2023,73.2,48.3,61.3,67.0,78.9,127.1
New Zealand,2023,72.9,31.9,53.2,69.4,69.7,93.0
United States,2023,72.4,47.1,60.3,71.4,70.8,115.7
Guernsey,2023,71.0,46.2,59.1,66.1,70.5,77.2
Ireland,2023,70.5,44.4,58.0,55.8,71.9,82.6
South Korea,2023,70.4,17.5,45.0,87.5,37.6,85.5
Macao (China),2023,68.8,34.9,52.5,74.4,48.2,80.2
France,2023,68.7,24.6,47.5,65.1,66.9,86.2
Netherlands,2023,68.6,33.4,51.7,57.4,67.6,107.8
Finland,2023,67.5,22.7,46.0,58.2,70.4,98.8
Puerto Rico,2023,67.0,23.2,46.0,66.4,59.0,62.1
Canada,2023,66.1,33.4,50.4,64.2,62.8,102.1
Austria,2023,66.0,23.1,45.4,58.0,63.5,91.2
Lebanon,2023,65.8,19.2,43.5,65.3,48.0,22.7
Belgium,2023,65.6,22.4,44.9,54.5,69.0,94.5
Japan,2023,64.6,20.8,43.6,66.5,37.9,100.4
Germany,2023,62.9,26.1,45.3,50.9,56.2,107.6
Sweden,2023,62.9,22.7,43.6,55.2,64.3,101.2
Isle Of Man,2023,61.8,27.8,45.5,50.1,76.5,167.7
United Kingdom,2023,61.5,30.3,46.6,47.7,67.9,98.9
Malta,2023,61.4,25.7,44.3,52.0,64.7,50.6
Italy,2023,61.3,20.5,41.7,51.9,61.9,66.5
United Arab Emirates,2023,60.3,34.0,47.6,46.6,56.6,123.4
Uruguay,2023,59.9,15.9,38.8,48.1,59.5,38.4
Qatar,2023,59.5,50.0,54.9,47.7,58.3,123.6
Yemen,2023,58.8,7.9,34.4,66.6,31.2,18.6
Cyprus,2023,55.9,27.4,42.2,45.0,55.0,54.8
Brunei,2023,55.2,17.9,37.3,64.5,33.8,60.7
Maldives,2023,55.0,27.0,41.6,49.8,34.6,33.9
Estonia,2023,54.8,16.4,36.4,42.4,55.1,61.4
Greece,2023,54.6,12.9,34.6,42.4,50.1,41.9
Taiwan (China),2023,54.2,15.3,35.5,63.3,27.9,71.3
Jamaica,2023,53.6,13.6,34.4,55.1,37.1,28.9
Trinidad And Tobago,2023,53.3,13.7,34.3,51.5,50.4,38.9
Bahrain,2023,52.7,25.4,39.6,40.9,47.3,81.7
Cuba,2023,52.6,16.0,35.1,48.6,29.9,1.6
Latvia,2023,50.9,10.9,31.7,40.2,43.7,52.9
Slovenia,2023,50.8,16.6,34.4,43.9,43.6,61.7
Palestine,2023,50.7,9.6,31.0,43.7,37.5,39.8
Spain,2023,50.6,21.7,36.7,41.0,51.5,82.5
Saudi Arabia,2023,50.6,12.0,32.1,41.7,38.0,101.9
Czech Republic,2023,48.9,19.1,34.7,40.7,36.6,71.8
Costa Rica,2023,48.8,14.9,32.5,46.7,41.4,41.5
Lithuania,2023,48.8,16.8,33.4,39.0,48.1,56.7
Panama,2023,48.2,19.7,34.5,46.0,41.4,36.4
Belize,2023,48.0,11.7,30.6,44.8,30.8,49.2
Oman,2023,47.8,15.8,32.5,42.6,40.1,108.2
Guyana,2023,47.3,9.5,29.2,48.7,42.2,23.3
Kuwait,2023,46.8,27.1,37.4,32.9,42.2,96.7
Jordan,2023,46.8,8.8,28.6,38.7,40.6,38.0
Croatia,2023,46.7,12.2,30.2,39.5,39.5,56.2
Senegal,2023,46.4,22.2,34.8,38.1,43.3,21.7
Portugal,2023,45.3,21.9,34.1,36.0,38.7,51.7
Cambodia,2023,44.5,13.8,29.8,43.9,26.2,15.5
Slovakia,2023,44.2,14.9,30.2,40.0,33.6,56.3
Chile,2023,44.1,13.4,29.4,39.9,42.4,37.3
El Salvador,2023,43.3,14.8,29.6,43.5,31.3,22.7
Ivory Coast,2023,42.7,15.5,29.6,35.2,27.5,7.8
Ethiopia,2023,42.3,17.1,30.2,34.3,19.7,11.6
Mauritius,2023,42.2,10.9,27.2,41.6,32.3,30.8
Dominican Republic,2023,41.8,11.9,27.5,36.8,33.9,23.0
Venezuela,2023,41.6,7.4,25.2,37.1,43.6,12.4
Russia,2023,40.8,12.8,27.4,33.4,39.2,40.9
Armenia,2023,40.8,23.5,32.5,34.3,36.1,25.5
Zimbabwe,2023,40.8,11.5,26.7,35.0,32.5,18.7
Thailand,2023,40.7,13.3,27.6,42.0,21.0,33.2
Bulgaria,2023,40.5,10.0,25.9,35.7,35.8,51.2
Guatemala,2023,40.2,13.8,27.5,38.9,28.5,29.7
Hungary,2023,39.2,11.6,26.0,34.8,32.3,53.1
China,2023,39.2,18.8,29.4,41.0,27.0,62.3
Georgia,2023,38.9,19.3,29.5,33.9,36.7,25.9
Montenegro,2023,38.9,13.5,26.7,32.4,32.9,40.4
Honduras,2023,38.8,9.3,24.7,33.1,26.2,35.4
Poland,2023,38.6,16.0,27.8,30.8,34.0,64.0
Fiji,2023,38.5,15.1,27.3,41.9,30.7,65.5
South Africa,2023,37.8,14.0,26.4,30.1,34.8,83.9
Albania,2023,37.4,9.1,23.9,31.3,26.5,30.1
Romania,2023,37.4,9.9,24.2,32.0,33.0,52.5
Mexico,2023,37.3,12.8,25.5,36.6,34.0,43.5
Serbia,2023,37.2,10.6,24.4,30.6,30.2,39.6
Nicaragua,2023,36.8,7.8,22.9,34.3,26.0,21.7
Namibia,2023,35.8,11.8,24.3,30.9,39.1,51.3
Vietnam,2023,35.7,11.2,24.0,35.9,18.1,31.5
Belarus,2023,35.4,10.0,23.2,31.0,37.2,36.4
Iran,2023,35.2,14.6,25.3,26.2,24.6,21.1
Bosnia And Herzegovina,2023,35.1,5.9,21.1,30.8,21.8,48.6
Ecuador,2023,35.1,9.7,22.9,31.9,26.6,37.0
Malaysia,2023,35.0,9.8,22.9,36.7,20.5,65.7
Brazil,2023,34.7,8.3,22.1,29.3,26.4,28.7
Botswana,2023,34.4,7.5,21.5,30.5,32.7,63.6
Philippines,2023,34.0,9.8,22.4,33.4,20.9,22.4
Cameroon,2023,33.6,5.7,20.3,33.8,22.3,18.4
Myanmar,2023,32.9,20.0,26.7,33.8,18.4,29.7
Peru,2023,32.4,11.1,22.2,29.4,22.3,31.3
Kenya,2023,32.4,7.8,20.6,29.8,27.0,32.8
Moldova,2023,32.3,8.3,20.8,26.8,27.7,33.1
Uganda,2023,32.1,9.0,21.0,27.8,23.1,12.5
Bolivia,2023,31.9,8.2,20.5,27.8,23.4,37.4
Iraq,2023,31.4,9.2,20.8,26.6,25.1,44.5
North Macedonia,2023,31.4,5.7,19.1,27.1,21.3,38.2
Mongolia,2023,31.2,8.3,20.2,31.2,25.5,24.3
Argentina,2023,31.2,6.9,19.5,25.7,26.8,36.8
Indonesia,2023,31.2,8.3,20.2,33.1,16.0,27.5
Nigeria,2023,30.9,33.3,32.0,32.4,22.2,8.4
Tanzania,2023,30.8,9.9,20.8,28.4,21.9,20.5
Rwanda,2023,30.0,14.2,22.4,26.3,24.2,30.0
Morocco,2023,29.3,7.5,18.8,25.4,19.7,33.6
Azerbaijan,2023,28.9,7.5,18.7,25.4,26.9,32.0
Paraguay,2023,28.6,9.3,19.4,24.4,21.4,27.8
Kosovo (Disputed Territory),2023,28.4,8.0,18.6,25.1,19.6,37.6
Kazakhstan,2023,28.1,11.5,20.2,25.0,26.4,38.1
Turkey,2023,28.1,7.2,18.1,23.2,18.3,31.0
Algeria,2023,27.6,4.3,16.5,30.1,13.6,26.9
Uzbekistan,2023,27.0,10.7,19.2,25.4,22.9,24.8
Ghana,2023,26.7,14.6,20.9,26.5,23.6,17.2
Bangladesh,2023,26.6,3.2,15.4,25.2,16.6,26.9
Tunisia,2023,26.5,5.0,16.2,25.6,14.4,30.0
Syria,2023,26.1,4.5,15.7,23.7,19.0,5.5
Kyrgyzstan,2023,25.9,9.3,18.0,24.7,23.5,25.5
Ukraine,2023,25.6,8.1,17.2,22.2,21.2,38.1
Sri Lanka,2023,25.3,5.4,15.8,31.0,12.0,16.0
Nepal,2023,24.8,3.7,14.7,22.8,17.3,21.8
Libya,2023,24.2,5.2,15.1,23.1,19.3,32.1
Colombia,2023,23.1,7.0,15.4,21.0,17.3,31.1
India,2023,22.4,5.5,14.3,23.3,15.7,64.6
Egypt,2023,21.6,4.3,13.3,19.6,18.0,21.9
Pakistan,2023,18.0,3.4,11.0,15.4,13.7,24.4
Bermuda,2024,133.6,91.4,113.6,143.6,124.2,84.3
Switzerland,2024,112.2,52.8,84.0,116.7,104.1,118.9
Cayman Islands,2024,111.7,76.0,94.8,109.0,99.5,73.7
Us Virgin Islands,2024,102.6,47.9,76.7,104.1,83.5,55.8
Bahamas,2024,88.5,41.8,66.3,80.5,80.4,38.0
Iceland,2024,85.7,41.0,64.5,86.5,88.0,109.1
Singapore,2024,81.9,71.9,77.1,75.0,55.3,103.0
Barbados,2024,79.4,19.9,51.2,78.6,71.8,34.4
Norway,2024,79.2,27.8,54.8,77.5,75.9,94.9
Denmark,2024,75.2,28.6,53.1,65.0,82.6,103.3
Jersey,2024,74.3,52.5,64.0,64.1,93.6,72.0
United States,2024,72.9,44.7,59.5,74.2,68.4,120.9
Australia,2024,72.8,36.6,55.6,73.9,66.9,93.6
Hong Kong (China),2024,71.5,61.4,66.7,79.6,47.0,84.1
Canada,2024,68.4,36.0,53.1,70.7,64.0,83.3
New Zealand,2024,68.2,28.8,49.5,71.7,58.8,93.0
Guernsey,2024,67.5,46.7,57.6,68.8,63.6,83.2
Israel,2024,67.2,31.2,50.1,60.2,71.9,79.5
Austria,2024,66.8,23.7,46.4,64.8,59.0,84.4
Ireland,2024,66.5,47.3,57.4,58.9,65.9,82.0
France,2024,66.0,22.3,45.3,68.6,57.9,83.4
Finland,2024,65.5,20.8,44.3,61.6,63.8,97.3
Luxembourg,2024,65.3,42.4,54.4,65.1,69.4,148.9
Puerto Rico,2024,64.4,25.3,45.9,64.1,50.3,77.1
South Korea,2024,64.4,17.1,42.0,83.1,32.4,90.6
Netherlands,2024,64.3,34.5,50.2,57.4,61.0,103.3
United Kingdom,2024,63.7,33.5,49.4,55.5,63.9,90.1
Belgium,2024,63.0,21.4,43.3,56.1,67.8,90.7
Germany,2024,62.7,26.3,45.4,57.6,52.5,101.0
Sweden,2024,62.2,23.1,43.6,61.8,56.1,94.6
Isle Of Man,2024,59.8,27.4,44.5,48.7,67.9,167.1
Italy,2024,58.9,21.1,41.0,56.8,55.0,62.8
United Arab Emirates,2024,57.8,46.9,52.6,45.0,50.0,98.7
Cyprus,2024,57.1,25.0,41.8,49.3,54.0,59.4
Macao (China),2024,56.2,30.5,44.0,64.0,38.6,96.9
Yemen,2024,56.1,7.1,32.8,64.0,30.2,17.1
Uruguay,2024,55.3,15.2,36.3,50.3,50.4,47.0
Malta,2024,55.1,25.3,40.9,49.9,57.5,58.3
Qatar,2024,55.0,40.4,48.1,44.3,49.5,127.4
Greece,2024,54.2,13.6,34.9,47.9,52.9,42.1
Bahrain,2024,53.7,22.6,39.0,46.4,43.4,83.6
Costa Rica,2024,53.6,16.5,36.0,54.2,44.1,37.0
Trinidad And Tobago,2024,53.6,13.3,34.5,53.9,44.6,35.4
Jamaica,2024,53.1,13.4,34.3,57.2,38.4,28.1
Estonia,2024,53.0,15.5,35.2,45.2,48.8,69.0
Latvia,2024,51.4,11.7,32.6,42.6,46.2,51.9
Japan,2024,50.7,15.1,33.8,55.4,30.9,99.5
Brunei,2024,50.5,17.4,34.8,65.6,25.6,87.0
Maldives,2024,50.0,23.1,37.3,47.5,28.0,40.8
Slovenia,2024,49.3,17.0,34.0,46.3,41.2,68.0
Taiwan,2024,49.0,13.7,32.2,61.8,24.8,80.0
Czech Republic,2024,48.6,21.0,35.5,44.1,34.5,64.9
Lithuania,2024,48.4,15.8,32.9,43.6,45.1,61.8
Spain,2024,48.4,23.6,36.6,45.1,44.0,78.2
Belize,2024,48.0,10.7,30.3,47.4,27.9,52.4
Slovakia,2024,47.9,15.1,32.4,45.1,35.5,55.8
Panama,2024,47.4,21.5,35.1,46.4,43.2,34.7
Saudi Arabia,2024,47.4,12.2,30.7,40.8,32.9,105.1
Croatia,2024,46.9,14.5,31.5,42.6,42.6,58.0
Portugal,2024,46.6,25.4,36.5,42.9,37.9,46.5
Lebanon,2024,46.3,16.5,32.2,33.4,37.8,20.7
Guyana,2024,46.2,11.5,29.8,48.2,44.8,21.9
Cuba,2024,45.6,10.6,29.0,41.3,25.5,1.7
Ivory Coast,2024,44.7,16.8,31.5,38.3,27.5,8.5
Oman,2024,44.4,13.3,29.7,39.5,33.5,109.6
Senegal,2024,44.0,22.7,33.9,40.1,37.9,18.0
Mexico,2024,43.8,17.0,31.1,45.6,36.7,38.0
Kuwait,2024,43.4,24.3,34.4,33.8,36.9,128.5
Hungary,2024,43.4,11.3,28.2,39.5,36.7,49.8
Palestine,2024,43.3,8.4,26.8,40.6,27.4,37.4
Ethiopia,2024,43.1,15.1,29.8,42.4,19.5,10.4
Jordan,2024,43.0,7.6,26.2,36.9,35.8,36.4
Mozambique,2024,43.0,20.6,32.4,35.0,37.6,12.5
Poland,2024,41.9,19.2,31.1,35.9,35.7,66.2
El Salvador,2024,41.1,16.8,29.6,42.7,30.5,22.2
Montenegro,2024,40.9,16.6,29.4,36.3,35.6,41.8
Albania,2024,40.8,10.2,26.3,39.4,31.0,31.6
Chile,2024,39.9,11.5,26.4,40.6,35.1,36.4
Mauritius,2024,39.8,11.0,26.2,41.4,27.1,32.8
Zambia,2024,39.7,9.0,25.2,30.8,19.6,17.4
Cameroon,2024,39.6,18.3,29.5,33.4,38.5,8.4
Venezuela,2024,39.4,5.7,23.4,38.3,38.5,12.6
Dominican Republic,2024,39.0,11.2,25.8,36.6,33.2,23.5
Romania,2024,38.8,10.6,25.4,36.4,35.0,48.4
Bulgaria,2024,38.7,9.9,25.1,37.6,32.8,52.6
Armenia,2024,38.6,19.5,29.5,34.1,36.2,32.1
Myanmar,2024,38.6,15.3,27.5,31.2,16.1,16.0
Cambodia,2024,38.5,10.2,25.1,41.6,22.2,16.9
Serbia,2024,38.3,12.7,26.2,35.0,30.4,39.6
Guatemala,2024,37.7,12.9,25.9,39.1,27.9,29.7
Honduras,2024,37.3,10.3,24.5,36.6,26.5,35.1
Georgia,2024,37.2,15.5,26.9,35.7,34.5,27.9
Zimbabwe,2024,37.0,10.1,24.2,33.4,26.1,21.5
Thailand,2024,36.0,12.4,24.8,41.0,18.4,32.9
Brazil,2024,35.2,9.0,22.8,32.4,26.0,30.1
Fiji,2024,34.8,15.2,25.5,40.0,27.7,64.0
Bosnia And Herzegovina,2024,34.7,5.7,21.0,32.7,22.0,47.1
Moldova,2024,34.6,9.8,22.8,31.0,26.6,35.2
China,2024,34.1,13.4,24.3,37.6,21.0,60.5
North Macedonia,2024,34.1,6.8,21.1,31.2,22.8,37.0
Turkey,2024,33.8,13.2,24.0,30.3,25.8,39.3
South Africa,2024,33.8,11.8,23.4,27.6,28.7,84.7
Ecuador,2024,33.6,8.9,21.9,34.0,24.8,36.4
Philippines,2024,33.6,8.3,21.6,35.2,17.9,25.9
Nicaragua,2024,33.6,8.7,21.8,37.3,21.6,18.1
Kazakhstan,2024,33.5,13.6,24.0,31.9,29.7,36.8
Sri Lanka,2024,33.2,6.0,20.3,44.6,16.7,14.4
Mongolia,2024,32.7,11.0,22.4,37.2,21.9,23.5
Kosovo (Disputed Territory),2024,31.3,8.5,20.5,29.3,20.7,34.8
Azerbaijan,2024,31.1,8.1,20.2,28.4,30.1,29.4
Peru,2024,30.9,9.7,20.8,30.7,21.4,27.3
Namibia,2024,30.8,10.4,21.1,30.0,27.4,51.4
Vietnam,2024,30.8,9.7,20.8,34.6,14.9,32.5
Colombia,2024,30.6,8.8,20.3,30.6,20.9,28.1
Malaysia,2024,30.5,8.2,19.9,35.4,18.3,62.1
Uganda,2024,30.4,7.3,19.4,27.8,21.7,15.2
Iraq,2024,30.2,8.2,19.8,27.4,20.7,42.0
Botswana,2024,30.1,6.1,18.7,27.3,22.5,56.5
Morocco,2024,29.9,7.8,19.4,28.8,19.3,30.4
Algeria,2024,29.5,4.1,17.5,35.6,13.1,25.4
Russia,2024,29.5,9.9,20.2,25.9,26.2,41.5
Egypt,2024,29.1,5.5,17.9,27.8,21.7,15.2
Somalia,2024,29.0,4.5,17.4,30.9,23.6,30.5
Tunisia,2024,28.7,5.0,17.4,30.0,15.2,25.7
Ukraine,2024,28.6,8.5,19.0,26.6,22.2,32.2
Indonesia,2024,28.5,8.3,18.9,33.6,14.4,25.8
Bolivia,2024,28.3,7.4,18.4,25.9,19.7,32.3
Argentina,2024,27.8,6.8,17.8,25.6,23.6,35.8
Paraguay,2024,27.6,10.5,19.5,24.9,19.1,28.1
Uzbekistan,2024,27.1,12.1,20.0,27.8,20.1,28.0
Belarus,2024,27.1,8.2,18.2,24.4,25.3,39.6
Nepal,2024,26.9,4.0,16.1,24.8,17.6,20.3
Iran,2024,26.9,8.9,18.4,21.5,16.5,21.2
Kyrgyzstan,2024,26.9,11.1,19.4,25.9,20.0,24.5
Rwanda,2024,26.3,9.5,18.3,26.1,19.1,21.7
Tanzania,2024,26.0,8.0,17.5,25.8,20.3,21.6
Ghana,2024,26.0,11.0,18.8,27.2,22.9,14.8
Madagascar,2024,25.2,8.0,17.0,23.6,13.7,12.3
Syria,2024,25.0,4.1,15.1,23.5,16.5,4.7
Bangladesh,2024,24.9,2.7,14.4,26.6,14.0,25.8
Kenya,2024,24.8,7.1,16.4,23.8,18.3,30.6
Afghanistan,2024,22.8,2.8,13.3,17.3,13.0,22.4
India,2024,22.2,6.2,14.6,23.5,15.6,60.7
Libya,2024,21.2,4.4,13.3,21.5,15.2,33.7
Nigeria,2024,19.3,15.4,17.4,21.4,13.3,9.4
Pakistan,2024,18.5,2.9,11.1,16.4,12.7,24.5
Us Virgin Islands,2025,98.4,46.4,75.4,106.3,90.5,72.3
Switzerland,2025,98.4,45.2,74.8,103.1,98.4,159.7
Iceland,2025,83.4,43.7,65.9,90.3,94.7,123.5
Bahamas,2025,81.4,46.9,66.1,79.1,94.5,58.4
Singapore,2025,79.1,67.0,73.7,70.8,53.5,93.8
Hong Kong (China),2025,73.6,55.7,65.7,75.9,49.7,101.0
Barbados,2025,70.0,20.1,47.9,78.1,70.3,45.9
Norway,2025,69.0,24.8,49.4,71.9,74.6,119.5
Papua New Guinea,2025,67.4,36.6,53.7,51.9,37.9,14.0
Denmark,2025,66.9,25.7,48.6,61.0,80.8,133.6
Guernsey,2025,66.1,45.7,57.1,70.5,65.9,136.6
Israel,2025,65.2,27.1,48.3,61.2,74.5,110.0
United States,2025,64.9,40.9,54.3,71.7,69.3,146.2
Luxembourg,2025,64.8,42.2,54.8,65.3,72.8,177.1
Australia,2025,60.9,29.8,47.1,67.9,59.2,135.4
Austria,2025,60.7,22.0,43.6,62.2,59.7,107.1
Netherlands,2025,60.5,32.1,47.9,56.8,67.7,129.9
Ireland,2025,59.8,39.0,50.6,56.9,65.8,108.9
United Kingdom,2025,59.2,30.0,46.3,54.8,65.3,119.9
Puerto Rico,2025,58.7,19.9,41.5,63.1,53.4,111.0
Finland,2025,58.7,19.1,41.1,59.4,64.7,124.5
Canada,2025,58.7,30.3,46.1,65.3,59.9,109.1
Germany,2025,58.4,22.4,42.4,56.7,57.5,127.1
France,2025,58.0,19.4,41.0,63.6,56.1,110.0
Macao (China),2025,56.8,29.4,44.6,68.2,40.4,103.8
South Korea,2025,56.5,15.1,38.2,74.5,32.8,105.0
Belgium,2025,56.5,19.3,40.1,54.6,67.1,116.1
New Zealand,2025,55.3,23.4,41.2,62.2,53.8,130.5
Sweden,2025,54.2,19.1,38.7,55.5,56.0,130.3
United Arab Emirates,2025,54.1,39.7,47.8,42.4,59.9,128.3
Italy,2025,51.0,17.7,36.3,53.5,53.0,85.1
Jamaica,2025,50.3,17.7,35.9,59.6,42.8,36.4
Costa Rica,2025,50.1,18.5,36.1,56.2,47.8,50.9
Cyprus,2025,49.5,24.0,38.2,47.0,52.7,80.4
Estonia,2025,49.4,14.1,33.8,45.1,54.0,84.2
Trinidad And Tobago,2025,48.9,13.7,33.3,54.1,45.2,46.1
Yemen,2025,48.4,5.9,29.6,61.5,33.9,20.0
Bahrain,2025,48.3,20.4,36.0,46.2,47.6,117.5
Malta,2025,48.0,23.3,37.1,48.1,55.1,75.3
Qatar,2025,47.5,34.4,41.7,42.2,46.4,177.9
Greece,2025,46.5,11.8,31.1,44.4,51.1,59.5
Uruguay,2025,46.3,12.5,31.3,46.5,49.5,54.1
Slovenia,2025,46.2,18.9,34.1,45.8,43.9,83.6
Japan,2025,45.6,14.1,31.6,54.5,29.4,119.8
Maldives,2025,45.3,22.0,35.0,50.5,34.1,51.9
Brunei,2025,44.4,15.2,31.5,64.6,29.5,117.6
Taiwan,2025,44.4,13.1,30.5,58.0,25.5,101.2
Lithuania,2025,44.0,14.4,30.9,40.1,49.1,79.8
Panama,2025,43.9,22.5,34.4,49.6,41.9,46.3
Spain,2025,43.5,21.2,33.6,43.0,46.1,98.1
Latvia,2025,43.4,10.0,28.6,40.6,43.2,75.8
Croatia,2025,43.2,14.5,30.5,40.9,46.8,78.8
Ethiopia,2025,43.2,15.7,31.0,46.5,22.8,13.3
Czech Republic,2025,42.6,17.6,31.5,41.0,35.3,88.5
Slovakia,2025,42.1,14.1,29.7,43.1,35.7,74.0
Saudi Arabia,2025,41.9,11.5,28.4,40.2,33.9,146.1
Belize,2025,41.4,11.6,28.2,46.7,34.7,69.9
Portugal,2025,41.2,22.2,32.8,40.5,38.4,59.7
Cuba,2025,40.8,11.6,27.9,41.1,26.6,2.5
Kuwait,2025,40.4,21.9,32.2,33.7,40.8,174.0
Albania,2025,39.9,11.7,27.4,40.4,38.2,42.7
Oman,2025,39.8,12.0,27.5,38.9,38.4,150.3
Armenia,2025,39.6,17.6,29.9,34.5,42.3,37.6
Palestine,2025,39.5,7.8,25.5,41.0,32.8,48.9
Botswana,2025,39.5,5.6,24.5,28.1,24.9,63.5
Mozambique,2025,38.9,13.2,27.5,33.6,37.1,25.3
Poland,2025,38.9,16.1,28.8,34.7,39.5,91.4
Lebanon,2025,38.8,13.6,27.7,31.2,40.9,35.1
Ivory Coast,2025,38.8,14.5,28.0,34.6,32.2,13.3
Somalia,2025,38.7,3.5,23.1,30.7,23.3,27.7
El Salvador,2025,37.9,15.6,28.0,42.8,32.4,33.8
Jordan,2025,37.2,7.7,24.1,35.3,37.2,51.7
Guatemala,2025,36.8,12.6,26.1,41.7,34.8,38.6
Hungary,2025,36.6,11.1,25.3,35.4,36.2,70.7
Montenegro,2025,36.3,14.9,26.8,34.7,37.7,56.8
Cameroon,2025,36.2,17.2,27.8,34.7,42.2,9.7
Serbia,2025,35.9,12.2,25.4,34.1,35.5,57.6
Venezuela,2025,35.9,5.8,22.6,39.5,39.9,15.8
Argentina,2025,35.7,9.9,24.3,37.0,39.8,41.1
Mauritius,2025,35.6,9.7,24.1,39.1,29.9,49.4
Bulgaria,2025,35.4,10.1,24.2,36.7,36.7,74.4
Chile,2025,35.1,10.6,24.3,38.1,36.8,51.0
Zimbabwe,2025,34.7,8.5,23.1,33.9,33.2,29.6
Turkey,2025,34.7,12.8,25.0,35.6,34.1,51.2
Rwanda,2025,34.6,8.2,22.9,23.8,21.2,20.7
Honduras,2025,34.6,10.2,23.8,39.0,31.5,42.5
Mexico,2025,34.5,14.1,25.4,38.2,36.0,46.9
Dominican Republic,2025,34.3,9.8,23.5,36.2,33.3,31.4
Romania,2025,34.0,9.6,23.2,33.9,35.7,73.1
Cambodia,2025,33.9,9.4,23.0,40.9,24.4,26.7
Zambia,2025,33.8,9.8,23.1,29.0,22.1,23.0
Thailand,2025,33.7,11.9,24.1,40.5,21.4,46.0
Sri Lanka,2025,33.5,6.3,21.5,49.9,23.3,18.2
Fiji,2025,32.0,15.6,24.8,40.8,30.4,56.9
Tanzania,2025,31.8,8.8,21.6,27.1,22.0,22.1
Bosnia And Herzegovina,2025,31.6,6.1,20.3,32.9,24.1,63.3
Moldova,2025,30.8,12.6,22.7,29.5,27.2,46.3
China,2025,30.7,11.6,22.2,34.2,21.8,77.9
Ghana,2025,30.6,12.1,22.4,33.3,30.1,16.7
Mongolia,2025,30.6,14.3,23.4,38.6,24.2,30.8
Georgia,2025,30.4,12.8,22.6,31.2,33.5,39.6
North Macedonia,2025,30.3,6.8,19.9,30.2,24.7,59.7
Ecuador,2025,30.0,8.0,20.3,33.2,27.1,45.6
South Africa,2025,30.0,11.1,21.6,27.5,29.3,111.2
Malaysia,2025,29.7,8.1,20.1,37.3,22.1,83.8
Azerbaijan,2025,29.5,9.0,20.4,28.3,33.1,41.4
Peru,2025,29.4,9.2,20.5,32.4,25.3,38.2
Namibia,2025,29.3,11.4,21.4,31.3,28.9,62.2
Philippines,2025,28.8,6.9,19.1,34.3,19.0,37.3
Kenya,2025,28.2,7.6,19.1,30.2,25.0,35.1
Morocco,2025,27.2,7.1,18.3,28.8,22.2,41.7
Iraq,2025,26.9,7.3,18.2,27.9,22.9,54.5
Vietnam,2025,26.6,9.2,18.9,32.1,16.8,42.3
Kazakhstan,2025,26.6,10.5,19.4,27.4,28.0,50.8
Nigeria,2025,26.4,21.8,24.4,31.8,21.6,10.6
Uganda,2025,26.0,8.5,18.2,28.3,24.7,16.4
Colombia,2025,26.0,8.1,18.1,27.7,22.9,36.0
Kosovo (Disputed Territory),2025,25.7,6.7,17.3,27.1,20.9,52.9
Brazil,2025,25.6,7.2,17.4,25.9,22.5,42.3
Tunisia,2025,25.5,4.6,16.3,31.0,16.1,34.7
Kyrgyzstan,2025,25.4,10.8,18.9,28.0,21.4,35.6
Bolivia,2025,25.2,8.3,17.7,25.9,22.4,43.9
Belarus,2025,25.0,8.7,17.8,24.7,27.5,54.7
Indonesia,2025,24.6,7.7,17.1,32.5,15.2,33.9
Ukraine,2025,24.6,7.8,17.1,25.2,21.9,46.3
Algeria,2025,24.5,3.4,15.2,33.2,14.5,34.5
Uzbekistan,2025,24.2,12.0,18.8,26.6,20.8,44.5
Iran,2025,23.6,8.5,16.9,20.8,16.9,28.4
Syria,2025,23.3,3.5,14.5,24.5,17.8,5.4
Paraguay,2025,23.0,8.6,16.6,22.7,19.8,41.0
Nepal,2025,23.0,3.0,14.1,24.0,18.7,29.0
Russia,2025,22.3,7.5,15.8,21.8,21.8,56.2
Bangladesh,2025,20.9,2.4,12.7,25.2,15.4,35.6
Madagascar,2025,20.7,4.5,13.5,21.6,14.3,15.0
Afghanistan,2025,19.9,2.0,12.0,17.3,14.3,35.0
India,2025,19.5,5.0,13.1,22.5,16.6,82.2
Egypt,2025,19.0,3.5,12.2,19.7,18.2,21.1
Libya,2025,18.6,3.9,12.1,22.8,13.9,51.6
Pakistan,2025,17.8,2.9,11.2,17.2,15.0,30.5
