rank,country,health_care_index,health_care_exp_index,Year
1,Japan,96.1,179.4,2012
2,Indonesia,94.1,175.0,2012
3,Sri Lanka,93.5,174.2,2012
4,Thailand,92.6,173.3,2012
5,Israel,91.7,170.6,2012
6,Denmark,89.8,168.2,2012
7,Colombia,88.9,165.1,2012
8,Malta,87.0,161.3,2012
9,New Zealand,86.8,161.2,2012
10,Sweden,86.8,162.0,2012
11,Austria,83.2,153.8,2012
12,Slovenia,82.9,152.7,2012
13,Panama,82.4,153.5,2012
14,Belgium,82.2,153.6,2012
15,France,80.7,148.5,2012
16,Mexico,80.1,147.2,2012
17,Switzerland,79.5,153.5,2012
18,Bolivia,79.2,146.0,2012
19,Australia,79.1,144.9,2012
20,Norway,79.0,147.1,2012
21,Ecuador,77.8,151.2,2012
22,Finland,77.1,145.2,2012
23,Argentina,76.7,143.1,2012
24,Philippines,76.1,142.1,2012
25,United Kingdom,76.0,139.9,2012
26,Taiwan,74.1,134.5,2012
27,Canada,72.0,134.9,2012
28,Germany,72.0,133.9,2012
29,Jordan,70.8,132.6,2012
30,Slovakia,70.4,131.5,2012
31,Netherlands,70.4,136.9,2012
32,Turkey,70.0,126.9,2012
33,Portugal,70.0,129.9,2012
34,Spain,69.9,130.3,2012
35,Estonia,69.4,129.5,2012
36,Malaysia,69.1,127.1,2012
37,Italy,67.8,123.6,2012
38,Georgia,67.1,123.4,2012
39,Egypt,65.7,117.6,2012
40,United States,65.5,122.2,2012
41,Croatia,65.0,130.8,2012
42,Czech Republic,65.0,123.2,2012
43,Lithuania,64.6,122.2,2012
44,United Arab Emirates,63.9,120.5,2012
45,Pakistan,60.4,109.3,2012
46,Bulgaria,60.3,114.5,2012
47,Hungary,60.0,111.0,2012
48,South Africa,59.5,105.1,2012
49,India,59.4,105.1,2012
50,Chile,59.3,105.5,2012
51,Brazil,59.1,111.7,2012
52,Singapore,59.0,113.3,2012
53,Serbia,57.4,102.4,2012
54,Bosnia And Herzegovina,57.4,108.8,2012
55,Poland,55.8,99.7,2012
56,Greece,51.8,93.9,2012
57,Romania,48.4,85.9,2012
58,Venezuela,45.4,91.1,2012
59,Puerto Rico,44.7,84.5,2012
60,Iran,43.4,77.1,2012
61,Lebanon,43.3,77.1,2012
62,Mongolia,43.1,84.6,2012
63,Ireland,41.1,78.2,2012
64,Saudi Arabia,40.7,73.3,2012
65,Ukraine,40.3,80.7,2012
66,China,36.1,59.3,2012
67,Russia,35.5,63.8,2012
1,Thailand,94.7,176.6,2013
2,Israel,87.0,162.1,2013
3,Denmark,86.1,160.0,2013
4,France,85.6,159.4,2013
5,Panama,82.4,153.5,2013
6,Belgium,81.5,151.3,2013
7,Austria,81.5,150.4,2013
8,Taiwan,81.2,148.7,2013
9,Sri Lanka,80.6,149.0,2013
10,South Korea,80.6,148.8,2013
11,Norway,80.5,150.4,2013
12,Japan,80.1,145.8,2013
13,Sweden,78.7,145.7,2013
14,Argentina,78.3,146.8,2013
15,Estonia,78.1,144.2,2013
16,Malta,77.8,142.9,2013
17,Colombia,77.3,140.4,2013
18,Costa Rica,77.1,143.2,2013
19,Finland,76.4,140.9,2013
20,New Zealand,76.0,139.1,2013
21,Spain,75.6,140.9,2013
22,Australia,75.6,138.2,2013
23,Jordan,75.4,139.6,2013
24,Philippines,73.7,136.4,2013
25,Germany,73.3,134.8,2013
26,Canada,72.8,135.7,2013
27,Mexico,72.1,130.8,2013
28,Slovenia,72.1,134.6,2013
29,Switzerland,72.0,137.4,2013
30,Turkey,71.9,130.3,2013
31,United Kingdom,71.3,131.7,2013
32,Hong Kong,71.1,130.7,2013
33,Lithuania,70.8,130.0,2013
34,Cyprus,70.0,125.9,2013
35,Georgia,69.0,126.2,2013
36,Qatar,68.1,132.7,2013
37,United States,67.8,126.3,2013
38,Bolivia,67.4,125.4,2013
39,Netherlands,66.8,125.2,2013
40,North Macedonia,64.8,123.0,2013
41,Iceland,64.8,123.6,2013
42,Ecuador,64.8,121.4,2013
43,Italy,64.8,119.5,2013
44,Morocco,63.3,113.7,2013
45,India,62.7,111.5,2013
46,Czech Republic,62.0,117.8,2013
47,Portugal,61.6,113.9,2013
48,Chile,61.5,110.0,2013
49,South Africa,61.3,111.0,2013
50,China,60.9,108.2,2013
51,Slovakia,60.0,110.2,2013
52,United Arab Emirates,59.9,112.3,2013
53,Malaysia,59.7,108.0,2013
54,Egypt,59.1,104.6,2013
55,Puerto Rico,59.0,112.6,2013
56,Singapore,58.8,112.6,2013
57,Poland,57.8,108.0,2013
58,Brazil,57.6,107.1,2013
59,Uruguay,57.2,104.6,2013
60,Montenegro,56.9,103.7,2013
61,Serbia,55.6,99.3,2013
62,Bulgaria,54.6,100.5,2013
63,Bosnia And Herzegovina,54.5,98.6,2013
64,Cambodia,53.8,97.4,2013
65,Peru,53.7,97.9,2013
66,Hungary,51.0,95.3,2013
67,Greece,50.4,89.3,2013
68,Croatia,50.0,101.2,2013
69,Ireland,49.0,94.8,2013
70,Indonesia,48.5,84.4,2013
71,Ukraine,47.9,85.1,2013
72,Pakistan,47.9,84.7,2013
73,Romania,46.1,81.5,2013
74,Iran,45.7,79.6,2013
75,Albania,44.4,82.2,2013
76,Venezuela,44.4,76.5,2013
77,Lebanon,43.3,77.1,2013
78,Mongolia,43.1,84.6,2013
79,Russia,39.3,69.0,2013
80,Uganda,34.7,63.8,2013
81,Saudi Arabia,34.2,65.4,2013
82,Azerbaijan,28.7,50.4,2013
1,Denmark,85.6,159.2,2014
2,Thailand,85.4,158.1,2014
3,Japan,85.0,156.0,2014
4,France,82.3,152.3,2014
5,Austria,79.7,147.3,2014
6,South Korea,79.2,146.1,2014
7,Taiwan,78.3,142.7,2014
8,Belgium,78.0,143.1,2014
9,New Zealand,77.8,142.3,2014
10,Argentina,76.7,141.4,2014
11,Sri Lanka,76.7,141.6,2014
12,Estonia,76.3,140.2,2014
13,Norway,75.7,139.8,2014
14,Israel,75.4,138.8,2014
15,Germany,75.3,138.3,2014
16,Sweden,75.2,138.4,2014
17,Spain,75.2,139.6,2014
18,Jordan,74.1,136.0,2014
19,Australia,73.6,134.5,2014
20,United Kingdom,73.5,135.3,2014
21,Canada,71.9,133.1,2014
22,Hong Kong,71.8,131.5,2014
23,Mexico,70.6,127.5,2014
24,Philippines,69.8,125.6,2014
25,Malaysia,69.4,126.1,2014
26,Lithuania,69.3,126.7,2014
27,Cyprus,68.7,122.9,2014
28,Finland,68.7,123.7,2014
29,United States,68.6,127.7,2014
30,Colombia,68.5,122.7,2014
31,Switzerland,68.0,128.1,2014
32,Czech Republic,66.3,123.4,2014
33,Kuwait,66.2,122.9,2014
34,Netherlands,66.2,121.9,2014
35,China,65.1,117.9,2014
36,Italy,65.0,119.2,2014
37,Latvia,65.0,122.2,2014
38,Portugal,64.8,119.0,2014
39,India,64.6,115.3,2014
40,Costa Rica,63.9,114.5,2014
41,Slovakia,63.5,115.6,2014
42,Singapore,61.8,117.1,2014
43,Albania,61.4,111.5,2014
44,Slovenia,61.3,114.7,2014
45,Egypt,61.3,109.5,2014
46,United Arab Emirates,60.6,113.4,2014
47,Indonesia,60.2,107.3,2014
48,Kazakhstan,60.2,114.1,2014
49,Puerto Rico,59.9,113.6,2014
50,Uruguay,59.6,108.2,2014
51,South Africa,59.4,107.7,2014
52,Ecuador,59.4,110.5,2014
53,Morocco,59.3,108.7,2014
54,Greece,59.0,105.5,2014
55,Chile,58.7,105.0,2014
56,Bulgaria,58.0,106.1,2014
57,Peru,57.6,103.7,2014
58,Turkey,57.5,101.2,2014
59,Montenegro,56.9,103.7,2014
60,Croatia,55.9,103.4,2014
61,Lebanon,55.4,101.5,2014
62,Poland,54.8,100.2,2014
63,Bosnia And Herzegovina,54.4,97.8,2014
64,Serbia,54.4,97.3,2014
65,Cambodia,53.8,97.4,2014
66,Brazil,53.7,97.2,2014
67,Bolivia,51.5,90.7,2014
68,Saudi Arabia,50.4,90.3,2014
69,Nigeria,50.4,93.2,2014
70,Pakistan,50.4,88.5,2014
71,Iran,48.6,85.3,2014
72,Oman,48.1,87.2,2014
73,Belarus,48.0,85.0,2014
74,Romania,47.3,83.7,2014
75,Ukraine,47.1,83.1,2014
76,Hungary,46.6,83.8,2014
77,Russia,43.5,75.0,2014
78,Ireland,42.6,79.1,2014
79,Venezuela,41.0,70.5,2014
80,North Macedonia,33.1,61.1,2014
81,Iraq,28.5,46.4,2014
82,Mongolia,27.2,50.8,2014
1,Japan,87.1,160.4,2015
2,Bahrain,84.4,155.5,2015
3,Taiwan,84.3,155.0,2015
4,France,82.6,152.4,2015
5,Thailand,82.5,151.7,2015
6,Malta,82.2,151.9,2015
7,Panama,82.1,151.2,2015
8,Hong Kong,80.6,148.1,2015
9,Denmark,79.3,147.7,2015
10,Dominican Republic,78.7,143.0,2015
11,Austria,78.4,144.9,2015
12,Cyprus,78.4,142.4,2015
13,South Korea,78.1,142.6,2015
14,Belgium,77.9,143.0,2015
15,Turkmenistan,77.2,141.2,2015
16,Israel,76.4,139.9,2015
17,Sweden,76.3,140.3,2015
18,Luxembourg,76.1,141.0,2015
19,Qatar,75.9,141.2,2015
20,Germany,75.6,138.9,2015
21,Norway,75.5,139.2,2015
22,Argentina,75.2,137.3,2015
23,Sri Lanka,74.3,135.1,2015
24,Cuba,74.0,137.8,2015
25,Turkey,74.0,133.7,2015
26,United Kingdom,73.9,135.7,2015
27,Spain,73.2,135.6,2015
28,Estonia,73.1,134.9,2015
29,New Zealand,72.6,132.0,2015
30,Australia,71.9,130.9,2015
31,Philippines,71.7,129.2,2015
32,Tunisia,71.0,128.9,2015
33,Lithuania,70.1,127.2,2015
34,Jordan,69.7,127.5,2015
35,Canada,69.6,128.4,2015
36,Finland,69.4,125.5,2015
37,Malaysia,69.1,125.7,2015
38,Colombia,68.9,123.6,2015
39,Uruguay,67.9,123.9,2015
40,Mexico,67.8,121.4,2015
41,United States,67.8,126.2,2015
42,Albania,67.4,122.5,2015
43,Czech Republic,67.2,124.6,2015
44,Netherlands,67.2,124.2,2015
45,Latvia,67.1,125.5,2015
46,India,66.9,119.8,2015
47,Kuwait,66.6,124.5,2015
48,Switzerland,66.3,125.2,2015
49,Singapore,66.1,123.7,2015
50,Indonesia,66.1,119.3,2015
51,Italy,65.8,120.4,2015
52,Lebanon,65.8,120.2,2015
53,Portugal,65.6,118.9,2015
54,Peru,64.7,119.3,2015
55,Nepal,63.4,114.0,2015
56,Ecuador,63.1,115.1,2015
57,Kenya,62.7,114.0,2015
58,Georgia,62.6,111.4,2015
59,Costa Rica,62.0,110.7,2015
60,South Africa,60.1,107.9,2015
61,Saudi Arabia,59.0,108.0,2015
62,Kazakhstan,58.9,110.3,2015
63,Puerto Rico,58.7,110.2,2015
64,China,58.7,105.7,2015
65,Chile,58.5,106.5,2015
66,Bulgaria,58.5,105.8,2015
67,Iceland,58.4,108.7,2015
68,Poland,58.0,105.5,2015
69,Morocco,57.8,102.6,2015
70,Slovakia,57.3,102.8,2015
71,Croatia,57.3,105.3,2015
72,Algeria,57.2,104.0,2015
73,Montenegro,56.9,103.7,2015
74,Greece,56.7,100.2,2015
75,United Arab Emirates,55.6,103.8,2015
76,Egypt,54.7,96.8,2015
77,Paraguay,54.4,105.1,2015
78,Trinidad And Tobago,54.4,98.7,2015
79,Cambodia,54.2,97.6,2015
80,Serbia,54.1,96.0,2015
81,Slovenia,53.9,98.6,2015
82,Moldova,52.7,102.4,2015
83,Brazil,52.2,92.9,2015
84,Bosnia And Herzegovina,52.1,93.2,2015
85,Russia,51.8,90.2,2015
86,Hungary,51.6,92.8,2015
87,Pakistan,51.2,88.3,2015
88,Iran,50.1,88.7,2015
89,Bolivia,49.8,85.5,2015
90,Ireland,49.5,90.0,2015
91,Armenia,48.3,87.9,2015
92,Oman,48.1,87.2,2015
93,Romania,46.6,82.2,2015
94,Belarus,45.4,80.7,2015
95,Ukraine,44.3,77.5,2015
96,Bangladesh,43.3,77.0,2015
97,Guam,39.9,72.5,2015
98,Venezuela,38.5,66.5,2015
99,Nigeria,38.4,68.3,2015
100,North Macedonia,35.1,66.2,2015
101,Vietnam,34.3,60.2,2015
102,Iraq,30.0,51.5,2015
103,Mongolia,28.3,55.0,2015
104,Azerbaijan,23.9,45.0,2015
105,Honduras,16.1,33.3,2015
1,Taiwan,86.4,159.1,2016
2,France,82.2,151.3,2016
3,Denmark,81.9,152.1,2016
4,Thailand,80.8,148.0,2016
5,Japan,80.4,147.0,2016
6,South Korea,79.0,143.4,2016
7,Belgium,78.1,142.8,2016
8,Austria,77.8,143.3,2016
9,Israel,76.1,139.6,2016
10,Spain,75.9,140.1,2016
11,Germany,75.8,139.0,2016
12,Finland,74.4,135.2,2016
13,Sweden,74.3,136.6,2016
14,Hong Kong,74.3,136.8,2016
15,Iceland,74.3,135.4,2016
16,Norway,74.2,136.1,2016
17,United Kingdom,74.0,135.7,2016
18,Argentina,73.7,134.5,2016
19,Australia,73.7,134.2,2016
20,Colombia,73.2,132.5,2016
21,Turkey,73.0,131.7,2016
22,Cyprus,72.9,131.6,2016
23,New Zealand,72.6,131.5,2016
24,Czech Republic,72.3,133.1,2016
25,Philippines,72.3,130.4,2016
26,Netherlands,70.4,128.9,2016
27,Estonia,69.9,129.1,2016
28,Jordan,69.3,125.9,2016
29,Singapore,69.1,127.5,2016
30,Portugal,69.0,125.0,2016
31,Switzerland,68.9,128.6,2016
32,Canada,68.6,126.2,2016
33,Mexico,68.1,121.8,2016
34,Italy,67.8,123.6,2016
35,United States,67.8,125.7,2016
36,Lithuania,67.4,121.3,2016
37,India,66.5,118.9,2016
38,Malaysia,66.4,119.8,2016
39,Ecuador,65.7,118.5,2016
40,Saudi Arabia,65.1,117.7,2016
41,Indonesia,62.6,111.6,2016
42,Pakistan,61.3,108.5,2016
43,China,61.2,109.0,2016
44,Chile,61.1,110.4,2016
45,Bosnia And Herzegovina,60.5,109.2,2016
46,Poland,60.0,108.3,2016
47,North Macedonia,60.0,106.5,2016
48,Croatia,60.0,110.4,2016
49,South Africa,59.6,106.7,2016
50,Greece,59.2,104.7,2016
51,Slovakia,58.6,104.9,2016
52,Slovenia,58.5,107.0,2016
53,United Arab Emirates,58.2,107.0,2016
54,Puerto Rico,57.0,106.6,2016
55,Serbia,55.9,100.9,2016
56,Russia,54.1,94.7,2016
57,Hungary,52.1,92.6,2016
58,Romania,51.4,90.7,2016
59,Brazil,51.1,90.4,2016
60,Bulgaria,50.9,91.0,2016
61,Ireland,50.4,91.7,2016
62,Iran,49.8,88.6,2016
63,Ukraine,49.7,87.0,2016
64,Egypt,46.6,80.7,2016
65,Venezuela,36.7,63.9,2016
1,South Korea,83.2,152.1,2017
2,Netherlands,82.5,151.3,2017
3,Taiwan,81.1,148.1,2017
4,Austria,80.9,148.9,2017
5,Thailand,80.7,147.5,2017
6,Sri Lanka,80.0,146.1,2017
7,Belgium,78.9,144.4,2017
8,Japan,78.6,143.3,2017
9,France,78.6,144.0,2017
10,Germany,76.7,140.3,2017
11,Spain,76.7,141.2,2017
12,Malta,76.2,139.0,2017
13,Denmark,75.4,139.2,2017
14,Finland,74.8,136.1,2017
15,Israel,74.8,136.9,2017
16,United Kingdom,74.3,135.9,2017
17,Australia,74.2,135.1,2017
18,Norway,74.2,135.8,2017
19,Czech Republic,74.1,136.1,2017
20,Argentina,73.3,133.7,2017
21,Jordan,71.9,131.3,2017
22,Turkey,71.7,129.2,2017
23,Estonia,71.3,130.7,2017
24,Switzerland,71.0,133.1,2017
25,Sweden,70.6,129.6,2017
26,New Zealand,70.6,127.9,2017
27,Portugal,70.3,127.4,2017
28,Mexico,70.1,125.7,2017
29,Singapore,69.9,129.4,2017
30,Ecuador,69.2,124.9,2017
31,Canada,69.2,127.1,2017
32,India,69.2,124.5,2017
33,Philippines,69.2,124.1,2017
34,Lithuania,68.7,123.7,2017
35,United States,68.2,125.9,2017
36,Hong Kong,68.0,124.2,2017
37,Uruguay,67.1,120.7,2017
38,Italy,66.3,120.5,2017
39,Qatar,66.1,119.5,2017
40,Malaysia,66.0,118.6,2017
41,Colombia,65.8,117.8,2017
42,Tunisia,65.7,117.4,2017
43,Iceland,65.6,119.1,2017
44,Croatia,65.5,121.0,2017
45,Indonesia,64.8,115.9,2017
46,Slovenia,64.4,117.5,2017
47,Lebanon,64.3,118.5,2017
48,North Macedonia,63.5,113.3,2017
49,Slovakia,62.6,113.3,2017
50,China,62.2,111.0,2017
51,South Africa,61.7,110.7,2017
52,Bosnia And Herzegovina,61.5,110.4,2017
53,Poland,61.5,110.7,2017
54,Chile,61.0,109.8,2017
55,United Arab Emirates,60.5,111.2,2017
56,Saudi Arabia,60.4,108.3,2017
57,Costa Rica,60.2,107.7,2017
58,Pakistan,59.0,104.4,2017
59,Peru,58.5,104.8,2017
60,Kuwait,57.6,105.9,2017
61,Russia,56.4,99.2,2017
62,Puerto Rico,56.3,103.9,2017
63,Cyprus,54.2,94.5,2017
64,Bulgaria,54.0,96.7,2017
65,Greece,53.9,94.9,2017
66,Serbia,53.9,97.4,2017
67,Belarus,53.8,94.7,2017
68,Hungary,53.5,95.4,2017
69,Ireland,53.3,96.3,2017
70,Romania,53.1,93.6,2017
71,Nigeria,52.3,91.4,2017
72,Brazil,51.7,91.5,2017
73,Iran,51.6,91.4,2017
74,Ukraine,49.8,86.7,2017
75,Vietnam,47.9,81.7,2017
76,Iraq,45.9,79.0,2017
77,Morocco,44.5,75.4,2017
78,Egypt,43.7,75.4,2017
79,Bangladesh,43.5,75.2,2017
80,Venezuela,36.9,63.5,2017
1,South Korea,83.4,152.6,2018
2,Taiwan,82.0,149.8,2018
3,Japan,81.7,149.4,2018
4,Netherlands,81.1,148.5,2018
5,Thailand,80.9,147.7,2018
6,Belgium,80.4,147.4,2018
7,Austria,78.8,144.7,2018
8,France,78.0,142.8,2018
9,Sri Lanka,77.9,141.7,2018
10,Spain,77.5,142.8,2018
11,Denmark,77.1,142.2,2018
12,Australia,76.2,138.8,2018
13,Germany,75.4,137.6,2018
14,Finland,75.4,137.0,2018
15,Czech Republic,75.4,138.4,2018
16,Norway,74.7,136.4,2018
17,United Kingdom,74.2,135.8,2018
18,Israel,74.1,135.6,2018
19,New Zealand,72.0,130.4,2018
20,Switzerland,71.7,134.8,2018
21,Estonia,71.3,130.3,2018
22,Argentina,71.3,129.7,2018
23,Canada,70.6,129.6,2018
24,Qatar,70.5,128.0,2018
25,Sweden,70.4,129.3,2018
26,Turkey,70.4,126.6,2018
27,Singapore,69.6,129.4,2018
28,Portugal,69.5,125.9,2018
29,Mexico,68.6,122.7,2018
30,United States,68.4,126.1,2018
31,Philippines,68.2,122.0,2018
32,Italy,68.0,123.6,2018
33,Colombia,67.8,121.8,2018
34,India,67.4,121.0,2018
35,Lithuania,66.8,120.4,2018
36,Indonesia,66.0,118.3,2018
37,Malaysia,65.6,117.7,2018
38,Iceland,65.5,119.1,2018
39,Slovenia,64.7,118.8,2018
40,Slovakia,64.4,116.8,2018
41,Croatia,63.8,117.9,2018
42,Hong Kong,63.8,115.8,2018
43,United Arab Emirates,63.5,117.3,2018
44,South Africa,63.0,113.1,2018
45,China,62.9,112.3,2018
46,North Macedonia,62.7,111.9,2018
47,Poland,62.1,111.7,2018
48,Chile,61.9,112.4,2018
49,Uruguay,60.4,108.6,2018
50,Saudi Arabia,60.2,107.3,2018
51,Pakistan,57.5,101.0,2018
52,Russia,56.8,99.9,2018
53,Puerto Rico,56.3,103.5,2018
54,Bosnia And Herzegovina,55.9,100.9,2018
55,Cyprus,55.1,96.2,2018
56,Romania,54.6,96.1,2018
57,Greece,54.2,95.5,2018
58,Serbia,53.4,96.8,2018
59,Ireland,53.0,96.4,2018
60,Brazil,52.7,93.1,2018
61,Vietnam,52.4,90.5,2018
62,Bulgaria,52.1,92.7,2018
63,Iran,51.2,90.2,2018
64,Hungary,51.1,91.7,2018
65,Ukraine,50.1,87.4,2018
66,Bangladesh,44.6,76.5,2018
67,Egypt,44.4,76.5,2018
68,Morocco,41.0,69.0,2018
69,Venezuela,39.6,68.2,2018
1,Taiwan,86.2,158.6,2019
2,South Korea,84.5,155.1,2019
3,Japan,80.4,146.8,2019
4,Belgium,79.4,145.3,2019
5,Denmark,79.4,146.6,2019
6,Austria,79.2,145.3,2019
7,Thailand,79.1,144.3,2019
8,France,78.6,143.9,2019
9,Netherlands,77.8,142.1,2019
10,Spain,77.8,143.2,2019
11,Australia,76.4,139.1,2019
12,Czech Republic,74.7,137.2,2019
13,United Kingdom,74.7,137.0,2019
14,Germany,74.3,135.5,2019
15,Norway,74.1,135.4,2019
16,New Zealand,73.6,133.7,2019
17,Finland,73.5,133.3,2019
18,Israel,73.4,134.4,2019
19,Switzerland,72.7,137.0,2019
20,Ecuador,72.5,130.5,2019
21,Qatar,72.4,131.4,2019
22,Sri Lanka,72.3,130.4,2019
23,Estonia,72.1,131.8,2019
24,Canada,71.0,130.3,2019
25,Sweden,71.0,130.3,2019
26,Portugal,70.7,128.3,2019
27,Singapore,70.3,130.7,2019
28,Mexico,69.7,124.9,2019
29,United States,69.4,127.7,2019
30,Argentina,69.4,126.2,2019
31,Turkey,69.4,124.6,2019
32,India,68.3,122.9,2019
33,United Arab Emirates,68.0,125.5,2019
34,Malaysia,67.6,121.6,2019
35,Lithuania,67.6,122.1,2019
36,Colombia,67.5,121.1,2019
37,Hong Kong,67.3,122.1,2019
38,Italy,67.1,121.8,2019
39,Iceland,66.4,121.0,2019
40,Jordan,66.1,119.6,2019
41,Lebanon,65.9,122.5,2019
42,Philippines,65.9,117.4,2019
43,Chile,65.5,118.9,2019
44,Uruguay,64.3,115.9,2019
45,Croatia,64.1,117.8,2019
46,China,64.0,114.9,2019
47,Slovenia,62.8,115.4,2019
48,South Africa,62.6,112.5,2019
49,Costa Rica,62.6,112.3,2019
50,Poland,62.2,111.6,2019
51,Indonesia,62.0,110.2,2019
52,Panama,61.4,109.2,2019
53,Pakistan,60.6,107.1,2019
54,Slovakia,60.1,108.4,2019
55,Latvia,59.7,107.0,2019
56,Tunisia,59.6,105.4,2019
57,Saudi Arabia,59.1,105.3,2019
58,North Macedonia,59.0,105.4,2019
59,Belarus,58.0,103.5,2019
60,Russia,57.6,101.6,2019
61,Nepal,57.0,99.9,2019
62,Kuwait,56.3,101.4,2019
63,Nigeria,55.3,97.5,2019
64,Greece,55.2,97.4,2019
65,Peru,55.0,97.2,2019
66,Brazil,54.6,97.0,2019
67,Vietnam,54.5,94.5,2019
68,Romania,54.5,95.8,2019
69,Algeria,54.1,100.2,2019
70,Bulgaria,54.0,95.6,2019
71,Puerto Rico,54.0,98.7,2019
72,Bosnia And Herzegovina,53.2,95.1,2019
73,Serbia,52.6,94.8,2019
74,Georgia,51.3,88.1,2019
75,Kazakhstan,51.3,91.0,2019
76,Iran,51.2,89.4,2019
77,Ukraine,51.0,88.9,2019
78,Cyprus,50.2,86.4,2019
79,Ireland,48.6,87.5,2019
80,Hungary,48.2,87.4,2019
81,Egypt,44.2,75.6,2019
82,Venezuela,41.2,71.9,2019
83,Bangladesh,40.3,68.5,2019
84,Morocco,36.9,61.1,2019
1,Taiwan,86.7,159.7,2020
2,South Korea,82.0,149.9,2020
3,Japan,81.1,148.2,2020
4,Denmark,80.0,147.5,2020
5,France,80.0,146.8,2020
6,Spain,78.9,145.2,2020
7,Austria,78.7,144.2,2020
8,Thailand,77.9,142.0,2020
9,Australia,77.4,141.0,2020
10,Finland,75.8,138.0,2020
11,Netherlands,74.6,136.0,2020
12,Czech Republic,74.6,137.0,2020
13,United Kingdom,74.5,136.6,2020
14,Norway,74.4,135.7,2020
15,Belgium,74.3,134.8,2020
16,New Zealand,73.8,133.9,2020
17,Germany,73.3,133.6,2020
18,Qatar,73.3,133.1,2020
19,Israel,73.3,134.3,2020
20,Estonia,72.7,132.9,2020
21,Sri Lanka,72.5,131.1,2020
22,Switzerland,72.4,136.2,2020
23,Portugal,71.9,130.8,2020
24,Canada,71.6,131.4,2020
25,Singapore,70.8,131.5,2020
26,Ecuador,70.6,127.0,2020
27,Mexico,70.1,125.7,2020
28,Turkey,69.8,125.6,2020
29,Lithuania,69.5,125.6,2020
30,United States,69.3,127.3,2020
31,Argentina,69.3,125.7,2020
32,Sweden,69.2,126.9,2020
33,Malta,68.8,123.4,2020
34,Malaysia,68.1,122.5,2020
35,Guatemala,67.8,121.2,2020
36,Philippines,67.5,120.7,2020
37,Colombia,67.2,120.6,2020
38,India,67.1,120.5,2020
39,United Arab Emirates,67.0,123.9,2020
40,Italy,66.6,120.7,2020
41,Uruguay,66.3,119.6,2020
42,Hong Kong,66.1,119.7,2020
43,Iceland,65.9,120.3,2020
44,Chile,65.4,118.9,2020
45,Jordan,64.6,116.1,2020
46,Slovenia,64.6,118.9,2020
47,China,64.5,115.5,2020
48,Lebanon,64.4,120.0,2020
49,South Africa,64.1,115.8,2020
50,Latvia,62.9,113.0,2020
51,Croatia,62.7,115.0,2020
52,Costa Rica,62.4,112.7,2020
53,Poland,61.0,109.4,2020
54,Pakistan,60.6,107.3,2020
55,Indonesia,60.5,107.3,2020
56,Slovakia,60.0,108.6,2020
57,Panama,59.9,106.1,2020
58,Saudi Arabia,59.1,105.2,2020
59,Belarus,59.0,105.4,2020
60,Oman,58.2,103.7,2020
61,Vietnam,57.7,100.7,2020
62,Russia,57.6,101.6,2020
63,Tunisia,57.2,100.6,2020
64,Nepal,56.9,99.7,2020
65,North Macedonia,56.4,100.5,2020
66,Brazil,56.3,100.1,2020
67,Greece,56.2,99.7,2020
68,Kuwait,56.2,100.5,2020
69,Peru,56.2,98.5,2020
70,Puerto Rico,55.7,101.8,2020
71,Kenya,55.6,98.0,2020
72,Bulgaria,55.4,98.0,2020
73,Romania,55.1,96.9,2020
74,Algeria,54.9,99.6,2020
75,Trinidad And Tobago,54.7,100.9,2020
76,Dominican Republic,54.7,95.6,2020
77,Albania,53.0,92.7,2020
78,Ukraine,52.3,91.3,2020
79,Bosnia And Herzegovina,52.3,93.3,2020
80,Ireland,51.9,94.2,2020
81,Cyprus,51.8,89.4,2020
82,Iran,51.7,90.1,2020
83,Nigeria,51.6,89.9,2020
84,Serbia,51.3,92.2,2020
85,Georgia,51.2,88.3,2020
86,Kazakhstan,50.7,88.9,2020
87,Hungary,47.8,86.2,2020
88,Egypt,45.8,78.6,2020
89,Morocco,45.7,77.9,2020
90,Azerbaijan,43.2,75.0,2020
91,Bangladesh,42.8,73.2,2020
92,Iraq,41.4,70.2,2020
93,Venezuela,39.7,69.1,2020
1,Taiwan,86.4,158.9,2021
2,South Korea,82.3,150.7,2021
3,France,81.0,148.6,2021
4,Japan,80.7,147.3,2021
5,Denmark,80.0,147.3,2021
6,Spain,78.8,145.1,2021
7,Austria,78.4,143.5,2021
8,Thailand,78.1,142.4,2021
9,Australia,77.7,141.6,2021
10,Finland,76.4,139.2,2021
11,Netherlands,75.8,138.2,2021
12,Norway,75.5,137.9,2021
13,Czech Republic,75.4,138.4,2021
14,Belgium,75.2,136.6,2021
15,United Kingdom,74.9,137.5,2021
16,Switzerland,74.5,139.4,2021
17,Germany,73.8,134.4,2021
18,Israel,73.8,135.2,2021
19,New Zealand,73.6,133.7,2021
20,Qatar,73.0,132.6,2021
21,Estonia,72.8,133.2,2021
22,Sri Lanka,72.6,131.4,2021
23,Mexico,72.5,130.7,2021
24,Portugal,71.9,130.8,2021
25,Canada,71.8,131.9,2021
26,Lithuania,71.0,128.6,2021
27,Singapore,70.9,131.4,2021
28,Turkey,70.7,127.3,2021
29,Malaysia,69.6,125.4,2021
30,United States,69.0,126.9,2021
31,Ecuador,68.8,123.4,2021
32,Sweden,68.8,125.9,2021
33,Argentina,68.6,124.2,2021
34,United Arab Emirates,68.0,125.7,2021
35,Uruguay,67.7,122.2,2021
36,Malta,67.1,120.0,2021
37,Philippines,67.1,119.9,2021
38,Italy,66.8,121.0,2021
39,Colombia,66.7,119.6,2021
40,China,66.4,119.0,2021
41,Hong Kong,66.3,120.4,2021
42,India,66.2,118.7,2021
43,Guatemala,65.9,117.6,2021
44,Iceland,65.7,119.8,2021
45,Jordan,65.4,117.6,2021
46,Slovenia,65.3,120.3,2021
47,Croatia,64.2,117.8,2021
48,South Africa,63.9,115.2,2021
49,Chile,63.7,115.7,2021
50,Lebanon,63.3,118.0,2021
51,Costa Rica,62.9,113.6,2021
52,Latvia,62.2,111.8,2021
53,Slovakia,60.9,110.1,2021
54,Saudi Arabia,60.7,108.1,2021
55,Pakistan,60.5,107.2,2021
56,Indonesia,60.5,107.3,2021
57,Panama,60.4,107.1,2021
58,Kazakhstan,60.1,106.1,2021
59,Kuwait,59.0,105.3,2021
60,Russia,58.4,103.2,2021
61,Oman,58.4,103.8,2021
62,Vietnam,58.3,101.8,2021
63,Poland,58.3,103.9,2021
64,Nepal,57.9,101.8,2021
65,Brazil,57.3,102.0,2021
66,Greece,57.0,101.1,2021
67,North Macedonia,56.5,100.8,2021
68,Peru,56.4,98.7,2021
69,Tunisia,56.2,98.4,2021
70,Bulgaria,56.1,99.5,2021
71,Romania,56.1,98.9,2021
72,Kenya,55.8,98.6,2021
73,Puerto Rico,55.6,101.2,2021
74,Algeria,55.0,99.7,2021
75,Dominican Republic,55.0,95.9,2021
76,Georgia,53.8,93.3,2021
77,Trinidad And Tobago,53.8,99.0,2021
78,Bosnia And Herzegovina,53.5,95.8,2021
79,Ukraine,53.4,93.4,2021
80,Ireland,52.8,96.0,2021
81,Cyprus,52.7,91.3,2021
82,Iran,52.2,91.0,2021
83,Hungary,51.6,92.9,2021
84,Serbia,51.6,92.7,2021
85,Albania,50.7,88.1,2021
86,Nigeria,48.9,84.5,2021
87,Egypt,46.2,79.3,2021
88,Morocco,45.8,78.2,2021
89,Iraq,44.6,75.8,2021
90,Belarus,44.4,78.4,2021
91,Azerbaijan,44.0,76.2,2021
92,Bangladesh,42.7,73.0,2021
93,Venezuela,39.7,69.1,2021
1,Taiwan,86.4,159.0,2022
2,South Korea,82.7,151.4,2022
3,Japan,80.5,146.9,2022
4,France,80.2,146.9,2022
5,Denmark,80.1,147.6,2022
6,Spain,78.4,144.2,2022
7,Australia,78.1,142.5,2022
8,Thailand,77.6,141.5,2022
9,Norway,76.8,140.6,2022
10,Austria,76.7,139.9,2022
11,Finland,76.3,139.0,2022
12,Netherlands,75.6,137.8,2022
13,Belgium,75.5,137.1,2022
14,Czech Republic,75.3,138.4,2022
15,Switzerland,74.8,139.9,2022
16,United Kingdom,74.8,137.4,2022
17,Israel,73.8,135.2,2022
18,Qatar,73.5,133.7,2022
19,Estonia,73.3,134.3,2022
20,New Zealand,73.3,133.2,2022
21,Germany,73.2,133.4,2022
22,Mexico,72.8,131.5,2022
23,Sri Lanka,72.1,130.4,2022
24,Portugal,72.0,130.9,2022
25,Lithuania,71.9,130.5,2022
26,Canada,71.3,131.0,2022
27,Singapore,71.1,131.8,2022
28,Turkey,70.8,127.5,2022
29,Luxembourg,70.8,127.7,2022
30,Malaysia,70.1,126.4,2022
31,Argentina,69.3,125.6,2022
32,Ecuador,69.3,124.2,2022
33,United States,69.1,126.9,2022
34,United Arab Emirates,68.7,126.9,2022
35,Sweden,68.7,125.7,2022
36,Uruguay,68.4,123.6,2022
37,Philippines,67.5,120.9,2022
38,Colombia,67.2,120.5,2022
39,Italy,66.8,121.1,2022
40,China,66.4,119.0,2022
41,Iceland,66.4,121.0,2022
42,Hong Kong,66.3,120.4,2022
43,Guatemala,65.9,117.6,2022
44,India,65.7,117.4,2022
45,Jordan,65.6,118.0,2022
46,Slovenia,65.2,120.3,2022
47,Croatia,64.1,116.9,2022
48,South Africa,64.0,115.3,2022
49,Chile,64.0,116.3,2022
50,Kenya,63.4,112.9,2022
51,Costa Rica,62.7,113.1,2022
52,Lebanon,62.7,117.1,2022
53,Latvia,62.4,112.2,2022
54,Panama,61.1,108.4,2022
55,Saudi Arabia,60.9,108.5,2022
56,Indonesia,60.4,107.3,2022
57,Slovakia,60.3,109.1,2022
58,Kazakhstan,60.0,105.9,2022
59,Pakistan,59.6,105.4,2022
60,Kuwait,59.4,106.1,2022
61,Russia,59.1,104.4,2022
62,Vietnam,58.9,103.1,2022
63,Oman,58.2,103.5,2022
64,Nepal,57.9,101.8,2022
65,Brazil,57.8,102.9,2022
66,Poland,57.8,102.9,2022
67,Puerto Rico,57.7,104.9,2022
68,Greece,57.3,101.8,2022
69,Tunisia,56.5,99.0,2022
70,Bulgaria,56.4,100.1,2022
71,Romania,56.2,99.1,2022
72,Peru,56.2,98.3,2022
73,North Macedonia,55.8,99.7,2022
74,Dominican Republic,55.5,97.3,2022
75,Ukraine,54.3,95.0,2022
76,Bosnia And Herzegovina,54.3,96.9,2022
77,Georgia,54.2,94.1,2022
78,Hungary,53.4,96.0,2022
79,Trinidad And Tobago,53.4,98.3,2022
80,Algeria,52.9,95.9,2022
81,Serbia,52.5,94.2,2022
82,Ireland,52.3,95.1,2022
83,Iran,52.3,91.0,2022
84,Cyprus,52.0,89.9,2022
85,Albania,50.5,87.9,2022
86,Cambodia,49.4,87.4,2022
87,Nigeria,48.5,83.7,2022
88,Egypt,47.0,80.8,2022
89,Morocco,46.7,79.9,2022
90,Belarus,45.6,80.5,2022
91,Malta,45.6,77.4,2022
92,Azerbaijan,44.8,77.7,2022
93,Iraq,44.6,76.1,2022
94,Bangladesh,42.3,72.2,2022
95,Venezuela,39.3,68.6,2022
1,Taiwan (China),85.9,157.8,2023
2,South Korea,83.0,152.0,2023
3,Japan,80.3,146.4,2023
4,France,79.4,145.3,2023
5,Denmark,79.2,145.8,2023
6,Spain,77.9,143.3,2023
7,Thailand,77.9,142.0,2023
8,Austria,77.2,140.7,2023
9,Netherlands,77.1,140.7,2023
10,Finland,77.1,140.6,2023
11,Norway,76.7,140.3,2023
12,Czech Republic,75.5,138.6,2023
13,Australia,75.3,136.9,2023
14,Belgium,75.2,136.4,2023
15,Luxembourg,75.0,136.0,2023
16,Switzerland,74.5,139.3,2023
17,United Kingdom,74.1,136.0,2023
18,Estonia,74.1,135.8,2023
19,Qatar,73.8,134.3,2023
20,Israel,73.5,134.5,2023
21,Lithuania,73.2,132.9,2023
22,Mexico,72.5,130.8,2023
23,Sri Lanka,72.0,130.1,2023
24,Germany,71.9,130.7,2023
25,Portugal,71.5,129.9,2023
26,New Zealand,71.0,128.7,2023
27,Turkey,71.0,127.8,2023
28,Singapore,70.9,131.4,2023
29,Canada,70.4,129.2,2023
30,Malaysia,70.0,126.1,2023
31,United Arab Emirates,69.6,128.1,2023
32,Ecuador,69.5,124.6,2023
33,Argentina,68.9,124.8,2023
34,Sweden,68.6,125.6,2023
35,United States,68.6,126.0,2023
36,Uruguay,68.4,123.6,2023
37,Colombia,67.9,121.9,2023
38,Philippines,67.8,121.4,2023
39,Guatemala,67.5,120.6,2023
40,China,67.5,121.2,2023
41,Iceland,67.0,122.2,2023
42,Italy,66.3,120.1,2023
43,Hong Kong (China),65.8,119.5,2023
44,Slovenia,65.3,120.5,2023
45,India,65.1,116.3,2023
46,Jordan,64.9,116.7,2023
47,Chile,64.4,117.1,2023
48,Croatia,63.9,116.6,2023
49,South Africa,63.7,114.8,2023
50,Lebanon,63.2,117.8,2023
51,Costa Rica,63.1,113.7,2023
52,Latvia,62.4,111.8,2023
53,Kenya,61.8,109.7,2023
54,Saudi Arabia,61.2,109.1,2023
55,Panama,61.0,108.2,2023
56,Indonesia,60.5,107.4,2023
57,Slovakia,60.1,108.6,2023
58,Kazakhstan,59.9,105.8,2023
59,Russia,59.7,105.8,2023
60,Kuwait,59.7,106.7,2023
61,Pakistan,59.5,105.2,2023
62,Vietnam,59.3,103.9,2023
63,Oman,58.2,103.6,2023
64,Brazil,58.2,103.5,2023
65,Poland,57.6,102.6,2023
66,Greece,57.5,102.1,2023
67,Puerto Rico,57.3,104.1,2023
68,Tunisia,57.1,100.2,2023
69,Nepal,57.0,100.2,2023
70,Bulgaria,56.7,100.6,2023
71,Romania,56.5,99.7,2023
72,Peru,55.9,97.8,2023
73,Dominican Republic,55.5,97.3,2023
74,North Macedonia,55.3,98.7,2023
75,Ukraine,55.2,96.8,2023
76,Bosnia And Herzegovina,54.9,98.0,2023
77,Georgia,54.8,95.5,2023
78,Cyprus,54.7,95.3,2023
79,Hungary,54.4,97.6,2023
80,Algeria,53.6,97.1,2023
81,Trinidad And Tobago,53.4,98.5,2023
82,Iran,52.3,91.0,2023
83,Serbia,52.2,93.6,2023
84,Ireland,51.8,94.2,2023
85,Albania,49.6,86.3,2023
86,Nigeria,48.5,83.7,2023
87,Egypt,47.6,81.8,2023
88,Belarus,47.1,83.0,2023
89,Azerbaijan,46.8,81.4,2023
90,Morocco,45.8,78.2,2023
91,Malta,45.4,77.3,2023
92,Iraq,43.5,73.9,2023
93,Bangladesh,42.3,72.3,2023
94,Venezuela,39.3,68.6,2023
1,Taiwan,86.0,158.2,2024
2,South Korea,82.7,151.3,2024
3,Japan,79.3,144.5,2024
4,Netherlands,78.9,144.3,2024
5,France,78.1,142.8,2024
6,Denmark,78.0,143.6,2024
7,Spain,77.6,142.6,2024
8,Finland,77.3,140.9,2024
9,Thailand,77.2,140.5,2024
10,Austria,76.6,139.5,2024
11,Luxembourg,76.3,138.9,2024
12,Estonia,76.3,140.1,2024
13,Norway,75.7,138.2,2024
14,Czech Republic,75.5,138.6,2024
15,Belgium,75.3,136.6,2024
16,Lithuania,74.4,135.4,2024
17,Israel,73.5,134.6,2024
18,United Kingdom,73.5,134.7,2024
19,Portugal,72.7,132.2,2024
20,Switzerland,72.6,135.8,2024
21,Mexico,72.5,130.7,2024
22,Qatar,72.3,131.4,2024
23,Germany,71.7,130.2,2024
24,Sri Lanka,71.1,128.3,2024
25,Turkey,70.7,127.2,2024
26,Singapore,70.6,130.7,2024
27,Malaysia,70.1,126.2,2024
28,Australia,69.8,126.0,2024
29,United Arab Emirates,69.2,127.2,2024
30,Canada,69.1,126.7,2024
31,Sweden,68.6,125.6,2024
32,Uruguay,68.4,123.6,2024
33,Colombia,68.3,122.8,2024
34,China,68.1,122.5,2024
35,Argentina,68.1,123.3,2024
36,Guatemala,68.0,121.5,2024
37,New Zealand,67.7,122.0,2024
38,United States,67.6,124.1,2024
39,Ecuador,67.6,120.7,2024
40,Philippines,67.4,120.6,2024
41,Iceland,67.1,122.4,2024
42,Slovenia,66.5,122.8,2024
43,Hong Kong (China),65.8,119.5,2024
44,Italy,65.6,118.8,2024
45,Croatia,65.1,118.5,2024
46,Jordan,65.0,116.8,2024
47,India,64.9,115.8,2024
48,Costa Rica,64.6,116.4,2024
49,South Africa,64.0,115.5,2024
50,Lebanon,63.5,118.4,2024
51,Chile,63.4,115.3,2024
52,Latvia,62.6,112.3,2024
53,Kenya,61.1,108.3,2024
54,Oman,61.0,108.6,2024
55,Russia,60.9,107.9,2024
56,Indonesia,60.8,108.0,2024
57,Vietnam,60.8,106.8,2024
58,Saudi Arabia,60.4,107.5,2024
59,Panama,60.1,106.5,2024
60,Kazakhstan,60.1,106.2,2024
61,Pakistan,59.8,105.7,2024
62,Slovakia,59.2,107.0,2024
63,Brazil,58.9,104.9,2024
64,Puerto Rico,58.3,106.0,2024
65,Kuwait,57.9,103.4,2024
66,Nepal,57.6,101.3,2024
67,Dominican Republic,57.6,101.3,2024
68,Greece,57.3,101.9,2024
69,Bulgaria,57.2,101.5,2024
70,Cyprus,57.2,100.1,2024
71,Tunisia,57.0,100.0,2024
72,Peru,56.4,98.8,2024
73,Romania,56.3,99.2,2024
74,Bosnia And Herzegovina,55.7,99.6,2024
75,Ukraine,55.4,97.0,2024
76,Poland,55.4,98.1,2024
77,North Macedonia,55.1,98.5,2024
78,Algeria,54.7,99.0,2024
79,Georgia,54.5,94.9,2024
80,Hungary,54.0,97.0,2024
81,Trinidad And Tobago,53.5,99.1,2024
82,Iran,53.0,92.4,2024
83,Malta,52.3,90.8,2024
84,Serbia,52.1,93.5,2024
85,Ireland,51.8,94.0,2024
86,Albania,49.5,86.1,2024
87,Nigeria,48.7,84.2,2024
88,Belarus,48.0,84.7,2024
89,Azerbaijan,47.7,82.9,2024
90,Egypt,47.5,81.7,2024
91,Iraq,45.7,78.0,2024
92,Morocco,45.1,77.0,2024
93,Bangladesh,42.3,72.4,2024
94,Venezuela,38.7,67.8,2024
1,Taiwan,86.5,159.2,2025
2,South Korea,82.8,151.5,2025
3,Japan,80.0,145.8,2025
4,Netherlands,79.3,145.1,2025
5,Denmark,78.4,144.2,2025
6,Austria,77.9,142.1,2025
7,France,77.7,142.0,2025
8,Finland,77.5,141.4,2025
9,Thailand,77.5,141.0,2025
10,Spain,77.3,141.9,2025
11,Ecuador,77.1,139.8,2025
12,Belgium,75.9,137.8,2025
13,Norway,75.6,138.1,2025
14,Czech Republic,75.5,138.6,2025
15,Estonia,75.5,138.4,2025
16,Luxembourg,75.2,136.6,2025
17,Lithuania,75.0,136.7,2025
18,Qatar,73.4,133.7,2025
19,Australia,73.4,133.0,2025
20,Israel,73.2,134.2,2025
21,United Kingdom,72.7,133.3,2025
22,Mexico,72.5,130.7,2025
23,Portugal,72.2,131.1,2025
24,Germany,71.9,130.8,2025
25,Singapore,71.8,133.3,2025
26,Switzerland,71.5,133.6,2025
27,Sri Lanka,71.4,128.8,2025
28,Turkey,71.2,128.3,2025
29,United Arab Emirates,70.6,130.1,2025
30,Malaysia,70.3,126.7,2025
31,Canada,68.7,126.0,2025
32,China,68.7,123.7,2025
33,Uruguay,68.6,123.9,2025
34,Colombia,68.6,123.4,2025
35,New Zealand,68.4,123.6,2025
36,Sweden,68.3,125.0,2025
37,Argentina,68.0,123.1,2025
38,United States,67.8,124.4,2025
39,Iceland,67.6,123.4,2025
40,Guatemala,67.3,120.2,2025
41,Philippines,67.3,120.4,2025
42,Hong Kong (China),66.1,120.2,2025
43,Slovenia,66.1,122.0,2025
44,India,65.5,117.1,2025
45,Jordan,65.2,117.2,2025
46,Oman,65.1,116.5,2025
47,Italy,65.1,117.7,2025
48,Croatia,64.7,117.9,2025
49,Costa Rica,64.3,115.9,2025
50,South Africa,63.8,115.1,2025
51,Lebanon,63.7,118.7,2025
52,Chile,63.5,115.7,2025
53,Latvia,62.4,111.8,2025
54,Kenya,62.0,110.1,2025
55,Saudi Arabia,61.8,110.2,2025
56,Russia,61.5,109.2,2025
57,Vietnam,61.3,107.8,2025
58,Indonesia,60.9,108.0,2025
59,Panama,60.7,107.5,2025
60,Kazakhstan,60.7,107.2,2025
61,Pakistan,59.3,104.8,2025
62,Brazil,59.1,105.2,2025
63,Armenia,59.0,104.0,2025
64,Puerto Rico,58.5,106.2,2025
65,Greece,58.5,104.2,2025
66,Slovakia,58.4,105.4,2025
67,Kuwait,58.4,104.2,2025
68,Dominican Republic,58.3,102.4,2025
69,Bulgaria,58.1,103.2,2025
70,Poland,58.0,103.3,2025
71,Nepal,57.7,101.6,2025
72,Ghana,57.4,101.6,2025
73,Tunisia,57.2,100.3,2025
74,Cyprus,57.1,100.0,2025
75,Romania,56.5,99.6,2025
76,Peru,56.3,98.5,2025
77,Ukraine,55.9,97.9,2025
78,Georgia,55.6,97.1,2025
79,Bosnia And Herzegovina,55.6,99.5,2025
80,North Macedonia,55.1,98.7,2025
81,Algeria,54.5,98.6,2025
82,Trinidad And Tobago,54.3,100.6,2025
83,Hungary,54.3,97.5,2025
84,Iran,52.8,91.9,2025
85,Malta,52.5,91.1,2025
86,Serbia,52.1,93.4,2025
87,Ireland,51.5,93.6,2025
88,Cambodia,50.7,90.6,2025
89,Nigeria,49.1,84.8,2025
90,Belarus,48.5,85.6,2025
91,Azerbaijan,48.3,84.0,2025
92,Albania,48.2,83.7,2025
93,Egypt,47.3,81.2,2025
94,Morocco,46.8,80.2,2025
95,Iraq,45.9,78.3,2025
96,Bangladesh,42.2,72.1,2025
97,Venezuela,38.7,67.8,2025
