rank,country,pollution_index,exp_pollution_index,Year
1,Sudan,149.2,216.1,2012
2,Sri Lanka,135.8,194.5,2012
3,Iran,131.8,188.5,2012
4,Morocco,125.8,185.4,2012
5,Egypt,125.7,177.4,2012
6,Zimbabwe,124.2,184.3,2012
7,China,122.8,171.0,2012
8,Philippines,116.7,160.9,2012
9,Bangladesh,116.2,163.0,2012
10,Saudi Arabia,112.5,156.7,2012
11,Bosnia And Herzegovina,112.4,159.5,2012
12,Venezuela,110.0,160.8,2012
13,Russia,104.7,142.9,2012
14,Chile,103.8,150.3,2012
15,India,102.9,139.0,2012
16,Thailand,101.6,141.1,2012
17,Pakistan,101.3,138.4,2012
18,Ukraine,100.2,136.8,2012
19,Puerto Rico,99.2,133.1,2012
20,Bulgaria,98.5,134.4,2012
21,Mexico,93.5,127.8,2012
22,Romania,91.9,123.6,2012
23,Colombia,91.5,124.2,2012
24,Malaysia,91.2,125.4,2012
25,Hungary,90.2,129.3,2012
26,Argentina,90.0,128.4,2012
27,Hong Kong,89.6,146.8,2012
28,Turkey,89.2,118.7,2012
29,South Africa,89.0,119.1,2012
30,Belgium,88.3,121.0,2012
31,Greece,87.8,118.5,2012
32,Spain,85.6,113.1,2012
33,Italy,85.5,117.2,2012
34,Poland,83.8,114.2,2012
35,Brazil,82.9,112.4,2012
36,Serbia,81.0,110.7,2012
37,Singapore,70.8,93.9,2012
38,United Arab Emirates,69.2,91.0,2012
39,Czech Republic,66.0,92.2,2012
40,United Kingdom,64.4,86.4,2012
41,France,61.8,84.7,2012
42,United States,61.3,77.7,2012
43,Tunisia,59.6,77.4,2012
44,Jordan,58.0,90.2,2012
45,Japan,52.5,74.4,2012
46,Portugal,51.9,68.3,2012
47,Croatia,49.9,69.4,2012
48,Israel,48.8,69.4,2012
49,Ireland,45.2,64.0,2012
50,Germany,45.1,58.1,2012
51,Indonesia,43.8,58.0,2012
52,Austria,42.8,59.8,2012
53,Netherlands,41.7,60.3,2012
54,Canada,41.6,52.3,2012
55,Australia,37.2,45.0,2012
56,Switzerland,35.5,54.8,2012
57,Slovenia,35.0,48.0,2012
58,Denmark,34.2,50.2,2012
59,Sweden,32.5,43.9,2012
60,Costa Rica,25.0,59.0,2012
61,Finland,24.4,35.5,2012
62,Norway,19.2,23.2,2012
63,New Zealand,17.1,27.5,2012
64,Iceland,7.1,12.7,2012
1,Ghana,113.8,212.2,2013
2,Peru,97.2,177.2,2013
3,Bangladesh,96.9,175.6,2013
4,Jamaica,96.8,176.7,2013
5,Nigeria,94.8,182.4,2013
6,El Salvador,93.1,172.5,2013
7,Iran,90.2,168.8,2013
8,Egypt,89.9,160.8,2013
9,Myanmar,89.5,167.0,2013
10,China,89.3,164.1,2013
11,Mongolia,89.0,171.1,2013
12,Sri Lanka,88.2,160.8,2013
13,Lebanon,88.0,158.2,2013
14,Albania,87.4,162.6,2013
15,Pakistan,87.0,157.4,2013
16,Trinidad And Tobago,86.8,156.8,2013
17,Indonesia,85.1,151.2,2013
18,Bahamas,85.1,152.2,2013
19,Nepal,83.4,149.5,2013
20,Qatar,82.8,157.2,2013
21,Turkey,82.0,146.1,2013
22,Venezuela,81.9,146.9,2013
23,Saudi Arabia,80.5,148.5,2013
24,Morocco,80.3,145.9,2013
25,Kazakhstan,79.6,150.4,2013
26,Bulgaria,78.9,143.5,2013
27,Guyana,78.7,149.2,2013
28,Russia,78.3,138.6,2013
29,India,77.5,136.9,2013
30,Armenia,77.3,141.1,2013
31,Laos,76.3,140.6,2013
32,South Korea,75.6,140.4,2013
33,Philippines,74.8,131.8,2013
34,North Macedonia,74.4,150.7,2013
35,Chile,74.2,135.8,2013
36,Bolivia,73.8,159.4,2013
37,Thailand,72.1,127.2,2013
38,Azerbaijan,71.6,128.0,2013
39,Taiwan,71.5,129.4,2013
40,Malta,71.2,126.1,2013
41,Colombia,68.3,127.6,2013
42,Bosnia And Herzegovina,67.6,119.8,2013
43,Malaysia,67.4,117.0,2013
44,Ukraine,67.3,119.8,2013
45,Cambodia,66.4,118.5,2013
46,Mexico,66.1,115.1,2013
47,Tunisia,65.9,118.8,2013
48,Algeria,65.8,115.2,2013
49,Hong Kong,64.9,122.2,2013
50,Georgia,64.8,114.8,2013
51,Romania,63.3,108.9,2013
52,Zimbabwe,63.0,117.4,2013
53,Greece,62.7,109.8,2013
54,Tanzania,61.8,106.9,2013
55,Ethiopia,60.1,106.4,2013
56,Israel,59.5,110.3,2013
57,South Africa,59.0,101.0,2013
58,Italy,58.9,101.8,2013
59,Ecuador,58.5,100.5,2013
60,United Arab Emirates,58.4,103.2,2013
61,Libya,57.0,97.5,2013
62,Brazil,56.5,96.9,2013
63,Cyprus,56.4,97.1,2013
64,Argentina,55.6,97.2,2013
65,Fiji,55.3,99.1,2013
66,Jordan,54.6,98.2,2013
67,Kyrgyzstan,54.6,95.4,2013
68,Puerto Rico,54.0,94.2,2013
69,Sudan,53.9,96.3,2013
70,Kenya,53.4,90.6,2013
71,Hungary,53.3,92.3,2013
72,Serbia,52.8,91.2,2013
73,Paraguay,51.6,92.4,2013
74,Poland,50.0,84.0,2013
75,Costa Rica,49.8,91.3,2013
76,Belgium,49.6,83.8,2013
77,Singapore,49.5,84.8,2013
78,Panama,48.1,91.4,2013
79,Belize,46.6,82.8,2013
80,Spain,46.5,76.9,2013
81,Vietnam,46.4,77.2,2013
82,Montenegro,44.6,76.6,2013
83,Croatia,42.0,73.3,2013
84,Uganda,42.0,77.8,2013
85,France,41.3,68.6,2013
86,Czech Republic,40.1,70.5,2013
87,Latvia,38.8,66.4,2013
88,Mauritius,38.4,73.0,2013
89,Belarus,36.2,65.0,2013
90,United Kingdom,36.0,60.1,2013
91,Brunei,35.1,70.8,2013
92,Portugal,35.0,59.6,2013
93,Slovakia,34.4,60.1,2013
94,Denmark,34.3,59.0,2013
95,Japan,33.7,59.1,2013
96,United States,32.5,57.8,2013
97,Uruguay,30.5,65.6,2013
98,Ireland,29.8,53.0,2013
99,Austria,28.8,49.5,2013
100,Germany,28.4,45.7,2013
101,Slovenia,28.2,50.7,2013
102,Netherlands,28.1,50.9,2013
103,Canada,26.5,43.5,2013
104,Lithuania,25.2,46.8,2013
105,Norway,23.4,37.2,2013
106,Switzerland,23.0,42.1,2013
107,New Zealand,21.8,38.1,2013
108,Australia,20.9,33.0,2013
109,Sweden,18.8,31.1,2013
110,Finland,18.5,28.9,2013
111,Estonia,16.4,41.4,2013
112,Iceland,9.9,18.0,2013
1,Ghana,111.2,204.3,2014
2,Bangladesh,95.9,173.3,2014
3,Mongolia,95.0,178.4,2014
4,Egypt,91.2,164.4,2014
5,Peru,88.7,161.0,2014
6,Myanmar,86.9,159.2,2014
7,Lebanon,86.7,155.1,2014
8,El Salvador,86.3,158.1,2014
9,Iran,86.1,158.6,2014
10,Trinidad And Tobago,85.7,153.9,2014
11,Nepal,85.4,152.2,2014
12,North Macedonia,85.3,161.5,2014
13,China,84.7,154.5,2014
14,Azerbaijan,82.0,146.7,2014
15,Jordan,81.8,145.4,2014
16,Qatar,81.0,144.7,2014
17,Jamaica,80.9,143.8,2014
18,Pakistan,80.3,142.8,2014
19,Laos,78.9,143.1,2014
20,Albania,77.3,140.5,2014
21,Turkey,77.1,135.4,2014
22,Russia,76.5,135.4,2014
23,Guatemala,75.9,134.3,2014
24,Philippines,74.9,131.6,2014
25,Cambodia,74.7,135.8,2014
26,Tunisia,74.5,132.2,2014
27,Kazakhstan,74.4,136.0,2014
28,India,74.3,130.2,2014
29,Sri Lanka,74.3,132.1,2014
30,South Korea,74.2,136.2,2014
31,Venezuela,74.0,130.6,2014
32,Bolivia,73.8,159.4,2014
33,Indonesia,73.8,129.1,2014
34,Ukraine,73.3,131.3,2014
35,Vietnam,72.6,126.5,2014
36,Armenia,71.6,131.8,2014
37,Saudi Arabia,71.5,127.9,2014
38,Mexico,71.2,124.4,2014
39,Thailand,71.1,123.5,2014
40,Chile,71.0,129.5,2014
41,Taiwan,70.8,127.0,2014
42,Moldova,70.3,125.2,2014
43,Morocco,70.1,122.7,2014
44,Malta,68.9,121.9,2014
45,Dominican Republic,68.8,120.4,2014
46,Guyana,67.7,121.1,2014
47,Bulgaria,66.7,119.4,2014
48,Colombia,65.7,120.1,2014
49,Georgia,65.3,115.7,2014
50,Ethiopia,64.9,116.0,2014
51,Tanzania,64.5,111.4,2014
52,Hong Kong,63.8,118.3,2014
53,Israel,63.8,113.2,2014
54,Libya,63.5,109.6,2014
55,Algeria,62.6,107.6,2014
56,Romania,62.6,107.9,2014
57,Malaysia,61.1,104.8,2014
58,Kyrgyzstan,61.0,111.9,2014
59,Sudan,61.0,107.6,2014
60,Kenya,60.7,104.3,2014
61,Italy,60.4,105.3,2014
62,Kuwait,60.0,106.3,2014
63,Costa Rica,59.6,105.9,2014
64,Zimbabwe,58.4,109.7,2014
65,Bosnia And Herzegovina,58.2,100.7,2014
66,South Africa,57.9,99.4,2014
67,Brazil,57.6,98.7,2014
68,Paraguay,57.5,104.3,2014
69,Argentina,57.5,99.7,2014
70,Belgium,56.2,96.6,2014
71,Mauritius,53.9,99.1,2014
72,United Arab Emirates,53.8,93.3,2014
73,Ecuador,53.7,91.7,2014
74,Fiji,52.1,90.3,2014
75,Poland,50.5,85.4,2014
76,Panama,49.8,91.9,2014
77,Spain,49.8,83.0,2014
78,Serbia,49.6,84.4,2014
79,Hungary,48.3,83.1,2014
80,Belize,47.6,84.9,2014
81,Puerto Rico,47.4,81.1,2014
82,France,46.9,78.3,2014
83,Cyprus,46.1,77.4,2014
84,Greece,45.3,75.4,2014
85,Luxembourg,45.2,77.1,2014
86,Montenegro,44.6,76.6,2014
87,Latvia,43.6,71.7,2014
88,Belarus,42.7,72.4,2014
89,Singapore,41.9,71.0,2014
90,Slovakia,40.8,71.4,2014
91,Japan,40.8,68.6,2014
92,Brunei,38.4,67.7,2014
93,Czech Republic,38.3,66.4,2014
94,Syria,35.9,57.8,2014
95,United States,35.1,59.8,2014
96,Denmark,34.8,56.1,2014
97,United Kingdom,33.8,55.8,2014
98,Slovenia,33.0,59.6,2014
99,Netherlands,32.4,53.8,2014
100,Austria,31.7,54.9,2014
101,Portugal,30.9,51.4,2014
102,Germany,30.2,48.2,2014
103,Ireland,29.3,52.5,2014
104,Croatia,28.7,46.9,2014
105,Canada,27.7,44.9,2014
106,Switzerland,26.8,46.1,2014
107,Norway,22.6,37.2,2014
108,Uruguay,21.3,37.6,2014
109,Lithuania,21.1,38.6,2014
110,New Zealand,21.0,33.6,2014
111,Australia,19.4,29.8,2014
112,Iceland,18.0,29.3,2014
113,Sweden,17.5,28.5,2014
114,Finland,16.7,27.4,2014
115,Estonia,13.4,27.0,2014
1,Senegal,110.3,206.1,2015
2,Ghana,109.3,200.4,2015
3,Afghanistan,100.3,184.1,2015
4,Iraq,96.7,177.2,2015
5,Egypt,96.6,175.6,2015
6,Liberia,95.3,179.5,2015
7,Mongolia,94.6,175.8,2015
8,Bolivia,94.0,170.0,2015
9,Bangladesh,93.6,169.3,2015
10,China,89.4,164.0,2015
11,Lebanon,89.1,159.8,2015
12,Yemen,88.5,162.1,2015
13,Myanmar,87.9,161.7,2015
14,Qatar,87.7,159.0,2015
15,El Salvador,87.5,158.8,2015
16,Bahrain,87.4,159.9,2015
17,Peru,86.5,155.4,2015
18,Jordan,85.6,152.7,2015
19,Botswana,85.1,153.8,2015
20,Vietnam,84.3,149.8,2015
21,Pakistan,83.7,149.4,2015
22,Nepal,83.4,148.4,2015
23,North Macedonia,82.3,155.2,2015
24,Iran,82.3,150.9,2015
25,Azerbaijan,81.3,146.0,2015
26,Trinidad And Tobago,80.1,142.7,2015
27,Cambodia,80.1,144.0,2015
28,Venezuela,79.2,141.2,2015
29,India,77.7,137.4,2015
30,Jamaica,77.2,136.8,2015
31,South Korea,77.1,140.9,2015
32,Nigeria,76.3,134.3,2015
33,Albania,76.2,134.1,2015
34,Zambia,76.1,149.1,2015
35,Honduras,75.2,135.2,2015
36,Indonesia,74.4,130.4,2015
37,Turkey,74.3,131.2,2015
38,Philippines,74.2,130.2,2015
39,Kazakhstan,73.7,134.7,2015
40,Tunisia,73.5,130.0,2015
41,Armenia,73.0,134.9,2015
42,Thailand,72.8,126.7,2015
43,Russia,72.8,128.2,2015
44,Chile,72.4,132.6,2015
45,Maldives,71.9,125.2,2015
46,Guatemala,71.1,124.0,2015
47,Saudi Arabia,71.0,125.4,2015
48,Ukraine,69.9,122.7,2015
49,Monaco,68.9,125.3,2015
50,Mexico,68.8,119.6,2015
51,Laos,68.6,120.3,2015
52,Algeria,68.4,119.6,2015
53,Taiwan,67.6,119.9,2015
54,Tanzania,66.8,115.6,2015
55,Ethiopia,66.7,119.7,2015
56,Zimbabwe,65.9,118.7,2015
57,Sri Lanka,65.7,114.6,2015
58,Greenland,65.5,118.6,2015
59,Dominican Republic,65.3,113.0,2015
60,Israel,65.2,116.4,2015
61,South Africa,65.2,113.2,2015
62,Malaysia,64.7,111.1,2015
63,Bulgaria,64.0,115.0,2015
64,Malta,63.2,109.7,2015
65,Morocco,62.7,107.9,2015
66,Kenya,62.2,108.0,2015
67,Colombia,61.4,111.8,2015
68,United Arab Emirates,61.3,106.3,2015
69,Sudan,61.0,107.6,2015
70,Fiji,60.8,105.8,2015
71,Kuwait,59.6,105.2,2015
72,Hong Kong,59.5,106.2,2015
73,Paraguay,59.1,105.8,2015
74,Guyana,59.1,104.9,2015
75,Georgia,58.8,102.9,2015
76,Bosnia And Herzegovina,58.5,101.9,2015
77,Brazil,58.0,98.8,2015
78,Italy,57.7,99.1,2015
79,Oman,57.4,99.0,2015
80,Moldova,57.2,98.5,2015
81,Serbia,56.6,98.5,2015
82,Argentina,55.9,97.4,2015
83,Kyrgyzstan,55.5,100.0,2015
84,Costa Rica,55.3,96.9,2015
85,Libya,54.1,91.1,2015
86,Belgium,53.8,91.4,2015
87,Namibia,53.3,93.8,2015
88,Ecuador,53.2,89.2,2015
89,Belize,51.6,91.0,2015
90,Panama,50.9,95.0,2015
91,Poland,50.6,86.0,2015
92,Romania,50.5,84.3,2015
93,Montenegro,49.0,85.9,2015
94,Puerto Rico,48.0,82.4,2015
95,Slovakia,47.9,82.6,2015
96,Syria,47.4,81.0,2015
97,Mauritius,47.3,85.2,2015
98,Spain,46.3,76.8,2015
99,Hungary,46.3,79.4,2015
100,France,45.9,77.2,2015
101,Belarus,45.1,77.2,2015
102,Greece,44.9,74.5,2015
103,Latvia,43.4,73.0,2015
104,Czech Republic,42.9,73.8,2015
105,Brunei,40.8,73.8,2015
106,Singapore,40.4,68.4,2015
107,Japan,38.2,63.7,2015
108,Netherlands,35.0,57.3,2015
109,Bahamas,34.6,57.9,2015
110,Austria,34.0,58.2,2015
111,United Kingdom,34.0,55.5,2015
112,Luxembourg,33.5,55.5,2015
113,Cyprus,32.9,53.0,2015
114,Croatia,32.8,53.8,2015
115,Portugal,32.6,53.9,2015
116,Denmark,31.8,49.9,2015
117,Uruguay,31.7,54.2,2015
118,United States,31.4,55.7,2015
119,Slovenia,31.4,56.7,2015
120,Lithuania,29.6,49.4,2015
121,Turkmenistan,28.4,47.6,2015
122,Germany,28.3,45.0,2015
123,Ireland,28.0,49.7,2015
124,Canada,27.3,44.6,2015
125,Switzerland,24.1,40.4,2015
126,Uzbekistan,23.8,39.7,2015
127,Norway,23.7,38.4,2015
128,Australia,21.6,33.7,2015
129,New Zealand,17.6,29.8,2015
130,Estonia,15.5,30.2,2015
131,Sweden,15.1,24.8,2015
132,Finland,14.9,26.1,2015
133,Iceland,13.8,24.5,2015
134,Reunion,11.0,34.3,2015
135,Bermuda,3.2,8.4,2015
1,Egypt,96.0,174.2,2016
2,Lebanon,91.9,165.2,2016
3,Mongolia,91.0,168.0,2016
4,Monaco,90.1,163.5,2016
5,Bangladesh,88.3,158.6,2016
6,Peru,87.9,158.2,2016
7,Azerbaijan,87.0,155.5,2016
8,Vietnam,86.1,153.2,2016
9,Myanmar,85.6,156.9,2016
10,China,85.5,155.9,2016
11,North Macedonia,85.3,156.3,2016
12,Iran,84.2,154.1,2016
13,Bolivia,83.1,147.9,2016
14,Jordan,82.7,146.8,2016
15,Cambodia,82.6,147.8,2016
16,Bahrain,81.7,149.2,2016
17,Nepal,81.2,143.9,2016
18,Qatar,81.0,144.3,2016
19,Venezuela,77.7,138.6,2016
20,Trinidad And Tobago,77.2,136.4,2016
21,India,77.0,135.5,2016
22,Pakistan,76.6,134.7,2016
23,Algeria,76.2,135.2,2016
24,Dominican Republic,75.3,132.4,2016
25,Malta,75.2,132.6,2016
26,Indonesia,75.1,131.8,2016
27,Tunisia,75.1,132.3,2016
28,Albania,75.1,131.7,2016
29,Philippines,73.1,127.7,2016
30,Saudi Arabia,72.2,128.1,2016
31,Jamaica,72.2,126.3,2016
32,Kazakhstan,72.0,131.5,2016
33,Thailand,71.5,124.2,2016
34,Zimbabwe,71.2,127.7,2016
35,Georgia,69.9,125.0,2016
36,Ukraine,67.8,118.8,2016
37,Malaysia,67.5,116.6,2016
38,Chile,67.2,123.3,2016
39,Hong Kong,67.2,121.1,2016
40,Morocco,66.9,116.8,2016
41,Turkey,65.7,115.2,2016
42,Sri Lanka,65.2,113.3,2016
43,Mexico,64.6,111.2,2016
44,Russia,64.5,111.3,2016
45,Colombia,64.4,117.3,2016
46,Taiwan,63.4,110.7,2016
47,South Africa,63.3,109.5,2016
48,Tanzania,62.6,108.1,2016
49,Israel,61.5,109.2,2016
50,Brazil,61.2,104.6,2016
51,Bulgaria,60.4,107.8,2016
52,United Arab Emirates,59.5,102.7,2016
53,Ecuador,59.3,101.0,2016
54,Bahamas,58.6,100.2,2016
55,Argentina,58.5,101.7,2016
56,Bosnia And Herzegovina,57.9,101.6,2016
57,Belgium,56.6,97.9,2016
58,Italy,56.6,97.1,2016
59,Panama,56.0,100.5,2016
60,Serbia,55.1,94.3,2016
61,Costa Rica,53.1,92.9,2016
62,Puerto Rico,50.7,87.0,2016
63,Romania,50.5,84.1,2016
64,Poland,49.9,85.3,2016
65,South Korea,49.7,89.0,2016
66,Slovakia,48.4,82.6,2016
67,Mauritius,47.4,84.6,2016
68,Greece,47.2,79.5,2016
69,Hungary,46.7,80.4,2016
70,Spain,46.6,77.2,2016
71,France,46.3,77.5,2016
72,Libya,45.4,75.0,2016
73,Uruguay,42.9,73.5,2016
74,Czech Republic,42.5,72.2,2016
75,Singapore,38.8,66.8,2016
76,Latvia,37.1,62.0,2016
77,United Kingdom,35.0,57.0,2016
78,United States,34.9,60.2,2016
79,Japan,34.0,54.9,2016
80,Belarus,33.7,53.7,2016
81,Cyprus,33.4,54.8,2016
82,Netherlands,32.8,53.3,2016
83,Portugal,31.8,51.6,2016
84,Lithuania,30.9,51.1,2016
85,Ireland,30.8,53.2,2016
86,Austria,30.8,52.1,2016
87,Croatia,30.4,49.9,2016
88,Denmark,29.9,46.6,2016
89,Germany,29.9,47.8,2016
90,Canada,29.5,48.1,2016
91,Slovenia,28.2,50.9,2016
92,Switzerland,23.0,37.5,2016
93,Australia,22.9,35.6,2016
94,New Zealand,19.0,31.6,2016
95,Sweden,18.3,29.0,2016
96,Norway,18.2,30.0,2016
97,Finland,17.8,30.7,2016
98,Estonia,16.4,29.8,2016
99,Iceland,13.1,23.0,2016
1,Ghana,98.8,179.3,2017
2,Afghanistan,95.6,174.9,2017
3,Mongolia,93.8,173.1,2017
4,Bangladesh,92.3,167.4,2017
5,Myanmar,91.4,169.5,2017
6,China,89.0,163.2,2017
7,Egypt,88.9,159.1,2017
8,Vietnam,88.1,157.7,2017
9,Peru,87.9,158.6,2017
10,Jordan,85.7,153.1,2017
11,Nigeria,85.5,154.2,2017
12,Cameroon,85.1,154.1,2017
13,Lebanon,85.1,151.1,2017
14,Bolivia,85.1,151.7,2017
15,Monaco,84.5,154.5,2017
16,North Macedonia,83.4,152.3,2017
17,Ethiopia,83.2,147.6,2017
18,Azerbaijan,83.1,147.8,2017
19,Iran,82.5,150.9,2017
20,Nepal,82.5,146.3,2017
21,Dominican Republic,80.2,141.6,2017
22,Pakistan,80.1,141.6,2017
23,Iraq,80.0,142.3,2017
24,Cambodia,79.3,141.2,2017
25,Albania,76.7,134.5,2017
26,India,76.5,134.8,2017
27,Indonesia,76.4,134.4,2017
28,Bahrain,76.3,140.8,2017
29,Saudi Arabia,74.2,132.1,2017
30,Qatar,73.3,130.4,2017
31,Thailand,73.2,128.2,2017
32,Venezuela,72.9,129.1,2017
33,Kazakhstan,72.8,132.6,2017
34,Georgia,72.7,130.0,2017
35,Zimbabwe,71.9,127.9,2017
36,Trinidad And Tobago,71.8,125.1,2017
37,Jamaica,70.7,123.8,2017
38,Turkey,70.5,125.3,2017
39,Philippines,70.2,122.5,2017
40,Kenya,70.0,122.9,2017
41,Hong Kong,69.9,125.8,2017
42,Malta,69.6,121.4,2017
43,Morocco,68.2,119.2,2017
44,Chile,67.7,123.1,2017
45,Kuwait,67.3,120.2,2017
46,Ukraine,67.3,117.4,2017
47,Malaysia,67.1,115.7,2017
48,Mexico,66.7,115.4,2017
49,Algeria,66.5,116.6,2017
50,Tunisia,66.3,115.3,2017
51,Moldova,66.2,115.0,2017
52,Armenia,65.7,120.2,2017
53,Panama,65.5,117.0,2017
54,Fiji,65.3,114.2,2017
55,Tanzania,64.7,112.9,2017
56,Colombia,63.9,114.4,2017
57,South Africa,63.6,109.8,2017
58,Bulgaria,63.1,112.8,2017
59,Russia,63.0,108.4,2017
60,Taiwan,62.9,109.5,2017
61,Sri Lanka,61.9,106.8,2017
62,Israel,61.7,110.5,2017
63,Syria,61.2,106.8,2017
64,Brazil,61.2,105.0,2017
65,Bosnia And Herzegovina,60.7,107.3,2017
66,United Arab Emirates,58.5,101.0,2017
67,Bahamas,58.0,99.7,2017
68,Ecuador,57.3,97.5,2017
69,Puerto Rico,55.8,96.3,2017
70,Serbia,55.3,94.8,2017
71,Cyprus,54.8,93.6,2017
72,Argentina,53.3,92.2,2017
73,South Korea,52.7,94.8,2017
74,Greece,52.0,89.4,2017
75,Italy,51.6,86.4,2017
76,Romania,50.9,84.6,2017
77,Mauritius,50.8,87.9,2017
78,Poland,50.3,86.5,2017
79,Costa Rica,50.1,87.3,2017
80,Oman,49.6,83.8,2017
81,Montenegro,49.2,83.6,2017
82,Belgium,48.9,82.7,2017
83,Uruguay,46.9,82.0,2017
84,Libya,45.3,76.0,2017
85,Hungary,44.0,74.7,2017
86,Slovakia,43.5,73.8,2017
87,Czech Republic,41.0,69.2,2017
88,Japan,41.0,66.8,2017
89,France,40.2,68.7,2017
90,Belarus,39.6,65.3,2017
91,Spain,37.5,62.9,2017
92,Singapore,37.0,64.1,2017
93,United Kingdom,34.9,57.0,2017
94,Lithuania,34.3,57.2,2017
95,Brunei,34.0,56.8,2017
96,Croatia,33.3,55.3,2017
97,United States,31.2,54.4,2017
98,Luxembourg,29.2,45.4,2017
99,Latvia,29.1,47.1,2017
100,Portugal,28.9,47.0,2017
101,Netherlands,27.6,44.9,2017
102,Ireland,27.2,47.3,2017
103,Germany,27.1,43.0,2017
104,Canada,26.5,45.0,2017
105,Slovenia,26.4,46.5,2017
106,Denmark,26.0,40.0,2017
107,Australia,24.6,39.5,2017
108,Austria,21.9,35.3,2017
109,Switzerland,20.8,33.2,2017
110,New Zealand,20.0,33.8,2017
111,Norway,19.5,31.6,2017
112,Sweden,17.9,28.8,2017
113,Estonia,17.7,31.0,2017
114,Finland,13.4,26.0,2017
115,Iceland,10.0,20.3,2017
1,Myanmar,93.0,170.7,2018
2,Mongolia,92.6,170.2,2018
3,Afghanistan,92.6,167.5,2018
4,Bangladesh,88.9,160.2,2018
5,Vietnam,88.1,157.8,2018
6,Egypt,87.6,156.6,2018
7,China,85.9,156.8,2018
8,Lebanon,85.7,152.4,2018
9,Nigeria,85.5,153.3,2018
10,Nepal,84.0,149.4,2018
11,Monaco,83.7,153.6,2018
12,Peru,83.3,149.0,2018
13,Jordan,82.3,146.2,2018
14,North Macedonia,82.0,149.2,2018
15,Iran,81.2,148.7,2018
16,Cambodia,79.4,140.7,2018
17,Iraq,79.3,140.8,2018
18,Ethiopia,78.0,137.1,2018
19,Pakistan,77.5,136.3,2018
20,Dominican Republic,76.8,134.9,2018
21,Bahrain,76.4,141.0,2018
22,India,75.9,133.3,2018
23,Albania,75.2,131.6,2018
24,Kazakhstan,73.7,133.6,2018
25,Venezuela,73.7,130.5,2018
26,Georgia,73.4,132.2,2018
27,Thailand,72.9,127.4,2018
28,Philippines,72.5,127.0,2018
29,Kenya,72.3,127.4,2018
30,Malta,71.9,125.9,2018
31,Jamaica,71.9,126.3,2018
32,Saudi Arabia,71.7,126.7,2018
33,Qatar,70.2,124.3,2018
34,Turkey,69.4,122.5,2018
35,Hong Kong,69.4,124.4,2018
36,Morocco,67.7,118.2,2018
37,Ukraine,67.2,117.1,2018
38,Chile,66.8,122.2,2018
39,Malaysia,66.5,114.6,2018
40,Tunisia,66.2,114.8,2018
41,Mexico,66.1,114.4,2018
42,Panama,65.9,117.1,2018
43,Algeria,64.2,112.1,2018
44,Armenia,63.5,116.3,2018
45,Russia,63.3,109.0,2018
46,Taiwan,63.2,110.4,2018
47,Bulgaria,63.0,113.7,2018
48,Colombia,62.5,112.2,2018
49,South Africa,62.2,107.2,2018
50,Bosnia And Herzegovina,61.6,110.0,2018
51,Indonesia,60.7,103.3,2018
52,Sri Lanka,60.6,104.1,2018
53,Israel,60.3,106.8,2018
54,Brazil,59.5,101.9,2018
55,Ecuador,59.2,101.3,2018
56,Mauritius,57.6,98.3,2018
57,Serbia,56.6,97.1,2018
58,United Arab Emirates,55.8,95.8,2018
59,Cyprus,55.8,94.8,2018
60,Argentina,53.6,91.8,2018
61,Italy,53.1,89.5,2018
62,Romania,53.0,88.9,2018
63,South Korea,52.9,94.9,2018
64,Greece,52.8,91.6,2018
65,Poland,51.1,89.6,2018
66,Costa Rica,49.9,87.1,2018
67,Uruguay,49.4,86.8,2018
68,Belgium,48.9,82.9,2018
69,Hungary,46.6,80.0,2018
70,Oman,42.8,70.4,2018
71,Japan,41.7,68.0,2018
72,Czech Republic,41.0,68.8,2018
73,Slovakia,40.7,68.6,2018
74,France,40.4,67.8,2018
75,Spain,38.1,63.2,2018
76,United Kingdom,37.7,61.8,2018
77,Belarus,36.0,58.5,2018
78,Singapore,33.9,58.2,2018
79,Lithuania,33.1,54.5,2018
80,Croatia,32.7,53.5,2018
81,Latvia,31.8,51.5,2018
82,United States,31.7,53.8,2018
83,Portugal,30.5,49.6,2018
84,Ireland,28.7,48.1,2018
85,Canada,27.7,45.9,2018
86,Germany,27.3,43.6,2018
87,Netherlands,27.2,44.8,2018
88,Slovenia,26.2,46.2,2018
89,Australia,24.8,39.8,2018
90,Denmark,23.6,36.1,2018
91,Switzerland,23.0,36.7,2018
92,Austria,22.9,36.8,2018
93,New Zealand,21.8,36.9,2018
94,Norway,20.2,33.1,2018
95,Sweden,19.1,30.6,2018
96,Estonia,17.2,29.2,2018
97,Iceland,13.7,24.9,2018
98,Finland,12.1,22.9,2018
1,Mongolia,93.1,170.7,2019
2,Myanmar,92.3,168.0,2019
3,Afghanistan,91.9,165.6,2019
4,Bangladesh,88.3,159.0,2019
5,Lebanon,87.4,156.0,2019
6,Nigeria,87.4,156.5,2019
7,Vietnam,87.1,156.2,2019
8,Egypt,86.5,154.4,2019
9,Nepal,85.0,151.5,2019
10,Monaco,84.7,156.1,2019
11,Peru,83.8,149.8,2019
12,China,81.9,148.9,2019
13,North Macedonia,80.9,147.3,2019
14,Ethiopia,80.4,142.0,2019
15,Jordan,80.4,142.3,2019
16,Cambodia,80.0,141.9,2019
17,Iran,79.3,145.5,2019
18,Iraq,79.3,140.0,2019
19,Azerbaijan,78.3,137.9,2019
20,Dominican Republic,77.4,136.2,2019
21,Albania,77.1,135.2,2019
22,Pakistan,75.9,133.1,2019
23,India,75.8,133.1,2019
24,Philippines,74.5,130.9,2019
25,Kazakhstan,74.3,135.3,2019
26,Venezuela,73.9,130.8,2019
27,Malta,73.8,129.3,2019
28,Bahrain,73.3,133.0,2019
29,Kenya,73.0,129.2,2019
30,Georgia,72.5,131.0,2019
31,Thailand,72.2,126.1,2019
32,Kuwait,71.6,126.9,2019
33,Jamaica,71.1,124.9,2019
34,Zimbabwe,71.0,125.6,2019
35,Turkey,69.2,121.2,2019
36,Tunisia,68.2,118.7,2019
37,Saudi Arabia,67.3,118.2,2019
38,Trinidad And Tobago,67.0,115.8,2019
39,Ukraine,66.6,115.6,2019
40,Qatar,66.5,117.6,2019
41,Hong Kong,66.4,118.2,2019
42,Mexico,66.0,114.0,2019
43,Morocco,65.7,113.9,2019
44,Chile,65.5,120.6,2019
45,Algeria,64.7,113.1,2019
46,Tanzania,64.5,113.2,2019
47,Bulgaria,64.0,115.8,2019
48,Malaysia,63.7,109.2,2019
49,Taiwan,63.5,110.6,2019
50,Bosnia And Herzegovina,63.5,113.3,2019
51,Russia,62.8,108.1,2019
52,Indonesia,62.8,107.4,2019
53,Panama,62.0,109.3,2019
54,Colombia,61.7,110.8,2019
55,Armenia,61.6,111.5,2019
56,Serbia,58.9,101.4,2019
57,Mauritius,58.5,100.4,2019
58,Brazil,57.7,98.8,2019
59,Sri Lanka,57.7,98.4,2019
60,Israel,57.3,101.2,2019
61,South Africa,56.9,97.1,2019
62,Ecuador,56.9,97.0,2019
63,Romania,55.4,93.6,2019
64,South Korea,54.2,98.1,2019
65,Cyprus,53.8,90.9,2019
66,Italy,53.8,90.9,2019
67,United Arab Emirates,53.1,90.8,2019
68,Poland,52.4,93.0,2019
69,Argentina,52.3,89.2,2019
70,Greece,51.9,90.5,2019
71,Costa Rica,50.2,87.0,2019
72,Belgium,49.9,84.6,2019
73,Puerto Rico,49.2,84.6,2019
74,Uruguay,46.6,82.5,2019
75,Hungary,46.5,79.9,2019
76,Montenegro,45.2,76.9,2019
77,France,42.7,71.3,2019
78,Slovakia,41.9,70.7,2019
79,Belarus,41.0,67.6,2019
80,Czech Republic,41.0,69.1,2019
81,Oman,39.5,64.1,2019
82,United Kingdom,39.4,64.8,2019
83,Spain,39.4,64.7,2019
84,Japan,37.1,59.4,2019
85,Latvia,35.0,56.7,2019
86,United States,33.9,56.5,2019
87,Singapore,32.3,54.7,2019
88,Portugal,31.6,51.4,2019
89,Ireland,31.1,52.0,2019
90,Croatia,31.0,50.7,2019
91,Lithuania,30.8,50.4,2019
92,Germany,28.0,44.8,2019
93,Canada,27.8,45.7,2019
94,Netherlands,27.4,45.0,2019
95,Slovenia,24.3,43.0,2019
96,Australia,24.0,38.7,2019
97,New Zealand,22.7,38.7,2019
98,Luxembourg,22.6,33.9,2019
99,Denmark,22.1,34.0,2019
100,Switzerland,22.0,35.6,2019
101,Austria,22.0,36.0,2019
102,Norway,19.9,32.5,2019
103,Estonia,18.1,30.4,2019
104,Sweden,18.0,28.7,2019
105,Iceland,15.2,26.8,2019
106,Finland,11.9,21.0,2019
1,Afghanistan,93.4,168.8,2020
2,Myanmar,92.5,168.2,2020
3,Mongolia,92.4,170.1,2020
4,Ghana,89.2,160.0,2020
5,Lebanon,88.4,157.8,2020
6,Nigeria,87.6,156.6,2020
7,Vietnam,86.5,154.9,2020
8,Monaco,86.3,157.8,2020
9,Bangladesh,86.2,154.5,2020
10,Egypt,85.6,152.8,2020
11,Nepal,84.8,151.0,2020
12,Peru,84.1,150.3,2020
13,China,80.8,146.4,2020
14,North Macedonia,80.2,146.2,2020
15,Cambodia,79.5,140.8,2020
16,Ethiopia,79.2,139.6,2020
17,India,78.9,139.3,2020
18,Iraq,78.8,139.1,2020
19,Azerbaijan,78.1,137.7,2020
20,Dominican Republic,77.9,137.2,2020
21,Jordan,77.8,137.1,2020
22,Albania,77.8,136.7,2020
23,Iran,77.4,142.0,2020
24,Malta,77.1,135.3,2020
25,Kenya,76.6,135.9,2020
26,Kazakhstan,75.1,137.0,2020
27,Thailand,75.1,131.9,2020
28,Zimbabwe,74.6,132.4,2020
29,Bolivia,74.6,130.8,2020
30,Philippines,74.3,130.6,2020
31,Pakistan,74.3,129.9,2020
32,Venezuela,73.8,130.5,2020
33,Bahrain,71.4,128.8,2020
34,Georgia,71.1,128.3,2020
35,Guatemala,70.6,123.0,2020
36,Morocco,70.6,123.4,2020
37,Tunisia,69.5,121.2,2020
38,Jamaica,68.9,120.3,2020
39,Kuwait,68.7,121.6,2020
40,Syria,68.4,118.2,2020
41,Trinidad And Tobago,68.3,118.4,2020
42,Hong Kong,67.7,120.5,2020
43,Turkey,67.4,117.3,2020
44,Indonesia,66.6,114.8,2020
45,Mexico,66.1,114.1,2020
46,Chile,65.8,121.1,2020
47,Algeria,65.7,115.2,2020
48,Bulgaria,65.3,118.7,2020
49,Saudi Arabia,65.1,114.1,2020
50,Ukraine,65.1,112.7,2020
51,Taiwan,63.4,110.4,2020
52,Malaysia,63.2,108.2,2020
53,Panama,63.1,111.4,2020
54,Tanzania,62.9,110.7,2020
55,Colombia,62.8,113.5,2020
56,Russia,62.8,108.1,2020
57,South Korea,62.5,114.4,2020
58,Bosnia And Herzegovina,62.3,110.6,2020
59,Qatar,61.1,106.9,2020
60,Serbia,60.3,104.8,2020
61,Armenia,60.2,108.8,2020
62,Sri Lanka,59.1,101.2,2020
63,Romania,58.4,99.7,2020
64,South Africa,57.3,97.9,2020
65,Israel,57.2,101.0,2020
66,Ecuador,57.0,97.2,2020
67,Mauritius,55.9,95.6,2020
68,Italy,55.6,94.5,2020
69,Brazil,55.0,94.0,2020
70,Poland,54.5,97.1,2020
71,Cyprus,53.6,90.5,2020
72,Belgium,52.9,90.0,2020
73,Greece,52.5,91.8,2020
74,United Arab Emirates,51.2,87.0,2020
75,Argentina,50.7,86.4,2020
76,Puerto Rico,49.9,85.7,2020
77,Hungary,48.3,83.6,2020
78,Costa Rica,47.0,81.1,2020
79,Montenegro,45.1,76.6,2020
80,Uruguay,44.8,79.8,2020
81,Belarus,43.6,72.2,2020
82,France,43.6,72.7,2020
83,United Kingdom,40.6,67.1,2020
84,Czech Republic,40.2,68.3,2020
85,Spain,40.0,65.5,2020
86,Slovakia,39.7,66.6,2020
87,Japan,39.6,64.1,2020
88,Oman,37.7,60.8,2020
89,United States,36.9,61.0,2020
90,Ireland,34.0,56.5,2020
91,Latvia,33.7,54.9,2020
92,Singapore,33.5,56.9,2020
93,Portugal,30.9,49.7,2020
94,Croatia,30.5,50.2,2020
95,Germany,29.0,46.7,2020
96,Lithuania,28.8,46.8,2020
97,Canada,27.8,45.3,2020
98,Netherlands,27.4,44.8,2020
99,Luxembourg,24.3,36.6,2020
100,Slovenia,24.1,42.5,2020
101,Australia,23.5,37.5,2020
102,New Zealand,23.4,39.9,2020
103,Switzerland,22.4,36.0,2020
104,Austria,22.2,36.6,2020
105,Denmark,21.3,32.9,2020
106,Norway,20.3,32.7,2020
107,Estonia,19.8,33.1,2020
108,Sweden,18.1,28.3,2020
109,Iceland,16.2,28.1,2020
110,Finland,11.5,19.7,2020
1,Afghanistan,92.2,166.1,2021
2,Mongolia,91.8,168.6,2021
3,Myanmar,89.8,162.1,2021
4,Lebanon,89.3,159.7,2021
5,Ghana,89.0,159.6,2021
6,Nigeria,87.3,156.1,2021
7,Monaco,86.8,158.4,2021
8,Vietnam,85.9,153.9,2021
9,Bangladesh,84.9,151.8,2021
10,Egypt,84.3,150.2,2021
11,Nepal,84.3,149.9,2021
12,Peru,82.7,147.2,2021
13,China,81.5,148.5,2021
14,North Macedonia,80.0,145.7,2021
15,India,79.6,140.8,2021
16,Chile,79.0,141.8,2021
17,Laos,78.8,140.2,2021
18,Albania,78.6,138.2,2021
19,Cambodia,78.2,138.0,2021
20,Malta,77.8,136.5,2021
21,Ethiopia,77.7,136.7,2021
22,Iran,76.1,139.3,2021
23,Jordan,76.1,133.8,2021
24,Kenya,75.9,134.5,2021
25,Azerbaijan,75.4,132.3,2021
26,Thailand,75.4,132.5,2021
27,Venezuela,75.1,133.2,2021
28,Dominican Republic,75.1,131.4,2021
29,Zimbabwe,74.4,132.1,2021
30,Philippines,74.1,130.2,2021
31,Iraq,73.6,128.6,2021
32,Pakistan,73.4,128.1,2021
33,Bolivia,73.2,128.2,2021
34,Syria,72.6,126.3,2021
35,Kazakhstan,72.6,131.3,2021
36,Guatemala,72.5,126.5,2021
37,Bahrain,71.6,129.6,2021
38,Tunisia,70.9,123.8,2021
39,Morocco,70.4,122.7,2021
40,Georgia,69.7,125.1,2021
41,Trinidad And Tobago,67.4,116.7,2021
42,Hong Kong,67.3,119.7,2021
43,Indonesia,67.1,115.8,2021
44,Kuwait,66.7,117.6,2021
45,Jamaica,66.3,115.4,2021
46,Turkey,66.2,115.0,2021
47,Algeria,65.3,114.1,2021
48,Bulgaria,64.5,116.4,2021
49,Tanzania,64.4,112.9,2021
50,Ukraine,64.3,111.2,2021
51,Saudi Arabia,64.1,112.3,2021
52,Taiwan,62.9,109.5,2021
53,Colombia,62.9,112.3,2021
54,Malaysia,62.6,107.1,2021
55,Russia,62.3,107.2,2021
56,South Korea,61.8,113.1,2021
57,Mexico,61.2,104.5,2021
58,Serbia,61.2,106.6,2021
59,Bosnia And Herzegovina,60.7,107.5,2021
60,Armenia,60.2,108.3,2021
61,Qatar,60.2,105.6,2021
62,Sri Lanka,59.9,102.8,2021
63,Panama,59.8,104.5,2021
64,Israel,58.4,103.9,2021
65,Romania,58.4,99.8,2021
66,Ecuador,58.3,99.9,2021
67,Libya,57.8,99.9,2021
68,South Africa,57.0,97.2,2021
69,Cyprus,56.8,96.3,2021
70,Mauritius,56.2,96.0,2021
71,Brazil,54.5,93.0,2021
72,Poland,54.3,96.0,2021
73,Italy,53.9,91.0,2021
74,Greece,51.9,90.5,2021
75,Argentina,50.7,86.6,2021
76,Puerto Rico,50.4,86.5,2021
77,United Arab Emirates,50.4,85.7,2021
78,Belgium,50.3,84.7,2021
79,Hungary,47.8,82.7,2021
80,Montenegro,46.9,79.5,2021
81,Uruguay,45.7,80.9,2021
82,Belarus,44.5,74.0,2021
83,Costa Rica,44.1,75.7,2021
84,France,41.8,69.7,2021
85,United Kingdom,40.2,66.5,2021
86,Spain,39.6,64.9,2021
87,Japan,39.4,63.8,2021
88,Slovakia,39.1,65.7,2021
89,United States,38.9,64.3,2021
90,Oman,37.6,60.5,2021
91,Czech Republic,36.3,60.5,2021
92,Latvia,33.9,55.3,2021
93,Ireland,33.6,56.1,2021
94,Singapore,33.2,56.3,2021
95,Croatia,30.6,50.5,2021
96,Portugal,29.6,47.5,2021
97,Canada,28.1,45.9,2021
98,Germany,27.5,44.3,2021
99,Lithuania,27.0,43.6,2021
100,Netherlands,25.3,41.1,2021
101,New Zealand,23.8,40.6,2021
102,Australia,23.5,37.3,2021
103,Luxembourg,23.3,35.0,2021
104,Slovenia,22.7,39.6,2021
105,Denmark,20.4,31.6,2021
106,Switzerland,20.1,32.2,2021
107,Austria,19.2,31.3,2021
108,Estonia,19.0,31.2,2021
109,Sweden,18.4,28.7,2021
110,Norway,18.1,29.2,2021
111,Iceland,16.2,28.0,2021
112,Finland,11.9,20.2,2021
1,Cameroon,93.1,168.4,2022
2,Mongolia,92.0,168.8,2022
3,Myanmar,89.6,161.8,2022
4,Lebanon,89.3,159.6,2022
5,Ghana,89.0,159.6,2022
6,Nigeria,88.3,158.0,2022
7,Afghanistan,86.8,155.1,2022
8,Vietnam,85.5,153.1,2022
9,Monaco,85.3,155.0,2022
10,Bangladesh,85.0,151.9,2022
11,Nepal,84.0,149.4,2022
12,Egypt,83.6,148.8,2022
13,Peru,82.9,147.6,2022
14,Malta,81.0,142.9,2022
15,China,80.6,146.7,2022
16,North Macedonia,79.7,145.1,2022
17,Albania,79.1,139.2,2022
18,Chile,78.5,141.0,2022
19,Cambodia,78.3,138.2,2022
20,Laos,78.2,139.0,2022
21,Ethiopia,77.7,136.7,2022
22,Jordan,76.3,134.2,2022
23,Thailand,75.5,132.8,2022
24,Iran,75.4,137.9,2022
25,Venezuela,75.4,133.8,2022
26,Bolivia,74.6,130.9,2022
27,Zimbabwe,74.6,132.1,2022
28,Dominican Republic,74.4,130.1,2022
29,Azerbaijan,74.3,130.0,2022
30,Iraq,74.3,129.8,2022
31,Syria,73.8,128.5,2022
32,Pakistan,73.7,128.6,2022
33,Kazakhstan,73.4,133.0,2022
34,Philippines,73.4,128.8,2022
35,India,73.1,127.5,2022
36,Guatemala,72.8,127.0,2022
37,Tunisia,70.8,123.7,2022
38,Bahrain,70.7,127.9,2022
39,Morocco,69.3,120.7,2022
40,Kenya,69.3,121.3,2022
41,Georgia,69.3,124.5,2022
42,Hong Kong,67.6,120.3,2022
43,Indonesia,67.2,116.0,2022
44,Trinidad And Tobago,66.7,115.1,2022
45,Kuwait,66.1,116.3,2022
46,Jamaica,65.9,114.8,2022
47,Turkey,65.5,113.6,2022
48,Algeria,65.0,113.7,2022
49,Taiwan,64.7,112.7,2022
50,Moldova,64.6,112.8,2022
51,Bulgaria,64.3,116.1,2022
52,Saudi Arabia,63.8,111.9,2022
53,Tanzania,63.4,111.2,2022
54,Colombia,63.0,111.4,2022
55,Ukraine,62.9,108.4,2022
56,Serbia,62.9,110.0,2022
57,South Korea,62.4,114.1,2022
58,Malaysia,62.1,106.2,2022
59,Russia,61.8,106.2,2022
60,Bosnia And Herzegovina,60.9,107.9,2022
61,Sri Lanka,60.2,103.3,2022
62,Armenia,60.0,108.0,2022
63,Qatar,59.9,105.6,2022
64,Panama,58.7,102.6,2022
65,Romania,58.6,100.2,2022
66,Mexico,58.5,99.1,2022
67,Ecuador,58.2,99.5,2022
68,Israel,57.7,102.4,2022
69,Libya,56.9,99.1,2022
70,Cyprus,56.9,96.3,2022
71,South Africa,56.6,96.4,2022
72,Mauritius,55.2,94.0,2022
73,Poland,54.7,96.9,2022
74,Italy,54.1,91.5,2022
75,Brazil,53.8,91.7,2022
76,Fiji,52.4,90.2,2022
77,Greece,51.9,90.6,2022
78,Argentina,51.2,87.5,2022
79,Belgium,50.1,84.4,2022
80,Puerto Rico,50.0,85.3,2022
81,United Arab Emirates,49.7,84.3,2022
82,Hungary,47.9,82.8,2022
83,Montenegro,47.0,79.9,2022
84,Uruguay,45.2,80.4,2022
85,Belarus,44.8,74.4,2022
86,Costa Rica,44.7,76.5,2022
87,France,42.4,70.7,2022
88,United Kingdom,40.2,66.5,2022
89,Spain,39.7,65.0,2022
90,Slovakia,39.1,65.7,2022
91,Japan,38.8,62.8,2022
92,Oman,37.2,59.8,2022
93,Czech Republic,35.9,59.6,2022
94,United States,35.3,58.4,2022
95,Ireland,34.8,57.9,2022
96,Singapore,33.3,56.5,2022
97,Latvia,32.7,53.1,2022
98,Croatia,31.2,51.5,2022
99,Portugal,30.5,49.0,2022
100,Canada,28.8,46.9,2022
101,Germany,27.8,44.9,2022
102,Lithuania,26.7,43.2,2022
103,Netherlands,25.1,40.7,2022
104,Luxembourg,23.9,36.3,2022
105,Australia,23.9,37.9,2022
106,New Zealand,23.6,40.2,2022
107,Slovenia,22.9,40.0,2022
108,Austria,21.7,35.0,2022
109,Denmark,21.0,32.4,2022
110,Estonia,19.7,32.1,2022
111,Switzerland,19.6,31.3,2022
112,Sweden,18.3,28.6,2022
113,Norway,17.9,28.8,2022
114,Iceland,15.8,27.2,2022
115,Finland,12.1,20.5,2022
1,Mongolia,92.4,169.6,2023
2,Myanmar,89.8,162.3,2023
3,Lebanon,89.4,159.9,2023
4,Ghana,88.3,158.1,2023
5,Nigeria,88.0,157.3,2023
6,Afghanistan,87.4,156.1,2023
7,Monaco,85.7,155.6,2023
8,Bangladesh,85.1,152.0,2023
9,Vietnam,85.1,152.2,2023
10,Nepal,84.1,149.7,2023
11,Egypt,83.2,147.8,2023
12,Peru,82.4,146.6,2023
13,Malta,81.2,143.4,2023
14,North Macedonia,79.7,145.1,2023
15,China,79.3,144.2,2023
16,Cambodia,78.3,138.2,2023
17,Chile,77.9,139.8,2023
18,Ethiopia,76.8,134.9,2023
19,Albania,76.5,134.0,2023
20,Jordan,76.4,134.5,2023
21,Venezuela,75.7,134.2,2023
22,Zimbabwe,75.6,134.0,2023
23,Thailand,75.3,132.5,2023
24,Iran,75.3,138.0,2023
25,Syria,74.7,130.4,2023
26,Iraq,74.0,129.3,2023
27,Azerbaijan,73.9,129.2,2023
28,Pakistan,73.6,128.5,2023
29,Guatemala,73.4,128.0,2023
30,Kazakhstan,73.1,132.4,2023
31,India,73.0,127.4,2023
32,Dominican Republic,72.9,127.1,2023
33,Philippines,72.9,127.8,2023
34,Bolivia,72.2,126.0,2023
35,Bahrain,71.4,128.9,2023
36,Tunisia,70.2,122.4,2023
37,Morocco,69.3,120.6,2023
38,Kenya,69.2,121.1,2023
39,Kuwait,67.8,119.5,2023
40,Georgia,67.8,121.9,2023
41,Hong Kong (China),67.2,119.5,2023
42,Indonesia,67.1,115.9,2023
43,Trinidad And Tobago,66.4,114.8,2023
44,Jamaica,66.0,114.9,2023
45,Turkey,65.1,112.6,2023
46,Taiwan (China),64.9,113.0,2023
47,Serbia,64.1,112.4,2023
48,Moldova,64.0,111.2,2023
49,Bulgaria,63.7,114.8,2023
50,Algeria,63.6,110.9,2023
51,Tanzania,63.4,111.2,2023
52,Saudi Arabia,63.3,110.8,2023
53,Colombia,63.1,111.3,2023
54,South Korea,62.3,113.7,2023
55,Ukraine,62.1,106.8,2023
56,Malaysia,61.7,105.4,2023
57,Russia,60.9,104.4,2023
58,Armenia,60.9,110.0,2023
59,Bosnia And Herzegovina,60.6,106.9,2023
60,Qatar,60.0,105.8,2023
61,Sri Lanka,59.4,101.8,2023
62,Romania,58.5,100.0,2023
63,Mexico,58.5,99.3,2023
64,Ecuador,58.4,99.8,2023
65,Israel,57.4,101.7,2023
66,Panama,57.3,99.9,2023
67,South Africa,56.4,96.0,2023
68,Cyprus,55.3,93.1,2023
69,Mauritius,54.8,93.1,2023
70,Italy,54.7,92.7,2023
71,Poland,54.5,96.6,2023
72,Brazil,53.7,91.3,2023
73,Greece,51.6,90.1,2023
74,Argentina,51.3,87.6,2023
75,Belgium,50.1,84.5,2023
76,Puerto Rico,48.9,83.5,2023
77,United Arab Emirates,48.2,81.5,2023
78,Hungary,47.7,82.6,2023
79,Montenegro,46.6,79.3,2023
80,Belarus,44.5,73.8,2023
81,Costa Rica,44.1,75.6,2023
82,Uruguay,43.9,78.2,2023
83,France,42.9,71.5,2023
84,United Kingdom,40.4,66.9,2023
85,Spain,39.6,64.9,2023
86,Japan,39.2,63.4,2023
87,Slovakia,38.3,64.2,2023
88,Oman,37.2,59.5,2023
89,United States,36.1,59.6,2023
90,Czech Republic,35.3,58.5,2023
91,Ireland,34.8,58.0,2023
92,Singapore,33.1,56.2,2023
93,Croatia,32.0,52.6,2023
94,Latvia,31.5,50.8,2023
95,Portugal,30.6,49.4,2023
96,Canada,29.1,47.5,2023
97,Germany,28.8,46.6,2023
98,Lithuania,25.7,41.4,2023
99,Australia,25.4,40.4,2023
100,New Zealand,24.2,41.2,2023
101,Netherlands,23.7,38.2,2023
102,Slovenia,22.7,39.6,2023
103,Luxembourg,21.9,32.8,2023
104,Austria,21.5,34.4,2023
105,Denmark,21.3,33.1,2023
106,Switzerland,19.6,31.4,2023
107,Sweden,18.0,28.0,2023
108,Estonia,17.9,29.3,2023
109,Norway,17.7,28.5,2023
110,Iceland,15.2,26.1,2023
111,Finland,12.0,20.1,2023
1,Cameroon,93.8,170.0,2024
2,Myanmar,89.8,162.2,2024
3,Lebanon,89.4,159.9,2024
4,Nigeria,87.9,157.1,2024
5,Ghana,87.9,157.4,2024
6,Mongolia,87.7,160.3,2024
7,Bangladesh,85.6,153.2,2024
8,Afghanistan,84.9,151.5,2024
9,Nepal,84.0,149.3,2024
10,Vietnam,83.8,149.6,2024
11,Egypt,82.8,147.0,2024
12,Peru,82.7,147.2,2024
13,North Macedonia,79.6,144.9,2024
14,Cambodia,78.2,138.0,2024
15,China,78.2,141.8,2024
16,Monaco,77.7,139.1,2024
17,Chile,77.1,138.3,2024
18,Albania,77.0,135.0,2024
19,Zimbabwe,76.6,136.2,2024
20,Jordan,76.4,134.4,2024
21,Venezuela,75.6,134.1,2024
22,Thailand,75.5,132.9,2024
23,Malta,75.4,132.2,2024
24,Syria,75.0,131.0,2024
25,Iran,74.8,137.0,2024
26,Ethiopia,74.6,130.6,2024
27,Kazakhstan,73.6,133.5,2024
28,Guatemala,73.5,128.2,2024
29,Azerbaijan,73.1,127.6,2024
30,Pakistan,72.9,127.1,2024
31,India,72.8,127.0,2024
32,Bolivia,72.7,127.2,2024
33,Philippines,72.5,127.2,2024
34,Iraq,72.5,126.2,2024
35,Dominican Republic,71.9,125.2,2024
36,Bahrain,71.2,128.6,2024
37,Tunisia,69.6,121.2,2024
38,Morocco,69.6,120.9,2024
39,Kenya,69.3,121.3,2024
40,Georgia,68.4,122.8,2024
41,Kuwait,68.0,120.1,2024
42,Indonesia,67.4,116.4,2024
43,Hong Kong (China),66.9,118.7,2024
44,Trinidad And Tobago,66.5,114.9,2024
45,Jamaica,66.0,114.8,2024
46,Serbia,65.0,114.3,2024
47,Turkey,64.7,111.9,2024
48,Saudi Arabia,64.1,112.1,2024
49,Taiwan,63.9,110.9,2024
50,Tanzania,63.5,111.2,2024
51,Bulgaria,63.3,114.1,2024
52,Algeria,63.2,109.9,2024
53,Colombia,62.8,110.7,2024
54,Moldova,62.6,108.4,2024
55,Ukraine,61.8,106.3,2024
56,Armenia,61.7,112.2,2024
57,Malaysia,61.4,104.7,2024
58,South Korea,61.4,112.2,2024
59,Bosnia And Herzegovina,60.5,106.9,2024
60,Qatar,60.5,106.6,2024
61,Russia,59.6,101.9,2024
62,Romania,58.9,100.7,2024
63,Sri Lanka,58.8,100.6,2024
64,Ecuador,58.6,100.1,2024
65,Mexico,58.1,98.4,2024
66,Poland,57.5,101.4,2024
67,Israel,57.0,100.8,2024
68,Cyprus,56.4,95.2,2024
69,South Africa,56.3,95.9,2024
70,Panama,55.8,96.9,2024
71,Mauritius,54.8,93.1,2024
72,Italy,54.0,91.4,2024
73,Brazil,52.6,89.4,2024
74,Greece,52.0,90.7,2024
75,Argentina,51.1,87.2,2024
76,Belgium,49.7,83.8,2024
77,United Arab Emirates,49.0,82.9,2024
78,Puerto Rico,48.7,83.3,2024
79,Hungary,48.0,83.1,2024
80,Montenegro,46.0,77.5,2024
81,Belarus,44.9,74.6,2024
82,Costa Rica,43.8,74.7,2024
83,Uruguay,43.4,77.1,2024
84,France,43.4,72.4,2024
85,United Kingdom,40.5,67.0,2024
86,Japan,38.6,62.3,2024
87,Oman,38.4,61.7,2024
88,Slovakia,37.2,62.4,2024
89,United States,37.1,61.3,2024
90,Spain,35.6,57.4,2024
91,Czech Republic,34.8,57.6,2024
92,Ireland,34.2,56.7,2024
93,Singapore,33.3,56.4,2024
94,Croatia,31.3,51.3,2024
95,Latvia,30.8,49.6,2024
96,Canada,30.2,49.3,2024
97,Australia,29.4,47.3,2024
98,Germany,29.2,47.1,2024
99,Portugal,28.7,45.9,2024
100,New Zealand,28.1,47.5,2024
101,Lithuania,26.9,43.4,2024
102,Slovenia,22.4,38.9,2024
103,Switzerland,22.2,35.7,2024
104,Denmark,21.9,34.0,2024
105,Austria,21.8,35.0,2024
106,Luxembourg,21.8,32.8,2024
107,Netherlands,21.8,34.6,2024
108,Norway,18.6,29.9,2024
109,Sweden,17.7,27.5,2024
110,Estonia,16.7,27.0,2024
111,Iceland,15.8,27.1,2024
112,Finland,12.0,19.9,2024
1,Cameroon,91.9,166.0,2025
2,Myanmar,89.8,162.2,2025
3,Lebanon,89.6,160.3,2025
4,Nigeria,87.9,157.1,2025
5,Mongolia,87.9,160.7,2025
6,Ghana,86.3,154.5,2025
7,Bangladesh,85.6,153.0,2025
8,Afghanistan,84.4,150.5,2025
9,Nepal,84.0,149.4,2025
10,Vietnam,83.8,149.6,2025
11,Egypt,82.7,146.9,2025
12,Peru,81.9,145.6,2025
13,North Macedonia,79.2,144.1,2025
14,Zimbabwe,78.7,140.1,2025
15,Monaco,78.2,140.2,2025
16,Cambodia,77.5,136.6,2025
17,Chile,77.4,138.7,2025
18,Albania,77.3,135.5,2025
19,Jordan,77.1,135.7,2025
20,China,76.7,139.1,2025
21,Malta,75.7,132.7,2025
22,Thailand,75.6,133.0,2025
23,Iran,75.3,137.9,2025
24,Syria,75.1,131.0,2025
25,Ethiopia,73.8,128.9,2025
26,Venezuela,73.7,130.4,2025
27,Guatemala,73.5,128.2,2025
28,Pakistan,73.2,127.7,2025
29,Dominican Republic,73.1,127.4,2025
30,Kazakhstan,72.9,131.9,2025
31,India,72.8,127.0,2025
32,Philippines,72.5,127.2,2025
33,Bolivia,72.0,125.8,2025
34,Azerbaijan,72.0,125.5,2025
35,Bahrain,71.6,129.3,2025
36,Kyrgyzstan,71.2,132.3,2025
37,Iraq,71.0,123.3,2025
38,Tunisia,69.7,121.2,2025
39,Kuwait,69.4,122.7,2025
40,Kenya,69.0,120.8,2025
41,Morocco,68.4,118.6,2025
42,Indonesia,68.1,117.8,2025
43,Georgia,67.6,120.9,2025
44,Trinidad And Tobago,67.1,116.2,2025
45,Hong Kong (China),66.5,117.9,2025
46,Jamaica,66.0,114.8,2025
47,Serbia,65.9,116.2,2025
48,Taiwan,64.1,111.3,2025
49,Turkey,64.1,110.6,2025
50,Algeria,63.8,111.0,2025
51,Bulgaria,62.8,113.0,2025
52,Saudi Arabia,62.4,109.1,2025
53,Ukraine,62.2,107.1,2025
54,Colombia,62.2,109.6,2025
55,Tanzania,62.0,108.9,2025
56,Armenia,61.8,112.9,2025
57,Malaysia,60.9,103.7,2025
58,Moldova,60.5,104.4,2025
59,Qatar,60.0,106.1,2025
60,Bosnia And Herzegovina,59.7,105.2,2025
61,Ecuador,59.1,101.0,2025
62,Russia,58.5,99.8,2025
63,Mexico,58.3,99.0,2025
64,Romania,58.2,99.3,2025
65,Sri Lanka,58.0,99.1,2025
66,South Korea,57.5,104.2,2025
67,Israel,56.7,100.4,2025
68,South Africa,56.7,96.6,2025
69,Panama,55.6,96.6,2025
70,Cyprus,55.4,93.4,2025
71,Poland,55.3,98.1,2025
72,Uzbekistan,55.3,94.5,2025
73,Mauritius,54.6,92.8,2025
74,Italy,53.4,90.6,2025
75,Brazil,52.8,89.7,2025
76,Libya,52.0,89.2,2025
77,Argentina,50.8,86.6,2025
78,Greece,49.4,86.1,2025
79,Belgium,49.2,82.8,2025
80,United Arab Emirates,48.2,81.5,2025
81,Puerto Rico,47.9,82.0,2025
82,Hungary,46.7,80.8,2025
83,Montenegro,45.3,76.1,2025
84,Belarus,44.5,74.0,2025
85,France,43.7,72.9,2025
86,Uruguay,43.3,77.3,2025
87,Costa Rica,41.6,70.7,2025
88,United Kingdom,40.7,67.3,2025
89,Japan,38.2,61.6,2025
90,Slovakia,37.1,62.0,2025
91,United States,36.9,60.9,2025
92,Oman,36.4,57.9,2025
93,Spain,35.3,56.8,2025
94,Ireland,34.9,57.9,2025
95,Czech Republic,34.6,57.1,2025
96,Singapore,32.3,55.0,2025
97,Croatia,31.6,51.9,2025
98,Latvia,30.1,48.4,2025
99,Canada,29.8,48.7,2025
100,Portugal,29.5,47.3,2025
101,Germany,28.8,46.5,2025
102,Australia,26.9,43.0,2025
103,New Zealand,26.0,44.1,2025
104,Lithuania,25.9,41.9,2025
105,Switzerland,24.0,38.4,2025
106,Luxembourg,22.9,34.6,2025
107,Slovenia,22.2,38.6,2025
108,Netherlands,20.9,33.2,2025
109,Denmark,20.9,32.4,2025
110,Austria,20.6,33.2,2025
111,Norway,18.3,29.5,2025
112,Sweden,17.6,27.4,2025
113,Estonia,16.9,27.1,2025
114,Iceland,16.7,27.9,2025
115,Finland,11.7,19.6,2025
