rank,country,price_to_income_ratio,gross_rental_yield_city_centre,gross_rental_yield_outside_of_centre,price_to_rent_ratio_city_centre,price_to_rent_ratio_outside_of_city_centre,mortgage_as_percentage_of_income,affordability_index,Year
3,Ukraine,24.1,4.3,3.7,23.2,27.3,446.8,0.2,2009
8,South Korea,21.3,1.3,1.3,77.3,75.6,168.6,0.6,2009
12,Serbia,15.9,3.2,3.8,31.0,26.0,196.9,0.5,2009
16,Czech Republic,14.9,3.6,3.5,28.1,28.3,149.4,0.7,2009
17,United Kingdom,14.7,1.7,2.3,58.6,43.0,121.6,0.8,2009
19,Bosnia And Herzegovina,14.2,3.1,3.6,31.9,27.9,164.1,0.6,2009
20,Estonia,14.1,2.5,1.9,40.0,53.6,141.3,0.7,2009
23,Greece,11.9,3.3,3.0,30.5,33.9,110.9,0.9,2009
24,France,11.7,3.1,3.9,32.4,25.3,93.0,1.1,2009
29,Indonesia,10.3,8.3,9.0,12.1,11.1,88.7,1.1,2009
32,United States,8.9,2.4,3.8,42.1,26.1,69.7,1.4,2009
33,Ireland,8.3,3.6,3.8,27.6,26.5,76.8,1.3,2009
36,India,7.7,3.6,4.4,27.8,22.6,77.1,1.3,2009
37,Canada,7.1,5.0,5.6,20.0,17.8,57.3,1.7,2009
39,Netherlands,6.5,6.2,5.7,16.2,17.7,49.6,2.0,2009
46,Jordan,5.4,10.7,12.5,9.4,8.0,59.9,1.7,2009
49,Austria,5.2,6.0,5.6,16.7,17.8,42.8,2.3,2009
53,Germany,3.8,4.1,4.0,24.1,25.2,29.7,3.4,2009
54,Denmark,3.2,9.4,8.3,10.6,12.0,25.4,3.9,2009
1,Morocco,67.5,5.8,5.8,17.2,17.2,13500.0,0.0,2010
2,Pakistan,40.6,0.9,2.3,113.5,44.4,752.4,0.1,2010
3,Belarus,40.0,7.5,3.2,13.3,31.4,704.1,0.1,2010
4,Montenegro,30.0,1.3,1.5,79.8,67.8,323.9,0.3,2010
5,Russia,28.6,3.4,3.7,29.5,26.9,383.6,0.3,2010
6,Romania,24.3,5.0,4.4,19.9,22.7,333.1,0.3,2010
7,Lithuania,20.8,3.4,2.6,29.6,37.8,596.1,0.2,2010
8,Serbia,18.8,2.8,3.6,35.2,27.8,232.9,0.4,2010
9,Latvia,18.3,4.0,2.6,24.8,38.3,212.3,0.5,2010
10,Ukraine,17.4,4.5,5.3,22.0,18.7,300.4,0.3,2010
11,China,17.1,4.7,5.0,21.1,20.1,131.1,0.8,2010
12,Spain,16.7,2.7,3.4,36.6,29.6,114.9,0.9,2010
13,Hungary,16.5,3.6,3.9,28.1,25.5,165.4,0.6,2010
14,South Korea,16.3,2.2,1.4,45.2,72.8,182.2,0.5,2010
15,Thailand,16.0,5.9,5.4,17.0,18.7,160.2,0.6,2010
16,Indonesia,15.8,8.3,9.0,12.1,11.1,136.2,0.7,2010
17,Paraguay,15.6,4.7,3.3,21.5,30.6,468.1,0.2,2010
18,Albania,15.4,2.5,5.0,39.8,20.2,121.8,0.8,2010
19,Bosnia And Herzegovina,15.3,1.8,2.5,56.5,39.4,176.9,0.6,2010
20,Slovakia,15.1,4.1,3.4,24.2,29.1,114.6,0.9,2010
21,Czech Republic,14.9,3.7,3.3,27.3,30.0,149.4,0.7,2010
22,Iran,14.6,7.5,8.7,13.3,11.6,184.6,0.5,2010
23,Singapore,14.4,3.5,3.7,28.3,27.1,89.2,1.1,2010
24,Italy,14.3,3.3,4.2,29.9,23.6,119.9,0.8,2010
25,Estonia,14.1,2.5,1.9,40.0,53.8,141.3,0.7,2010
26,Bulgaria,13.9,5.1,5.2,19.7,19.1,159.8,0.6,2010
27,Japan,13.6,2.0,2.6,49.9,37.8,75.1,1.3,2010
28,Poland,13.6,4.3,3.9,23.2,25.5,123.1,0.8,2010
29,Croatia,12.7,3.5,4.1,28.4,24.5,123.0,0.8,2010
30,France,12.7,2.9,3.2,35.0,30.9,100.4,1.0,2010
31,Greece,12.2,3.2,2.8,31.3,36.0,113.7,0.9,2010
32,United Kingdom,12.0,2.8,2.7,35.4,37.2,97.9,1.0,2010
33,Argentina,11.8,3.9,5.5,25.4,18.3,661.9,0.2,2010
34,Portugal,11.6,3.8,3.6,26.6,28.1,66.3,1.5,2010
35,Malaysia,11.3,2.3,3.7,43.5,26.7,81.9,1.2,2010
36,India,11.0,3.8,3.8,26.0,26.5,120.7,0.8,2010
37,Jordan,10.9,9.0,9.3,11.2,10.7,115.8,0.9,2010
38,Israel,10.9,4.2,7.7,23.8,12.9,75.7,1.3,2010
39,Sri Lanka,9.8,5.4,7.3,18.5,13.6,91.4,1.1,2010
40,Colombia,9.5,4.2,5.9,23.8,17.0,212.2,0.5,2010
41,United Arab Emirates,8.6,5.9,7.9,17.0,12.6,89.7,1.1,2010
42,Norway,8.1,3.9,4.3,25.5,23.1,61.7,1.6,2010
43,Denmark,8.0,5.0,4.7,20.0,21.2,60.7,1.6,2010
44,Ireland,7.7,3.8,3.8,26.5,26.1,71.3,1.4,2010
45,Venezuela,7.6,11.8,13.8,8.5,7.3,100.9,1.0,2010
46,Mexico,7.4,6.3,5.5,15.8,18.3,230.8,0.4,2010
47,Kyrgyzstan,7.2,10.2,16.2,9.8,6.2,101.0,1.0,2010
48,Peru,6.7,8.7,7.4,11.5,13.5,202.1,0.5,2010
49,Netherlands,6.5,5.9,5.4,16.9,18.6,50.4,2.0,2010
50,Australia,6.3,3.1,4.8,32.6,20.8,58.1,1.7,2010
51,Brazil,6.3,5.4,6.9,18.6,14.6,64.0,1.6,2010
52,Finland,6.2,3.3,4.3,30.5,23.5,42.3,2.4,2010
53,Canada,6.2,4.6,5.3,21.8,18.8,48.1,2.1,2010
54,Ecuador,5.8,10.4,10.0,9.6,10.0,74.3,1.3,2010
55,Bahrain,5.7,14.4,14.2,6.9,7.0,59.8,1.7,2010
56,Turkey,5.6,6.5,5.9,15.5,16.9,75.8,1.3,2010
57,Switzerland,5.4,4.6,4.5,21.9,22.4,39.3,2.5,2010
58,Austria,5.2,6.0,5.6,16.7,17.8,42.8,2.3,2010
59,Cyprus,5.1,4.3,4.2,23.0,23.9,38.9,2.6,2010
60,South Africa,5.1,12.3,7.2,8.2,13.9,57.1,1.8,2010
61,Bangladesh,5.0,5.6,9.4,18.0,10.7,75.1,1.3,2010
62,Honduras,4.8,11.6,9.4,8.6,10.6,62.9,1.6,2010
63,Germany,4.3,4.5,4.1,22.0,24.2,30.7,3.3,2010
64,Belgium,4.3,7.8,7.0,12.9,14.3,33.9,3.0,2010
65,Sweden,4.2,3.4,4.3,29.4,23.2,33.9,3.0,2010
66,Chile,4.1,10.5,5.9,9.6,16.9,50.3,2.0,2010
67,Dominican Republic,3.5,11.3,11.6,8.9,8.6,49.8,2.0,2010
68,United States,2.7,8.1,10.6,12.3,9.5,21.9,4.6,2010
1,Ethiopia,43.8,28.6,19.1,3.5,5.2,472.4,0.2,2011
2,Lebanon,34.0,5.0,6.1,20.0,16.5,354.1,0.3,2011
3,Russia,33.8,3.5,3.8,28.7,26.1,467.0,0.2,2011
4,Montenegro,30.0,3.3,3.8,30.0,26.4,323.9,0.3,2011
5,Algeria,30.0,3.4,3.5,29.1,28.7,279.1,0.4,2011
6,China,29.6,4.0,4.0,25.2,24.7,221.7,0.5,2011
7,Hong Kong,29.3,3.2,2.8,31.5,35.7,184.3,0.5,2011
8,Monaco,27.5,5.3,2.4,19.0,41.5,217.8,0.5,2011
9,Tunisia,24.8,1.6,1.9,62.0,51.4,338.2,0.3,2011
10,Lithuania,24.0,3.3,3.0,30.1,33.5,484.3,0.2,2011
11,Czech Republic,22.4,2.4,3.5,42.0,29.0,178.9,0.6,2011
12,Thailand,22.1,6.1,7.6,16.3,13.1,197.4,0.5,2011
13,Serbia,21.3,3.2,3.6,31.0,27.7,239.6,0.4,2011
14,South Korea,20.8,1.4,1.3,71.8,78.7,163.2,0.6,2011
15,Moldova,20.3,5.8,4.9,17.2,20.3,522.2,0.2,2011
16,Albania,20.1,1.8,4.7,54.2,21.1,194.1,0.5,2011
17,Taiwan,19.9,1.4,2.0,72.1,50.9,115.8,0.9,2011
18,Trinidad And Tobago,19.6,4.0,6.0,25.1,16.7,292.0,0.3,2011
19,Kazakhstan,18.8,8.0,11.8,12.5,8.5,279.8,0.4,2011
20,Egypt,18.4,9.9,8.4,10.1,11.8,171.1,0.6,2011
21,Morocco,18.3,5.0,5.7,20.2,17.4,188.5,0.5,2011
22,Ukraine,18.0,5.6,5.1,17.7,19.7,322.4,0.3,2011
23,Pakistan,17.8,3.5,3.9,28.8,25.4,330.7,0.3,2011
24,Indonesia,17.5,10.1,9.0,9.9,11.1,150.4,0.7,2011
25,Singapore,17.1,3.8,4.1,26.6,24.2,108.3,0.9,2011
26,Belarus,17.0,6.3,4.3,15.9,23.1,326.0,0.3,2011
27,Romania,16.4,4.1,4.2,24.2,23.7,180.8,0.6,2011
28,Armenia,15.8,12.4,8.2,8.1,12.1,214.9,0.5,2011
29,Paraguay,15.1,4.7,3.4,21.1,29.6,321.4,0.3,2011
30,Latvia,14.2,4.7,3.3,21.3,30.0,124.8,0.8,2011
31,Spain,13.3,3.4,4.0,29.8,24.8,92.7,1.1,2011
32,Bosnia And Herzegovina,12.8,2.2,3.1,45.1,31.8,130.8,0.8,2011
33,Slovenia,12.8,4.2,3.6,23.9,28.0,114.2,0.9,2011
34,Sri Lanka,12.6,8.4,10.3,11.9,9.7,131.1,0.8,2011
35,Poland,12.4,3.7,3.7,27.3,26.7,110.3,0.9,2011
36,Vietnam,12.3,6.3,10.5,15.9,9.6,136.4,0.7,2011
37,Italy,12.2,3.4,4.1,29.5,24.3,95.8,1.0,2011
38,Iran,12.1,5.8,6.8,17.3,14.7,193.2,0.5,2011
39,Greece,12.0,3.2,3.3,31.1,30.3,96.6,1.0,2011
40,Syria,12.0,6.5,9.2,15.3,10.9,120.4,0.8,2011
41,Hungary,12.0,4.7,4.9,21.3,20.4,113.8,0.9,2011
42,France,11.9,3.0,3.2,33.7,30.9,88.9,1.1,2011
43,North Macedonia,11.3,4.3,4.2,23.3,23.6,121.9,0.8,2011
44,Bulgaria,11.1,5.6,5.5,18.0,18.1,129.2,0.8,2011
45,Mongolia,10.9,8.5,7.6,11.8,13.2,172.6,0.6,2011
46,Croatia,10.9,3.7,3.6,26.8,27.5,101.0,1.0,2011
47,Slovakia,10.6,4.1,4.9,24.4,20.6,86.0,1.2,2011
48,Estonia,10.5,2.9,3.0,34.5,33.0,105.4,0.9,2011
49,Japan,10.4,3.1,3.7,32.4,27.1,59.1,1.7,2011
50,Portugal,10.2,5.1,6.1,19.6,16.3,70.0,1.4,2011
51,Kenya,10.0,9.0,9.4,11.1,10.7,180.6,0.6,2011
52,Azerbaijan,10.0,12.0,20.7,8.3,4.8,184.9,0.5,2011
53,Argentina,9.6,4.9,5.4,20.4,18.5,265.3,0.4,2011
54,El Salvador,9.5,4.9,5.6,20.3,17.8,95.3,1.0,2011
55,India,9.5,3.5,4.1,28.5,24.1,110.4,0.9,2011
56,Iraq,9.4,6.5,7.7,15.4,13.1,165.8,0.6,2011
57,Venezuela,9.4,8.9,17.2,11.2,5.8,239.9,0.4,2011
58,Jordan,9.3,7.3,8.3,13.8,12.1,92.3,1.1,2011
59,Sweden,9.2,2.4,2.9,42.0,34.9,66.3,1.5,2011
60,Colombia,9.0,4.9,6.1,20.3,16.4,128.2,0.8,2011
61,Norway,8.3,3.9,3.8,25.8,26.4,63.1,1.6,2011
62,Ireland,8.2,4.5,4.9,22.4,20.4,76.2,1.3,2011
63,Kyrgyzstan,8.1,10.1,11.8,9.9,8.5,168.2,0.6,2011
64,Uzbekistan,8.0,7.6,6.7,13.2,14.9,140.8,0.7,2011
65,New Zealand,8.0,4.1,3.5,24.7,28.2,70.0,1.4,2011
66,Uruguay,7.9,7.8,4.9,12.8,20.5,73.6,1.4,2011
67,Finland,7.9,3.3,3.9,30.3,25.5,49.7,2.0,2011
68,Denmark,7.8,4.2,4.6,23.8,21.9,53.9,1.9,2011
69,Peru,7.5,9.1,8.1,11.0,12.3,130.6,0.8,2011
70,United Kingdom,7.4,4.6,4.8,21.6,20.7,56.0,1.8,2011
71,Brazil,7.4,5.6,6.4,18.0,15.6,83.6,1.2,2011
72,Afghanistan,7.3,7.0,5.1,14.3,19.6,364.6,0.3,2011
73,Panama,7.1,6.9,5.0,14.5,20.2,62.9,1.6,2011
74,Australia,6.9,4.2,4.5,24.0,22.2,65.3,1.5,2011
75,Philippines,6.9,7.0,7.7,14.2,13.1,149.1,0.7,2011
76,Ecuador,6.7,8.6,8.2,11.6,12.1,84.5,1.2,2011
77,Israel,6.7,4.6,6.8,21.5,14.7,47.0,2.1,2011
78,Austria,6.6,4.6,4.7,21.5,21.2,53.4,1.9,2011
79,Cyprus,6.6,4.3,4.4,23.2,22.7,51.9,1.9,2011
80,United Arab Emirates,6.4,7.3,8.9,13.6,11.3,75.6,1.3,2011
81,Bolivia,6.0,9.7,9.6,10.3,10.5,79.6,1.3,2011
82,Malta,5.9,3.6,5.6,27.9,17.9,41.0,2.4,2011
83,Belgium,5.9,4.8,4.2,21.0,23.6,46.6,2.1,2011
84,Switzerland,5.8,3.9,4.6,25.4,21.7,38.2,2.6,2011
85,Malaysia,5.7,3.5,4.7,28.6,21.4,43.2,2.3,2011
86,Mexico,5.7,7.1,6.1,14.0,16.3,96.9,1.0,2011
87,Canada,5.6,5.4,5.6,18.6,17.9,42.9,2.3,2011
88,Netherlands,5.6,5.6,5.2,17.7,19.3,43.3,2.3,2011
89,Netherlands Antilles,5.6,8.6,7.5,11.6,13.3,51.7,1.9,2011
90,Costa Rica,5.4,6.2,26.2,16.0,3.8,85.2,1.2,2011
91,Bahrain,5.2,12.0,11.8,8.3,8.5,54.4,1.8,2011
92,Germany,5.1,4.3,4.9,23.5,20.3,36.9,2.7,2011
93,Dominican Republic,4.9,12.5,11.1,8.0,9.0,64.3,1.6,2011
94,Guatemala,4.7,12.9,12.2,7.8,8.2,51.0,2.0,2011
95,Luxembourg,4.7,3.2,5.6,31.4,18.0,29.0,3.5,2011
96,Turkey,4.5,9.4,7.8,10.7,12.8,57.3,1.7,2011
97,Bangladesh,4.2,6.4,7.5,15.6,13.3,62.5,1.6,2011
98,Puerto Rico,4.1,6.6,9.1,15.1,11.0,34.4,2.9,2011
99,Honduras,3.8,11.9,11.9,8.4,8.4,50.8,2.0,2011
100,South Africa,3.6,9.4,9.2,10.6,10.9,39.2,2.5,2011
101,Chile,3.5,10.8,10.3,9.2,9.7,31.0,3.2,2011
102,Iceland,3.0,10.9,9.8,9.2,10.2,55.3,1.8,2011
103,United States,2.8,10.0,12.5,10.0,8.0,22.9,4.4,2011
104,Saudi Arabia,2.3,11.6,13.1,8.6,7.6,18.2,5.5,2011
1,Indonesia,31.8,5.4,3.5,18.6,28.8,353.1,0.3,2012
2,Algeria,30.5,2.0,2.1,50.2,46.9,284.0,0.4,2012
3,China,29.8,3.5,3.2,28.2,31.3,247.5,0.4,2012
4,Monaco,27.5,5.3,2.4,19.0,41.5,217.8,0.5,2012
5,Tunisia,24.1,2.0,2.2,50.8,45.0,325.5,0.3,2012
6,Morocco,23.8,8.9,5.9,11.2,16.9,245.1,0.4,2012
7,Hong Kong,23.5,2.7,4.5,37.1,22.1,150.4,0.7,2012
8,Vietnam,21.6,7.5,9.2,13.3,10.9,325.7,0.3,2012
9,Belarus,21.5,4.1,3.8,24.3,26.7,413.2,0.2,2012
10,Serbia,19.5,3.4,3.3,29.8,30.2,213.9,0.5,2012
11,Montenegro,19.3,2.8,4.0,35.4,24.8,186.4,0.5,2012
12,Japan,18.9,2.1,2.2,47.4,46.4,111.1,0.9,2012
13,Lithuania,18.2,3.4,3.4,29.8,29.1,189.1,0.5,2012
14,Taiwan,17.9,1.7,2.4,60.0,42.3,105.6,0.9,2012
15,Ukraine,16.9,6.3,5.2,15.9,19.3,289.7,0.3,2012
16,Pakistan,16.7,3.6,3.5,28.0,28.9,306.8,0.3,2012
17,Singapore,16.6,3.5,4.6,28.4,21.7,106.3,0.9,2012
18,Syria,16.4,4.7,7.1,21.1,14.1,167.4,0.6,2012
19,Romania,15.5,4.1,4.4,24.4,22.9,162.8,0.6,2012
20,North Macedonia,15.5,3.5,3.7,29.0,27.0,183.8,0.5,2012
21,Moldova,15.5,5.4,4.8,18.4,20.8,334.8,0.3,2012
22,Thailand,15.5,5.3,5.6,18.9,17.9,128.3,0.8,2012
23,Mongolia,15.4,13.1,6.4,7.6,15.7,289.1,0.3,2012
24,Albania,15.3,2.5,4.0,40.3,25.3,155.4,0.6,2012
25,Nigeria,15.2,3.2,9.4,31.1,10.7,281.4,0.4,2012
26,Kazakhstan,15.0,9.9,9.1,10.1,11.0,223.8,0.4,2012
27,Slovenia,14.2,3.2,3.6,30.8,28.0,119.7,0.8,2012
28,Russia,14.0,4.8,5.0,20.7,20.1,199.7,0.5,2012
29,Armenia,13.7,9.9,8.0,10.1,12.5,185.1,0.5,2012
30,Colombia,13.4,5.7,6.1,17.5,16.3,196.4,0.5,2012
31,Brazil,13.4,5.5,5.8,18.0,17.1,161.5,0.6,2012
32,Azerbaijan,13.1,9.2,17.5,10.8,5.7,162.1,0.6,2012
33,Iran,12.9,5.4,6.8,18.4,14.7,224.5,0.4,2012
34,Trinidad And Tobago,12.9,3.7,5.4,26.9,18.7,148.8,0.7,2012
35,Uruguay,12.5,8.2,5.8,12.2,17.3,144.3,0.7,2012
36,Poland,12.4,3.8,4.1,26.5,24.5,107.5,0.9,2012
37,Paraguay,12.2,5.3,3.4,19.0,29.4,151.2,0.7,2012
38,Croatia,12.2,2.9,3.3,34.3,30.7,112.2,0.9,2012
39,Italy,12.1,3.3,4.1,30.1,24.5,92.8,1.1,2012
40,Iraq,12.0,4.6,7.0,21.8,14.3,211.4,0.5,2012
41,Argentina,12.0,5.2,5.1,19.3,19.8,255.3,0.4,2012
42,South Korea,11.6,2.4,2.5,41.3,40.7,88.4,1.1,2012
43,Hungary,11.5,4.4,4.4,22.8,22.9,113.5,0.9,2012
44,Egypt,11.4,8.0,8.1,12.5,12.4,109.2,0.9,2012
45,Latvia,11.2,4.7,4.4,21.4,22.7,78.9,1.3,2012
46,El Salvador,11.1,4.7,5.7,21.4,17.7,120.3,0.8,2012
47,Czech Republic,10.9,4.2,4.4,23.8,22.8,78.4,1.3,2012
48,Greece,10.8,3.4,3.6,29.3,27.5,85.7,1.2,2012
49,Bulgaria,10.8,5.6,6.0,17.8,16.7,114.1,0.9,2012
50,Bosnia And Herzegovina,10.7,3.0,3.5,33.0,28.3,99.2,1.0,2012
51,France,10.6,2.9,3.2,34.5,31.7,78.0,1.3,2012
52,Georgia,10.4,7.4,6.9,13.4,14.5,174.1,0.6,2012
53,Estonia,10.3,3.8,4.3,26.2,23.0,103.1,1.0,2012
54,Israel,9.9,3.3,4.7,30.0,21.1,71.4,1.4,2012
55,India,9.8,3.2,3.9,30.8,25.6,119.8,0.8,2012
56,Spain,9.8,3.1,3.7,32.4,27.0,70.1,1.4,2012
57,Ecuador,9.8,8.3,7.8,12.1,12.8,120.0,0.8,2012
58,Slovakia,9.4,7.2,6.4,13.9,15.5,76.6,1.3,2012
59,Chile,9.4,5.5,5.9,18.3,17.0,75.5,1.3,2012
60,Afghanistan,8.9,6.2,5.2,16.0,19.1,295.1,0.3,2012
61,Bangladesh,8.9,3.5,9.8,28.2,10.2,129.2,0.8,2012
62,Peru,8.8,8.4,6.7,11.9,15.0,99.8,1.0,2012
63,Finland,8.8,3.4,3.8,29.8,26.2,55.8,1.8,2012
64,Panama,8.8,10.9,8.1,9.2,12.3,75.2,1.3,2012
65,Sweden,8.4,2.8,3.3,36.0,30.2,59.8,1.7,2012
66,Jordan,8.0,5.9,6.4,16.9,15.5,86.7,1.2,2012
67,Portugal,7.7,6.1,6.7,16.4,14.9,55.4,1.8,2012
68,Mozambique,7.5,7.6,2.9,13.2,34.2,160.7,0.6,2012
69,Philippines,7.5,9.2,10.0,10.8,10.0,116.6,0.9,2012
70,Norway,7.5,4.2,4.4,23.9,23.0,55.9,1.8,2012
71,Cyprus,7.3,4.0,3.9,25.0,25.5,62.0,1.6,2012
72,Sri Lanka,7.2,11.8,9.2,8.5,10.9,79.9,1.3,2012
73,Ethiopia,7.2,15.6,12.7,6.4,7.9,83.3,1.2,2012
74,Australia,6.9,5.0,5.1,19.9,19.6,65.5,1.5,2012
75,Austria,6.8,4.2,4.4,23.8,22.9,53.2,1.9,2012
76,Switzerland,6.8,3.6,4.0,28.2,25.0,43.7,2.3,2012
77,United Kingdom,6.8,5.0,5.6,20.1,17.8,51.9,1.9,2012
78,Guatemala,6.6,10.4,8.9,9.7,11.2,71.3,1.4,2012
79,Bolivia,6.6,7.5,6.6,13.3,15.2,85.0,1.2,2012
80,Kenya,6.6,5.8,5.2,17.1,19.1,118.3,0.8,2012
81,Denmark,6.5,4.0,4.8,24.9,20.7,43.4,2.3,2012
82,Netherlands,6.2,5.4,5.7,18.5,17.5,47.7,2.1,2012
83,Belgium,6.0,5.0,5.1,19.9,19.8,47.0,2.1,2012
84,Malta,5.9,3.1,5.2,32.6,19.2,41.9,2.4,2012
85,Ireland,5.9,5.1,6.5,19.6,15.3,48.7,2.1,2012
86,New Zealand,5.7,5.7,5.3,17.6,19.0,50.3,2.0,2012
87,Turkey,5.6,6.9,7.9,14.5,12.7,72.4,1.4,2012
88,Qatar,5.6,4.5,9.5,22.3,10.6,48.1,2.1,2012
89,Netherlands Antilles,5.6,8.6,7.5,11.6,13.3,51.7,1.9,2012
90,Dominican Republic,5.4,10.7,12.4,9.3,8.1,89.0,1.1,2012
91,Luxembourg,5.4,3.9,5.3,25.4,18.9,33.3,3.0,2012
92,Germany,5.2,4.2,4.9,23.6,20.5,38.4,2.6,2012
93,Namibia,5.2,6.8,13.3,14.7,7.5,65.0,1.5,2012
94,Mexico,5.2,7.0,7.0,14.2,14.3,70.8,1.4,2012
95,Canada,5.1,5.6,6.1,17.9,16.3,38.6,2.6,2012
96,Jamaica,5.1,15.8,19.6,6.3,5.1,67.7,1.5,2012
97,United Arab Emirates,4.9,8.5,10.2,11.7,9.8,53.8,1.9,2012
98,Fiji,4.8,15.5,16.8,6.5,5.9,48.0,2.1,2012
99,Puerto Rico,4.7,6.4,9.2,15.7,10.9,39.7,2.5,2012
100,Malaysia,4.6,6.4,4.9,15.7,20.4,36.3,2.8,2012
101,Iceland,4.2,9.0,7.4,11.2,13.5,63.8,1.6,2012
102,Bahrain,4.0,15.3,14.2,6.5,7.1,40.0,2.5,2012
103,Nicaragua,3.8,10.9,13.3,9.2,7.5,43.4,2.3,2012
104,Saudi Arabia,3.5,5.8,6.1,17.1,16.3,32.2,3.1,2012
105,South Africa,3.2,9.5,9.3,10.6,10.8,34.8,2.9,2012
106,United States,2.9,10.0,11.8,10.0,8.5,22.8,4.4,2012
1,Georgia,40.6,2.4,2.0,42.5,49.9,571.3,0.2,2013
2,Cambodia,35.9,2.7,3.0,37.1,33.9,445.1,0.2,2013
3,Singapore,25.4,3.6,4.0,27.7,25.0,162.9,0.6,2013
4,China,25.0,3.4,3.4,29.2,29.3,214.9,0.5,2013
5,Indonesia,24.8,5.4,3.5,18.6,28.6,267.3,0.4,2013
6,Belarus,24.2,4.0,4.2,25.0,24.0,568.5,0.2,2013
7,Hong Kong,23.6,2.9,3.4,34.9,29.3,150.4,0.7,2013
8,Mauritius,23.4,3.1,2.2,32.5,44.5,243.5,0.4,2013
9,Venezuela,23.2,8.4,7.5,11.9,13.4,356.8,0.3,2013
10,Ghana,22.9,7.7,6.3,13.0,15.9,577.0,0.2,2013
11,Syria,22.9,5.0,8.3,19.8,12.0,247.3,0.4,2013
12,Azerbaijan,21.0,7.8,11.2,12.9,8.9,210.3,0.5,2013
13,Morocco,19.8,5.0,5.7,19.9,17.6,199.0,0.5,2013
14,Nepal,19.8,1.4,2.1,69.5,48.3,229.2,0.4,2013
15,Moldova,18.8,4.9,5.5,20.4,18.1,273.0,0.4,2013
16,Lebanon,18.4,4.3,5.3,23.5,18.8,158.3,0.6,2013
17,Pakistan,18.3,3.3,3.7,30.1,27.2,318.6,0.3,2013
18,Thailand,17.7,5.6,4.4,17.8,22.5,151.9,0.7,2013
19,Serbia,17.4,3.1,3.5,31.8,28.9,174.6,0.6,2013
20,North Macedonia,17.3,3.3,3.6,29.9,27.7,199.8,0.5,2013
21,Algeria,17.2,2.4,2.7,42.0,37.5,159.8,0.6,2013
22,Philippines,16.4,5.1,4.0,19.5,24.8,202.6,0.5,2013
23,Ukraine,15.5,5.5,5.3,18.1,18.8,273.3,0.4,2013
24,Iran,15.5,5.4,6.2,18.7,16.2,287.3,0.3,2013
25,Taiwan,15.5,1.6,6.6,62.8,15.2,94.2,1.1,2013
26,Montenegro,15.1,3.0,3.7,33.0,27.0,163.3,0.6,2013
27,Albania,15.0,3.3,5.6,30.6,17.7,145.4,0.7,2013
28,Colombia,14.9,4.8,4.9,20.7,20.3,196.7,0.5,2013
29,Ethiopia,14.5,22.7,12.9,4.4,7.8,179.3,0.6,2013
30,Romania,14.3,4.8,4.7,20.7,21.5,143.9,0.7,2013
31,Vietnam,13.8,8.2,8.5,12.2,11.8,205.5,0.5,2013
32,Lithuania,13.7,3.8,3.9,26.2,25.4,117.5,0.9,2013
33,Brazil,13.3,4.8,4.9,20.8,20.2,157.1,0.6,2013
34,Ecuador,13.3,7.6,6.9,13.2,14.4,144.0,0.7,2013
35,Sri Lanka,13.0,9.0,4.2,11.1,23.5,161.6,0.6,2013
36,Peru,13.0,4.2,4.9,24.0,20.6,145.9,0.7,2013
37,Croatia,13.0,3.0,2.9,33.9,34.8,120.9,0.8,2013
38,Poland,13.0,4.0,4.8,25.3,20.7,111.8,0.9,2013
39,Kazakhstan,12.8,7.8,8.4,12.8,11.9,199.6,0.5,2013
40,Italy,12.6,3.1,3.8,32.7,26.1,99.7,1.0,2013
41,Tunisia,12.2,4.0,7.6,24.8,13.1,136.7,0.7,2013
42,Slovenia,12.1,3.8,3.9,26.3,25.8,100.9,1.0,2013
43,Russia,12.0,6.5,6.4,15.3,15.6,168.7,0.6,2013
44,Nigeria,11.8,4.1,6.6,24.2,15.1,224.1,0.4,2013
45,Bosnia And Herzegovina,11.7,2.7,3.3,37.2,30.2,108.8,0.9,2013
46,Greece,11.6,3.2,3.5,31.6,28.5,91.6,1.1,2013
47,Uruguay,11.5,6.9,5.7,14.5,17.6,148.4,0.7,2013
48,Trinidad And Tobago,11.5,8.4,5.3,11.9,18.9,120.0,0.8,2013
49,South Korea,11.5,2.2,2.7,45.1,36.9,91.2,1.1,2013
50,Egypt,11.2,6.3,7.2,15.9,13.9,124.8,0.8,2013
51,Bangladesh,11.1,4.4,4.2,22.5,24.0,185.4,0.5,2013
52,Dominican Republic,11.0,6.6,7.7,15.1,12.9,184.3,0.5,2013
53,Iraq,10.8,7.7,7.5,12.9,13.4,189.2,0.5,2013
54,Hungary,10.7,3.9,4.1,25.7,24.5,107.5,0.9,2013
55,Czech Republic,10.3,4.7,4.5,21.4,22.4,75.1,1.3,2013
56,Israel,10.3,3.9,4.1,25.6,24.3,75.0,1.3,2013
57,Panama,10.3,10.2,9.5,9.8,10.5,88.7,1.1,2013
58,Argentina,10.2,4.5,5.3,22.2,18.7,208.6,0.5,2013
59,Bulgaria,10.2,5.4,5.6,18.4,17.9,102.6,1.0,2013
60,Latvia,10.0,5.1,4.6,19.6,21.8,72.7,1.4,2013
61,India,10.0,3.2,3.6,31.5,27.9,123.3,0.8,2013
62,Spain,9.4,3.4,4.3,29.6,23.2,68.7,1.5,2013
63,Kenya,9.4,7.1,7.3,14.0,13.8,165.8,0.6,2013
64,Finland,9.4,3.3,4.0,30.1,24.8,59.6,1.7,2013
65,Estonia,9.3,4.5,4.5,22.4,22.2,61.6,1.6,2013
66,Chile,9.2,5.4,4.8,18.4,20.8,79.5,1.3,2013
67,Bolivia,8.8,6.8,6.0,14.8,16.7,81.6,1.2,2013
68,Jordan,8.5,7.6,6.1,13.2,16.3,87.3,1.1,2013
69,Austria,8.5,3.8,4.6,26.6,21.8,61.5,1.6,2013
70,Sweden,8.4,2.7,3.7,37.3,27.2,61.2,1.6,2013
71,France,8.4,3.4,4.0,29.1,24.8,60.9,1.6,2013
72,Australia,8.1,4.6,5.3,21.5,18.8,74.4,1.3,2013
73,Portugal,8.0,6.1,6.6,16.4,15.2,58.3,1.7,2013
74,Slovakia,7.9,8.2,6.3,12.1,15.8,62.2,1.6,2013
75,Malta,7.3,3.2,5.2,31.3,19.1,51.1,2.0,2013
76,Norway,7.2,4.6,4.9,21.8,20.6,52.0,1.9,2013
77,Japan,7.0,4.7,5.8,21.1,17.1,42.4,2.4,2013
78,Denmark,7.0,4.0,4.4,24.9,22.5,49.4,2.0,2013
79,Belgium,6.8,5.2,4.5,19.4,22.2,49.8,2.0,2013
80,United Kingdom,6.7,5.8,5.2,17.3,19.3,51.1,2.0,2013
81,Luxembourg,6.7,5.0,5.0,20.2,19.9,42.1,2.4,2013
82,Malaysia,6.7,6.1,4.2,16.4,24.0,53.2,1.9,2013
83,New Zealand,6.4,6.7,6.0,14.9,16.7,55.0,1.8,2013
84,Costa Rica,6.3,7.9,11.5,12.6,8.7,86.5,1.2,2013
85,Netherlands,6.3,5.8,6.3,17.1,15.8,48.3,2.1,2013
86,Cyprus,6.2,6.1,4.5,16.5,22.1,53.7,1.9,2013
87,Switzerland,6.2,4.2,4.2,23.7,24.0,37.8,2.6,2013
88,Turkey,6.2,6.5,7.2,15.5,13.9,81.8,1.2,2013
89,Iceland,6.0,7.9,6.9,12.7,14.5,59.9,1.7,2013
90,Kuwait,5.9,7.4,5.9,13.4,16.9,46.9,2.1,2013
91,Jamaica,5.8,10.9,13.0,9.2,7.7,96.3,1.0,2013
92,Mexico,5.7,6.4,6.6,15.7,15.1,74.7,1.3,2013
93,Qatar,5.5,6.8,8.8,14.7,11.3,43.5,2.3,2013
94,Ireland,5.3,6.0,6.3,16.7,15.8,40.6,2.5,2013
95,Canada,5.1,5.6,6.5,17.9,15.5,36.6,2.7,2013
96,Germany,4.8,5.0,5.6,20.0,18.0,34.7,2.9,2013
97,United Arab Emirates,4.2,9.6,10.1,10.4,9.9,39.2,2.6,2013
98,Puerto Rico,4.0,6.5,7.9,15.4,12.7,34.8,2.9,2013
99,Bahrain,3.5,11.8,10.5,8.5,9.5,35.5,2.8,2013
100,South Africa,3.2,8.9,8.3,11.2,12.0,34.6,2.9,2013
101,Saudi Arabia,3.1,6.1,5.2,16.4,19.4,22.6,4.4,2013
102,Oman,3.0,9.4,10.3,10.6,9.8,28.0,3.6,2013
103,United States,2.2,11.8,13.4,8.5,7.5,16.4,6.1,2013
1,El Salvador,42.4,3.5,1.0,28.5,100.0,596.3,0.2,2014
2,Georgia,32.3,5.3,1.8,18.8,55.8,450.3,0.2,2014
3,Syria,29.1,3.9,4.3,25.4,23.2,317.5,0.3,2014
4,Hong Kong,27.1,3.0,3.2,33.2,31.5,174.0,0.6,2014
5,China,26.1,2.9,3.2,34.6,31.0,226.1,0.4,2014
6,Uganda,23.0,2.3,12.2,43.0,8.2,297.9,0.3,2014
7,Singapore,22.6,3.8,4.2,26.1,23.7,142.2,0.7,2014
8,Nepal,21.3,2.0,2.7,50.7,36.8,253.7,0.4,2014
9,Iran,20.6,5.0,5.6,19.9,17.8,440.0,0.2,2014
10,Ghana,20.4,11.6,13.3,8.7,7.5,503.9,0.2,2014
11,Venezuela,20.2,8.6,7.7,11.6,13.1,297.0,0.3,2014
12,Armenia,19.3,5.6,5.8,17.8,17.2,279.3,0.4,2014
13,Thailand,19.1,4.7,3.8,21.1,26.0,166.1,0.6,2014
14,Indonesia,18.8,5.8,5.2,17.3,19.2,200.5,0.5,2014
15,Philippines,18.8,3.6,3.3,27.4,30.2,220.9,0.5,2014
16,Algeria,18.6,3.2,4.4,31.6,22.9,151.1,0.7,2014
17,Ethiopia,18.6,12.8,11.8,7.8,8.5,237.6,0.4,2014
18,Lebanon,18.3,4.0,6.0,25.2,16.7,155.8,0.6,2014
19,Cambodia,18.2,9.2,6.4,10.9,15.7,214.1,0.5,2014
20,Vietnam,17.8,5.6,6.8,17.9,14.6,237.7,0.4,2014
21,Moldova,17.7,5.3,5.6,18.7,17.9,271.3,0.4,2014
22,Morocco,17.6,5.5,4.4,18.3,22.7,155.1,0.6,2014
23,Taiwan,17.3,1.6,2.5,63.0,39.5,105.3,0.9,2014
24,Serbia,16.9,3.0,3.3,32.8,30.0,160.9,0.6,2014
25,Belarus,16.8,4.7,5.1,21.2,19.5,556.6,0.2,2014
26,Azerbaijan,16.6,8.7,11.2,11.4,8.9,190.5,0.5,2014
27,North Macedonia,16.2,3.6,3.7,27.5,26.8,172.6,0.6,2014
28,Montenegro,16.0,3.1,3.2,32.6,30.9,185.2,0.5,2014
29,Ukraine,16.0,5.7,6.2,17.6,16.0,301.7,0.3,2014
30,Brazil,15.0,4.4,4.6,22.5,21.8,178.8,0.6,2014
31,Peru,14.8,4.7,5.3,21.2,18.7,172.1,0.6,2014
32,Albania,14.8,3.8,5.4,26.4,18.6,146.2,0.7,2014
33,Russia,14.7,7.1,6.5,14.1,15.4,211.4,0.5,2014
34,Colombia,14.2,5.3,5.3,18.8,18.9,192.0,0.5,2014
35,Pakistan,13.9,3.2,3.5,31.0,28.3,212.1,0.5,2014
36,Nigeria,13.9,4.8,5.1,20.7,19.4,273.9,0.4,2014
37,Trinidad And Tobago,13.4,8.9,3.6,11.2,28.1,138.2,0.7,2014
38,Croatia,13.4,2.9,3.2,34.9,31.0,121.4,0.8,2014
39,Romania,13.2,4.8,4.8,20.8,20.7,130.2,0.8,2014
40,Lithuania,12.9,4.0,4.1,24.8,24.6,94.7,1.1,2014
41,Israel,12.8,3.6,3.7,27.7,26.8,92.6,1.1,2014
42,Latvia,12.7,3.8,5.6,26.0,17.7,91.9,1.1,2014
43,Ecuador,12.7,8.5,7.5,11.7,13.3,129.7,0.8,2014
44,Mauritius,12.4,4.0,3.7,25.1,27.2,132.7,0.8,2014
45,Sri Lanka,12.4,6.7,3.7,14.9,26.9,198.0,0.5,2014
46,Italy,12.2,2.8,3.5,35.4,28.2,98.4,1.0,2014
47,Bosnia And Herzegovina,12.0,3.0,3.2,33.5,30.8,114.6,0.9,2014
48,Greece,11.7,3.4,3.4,29.5,29.4,93.9,1.1,2014
49,Uruguay,11.6,5.9,6.5,17.1,15.5,125.4,0.8,2014
50,Poland,11.4,4.4,4.8,22.6,20.9,94.6,1.1,2014
51,South Korea,11.4,3.2,4.1,31.3,24.1,86.3,1.2,2014
52,Kazakhstan,11.3,6.9,7.5,14.6,13.4,164.9,0.6,2014
53,Tunisia,11.1,5.3,6.5,18.7,15.3,118.2,0.8,2014
54,Egypt,11.1,7.4,8.2,13.6,12.2,129.3,0.8,2014
55,Slovenia,11.1,3.9,4.0,25.6,25.1,92.1,1.1,2014
56,Bangladesh,11.0,4.3,3.9,23.5,25.9,197.3,0.5,2014
57,Spain,10.5,3.7,4.4,27.0,22.9,73.6,1.4,2014
58,Czech Republic,10.4,4.0,4.6,24.8,21.9,74.1,1.3,2014
59,France,10.3,2.8,3.9,35.3,25.6,73.0,1.4,2014
60,Dominican Republic,10.3,4.7,9.0,21.3,11.1,165.1,0.6,2014
61,Estonia,10.2,4.8,5.3,21.0,18.8,69.4,1.4,2014
62,India,10.2,3.3,3.9,29.9,25.4,126.4,0.8,2014
63,Bulgaria,9.9,5.4,5.8,18.4,17.2,101.2,1.0,2014
64,Panama,9.7,10.9,8.2,9.1,12.1,83.2,1.2,2014
65,Hungary,9.6,3.9,4.3,25.6,23.5,101.6,1.0,2014
66,Slovakia,9.5,6.2,6.0,16.0,16.6,73.3,1.4,2014
67,Chile,9.5,5.1,4.6,19.7,21.9,76.3,1.3,2014
68,Sweden,9.4,2.6,3.3,38.5,30.0,65.0,1.5,2014
69,Kenya,9.3,14.5,7.9,6.9,12.7,160.0,0.6,2014
70,Zimbabwe,9.3,9.4,10.1,10.6,9.9,246.7,0.4,2014
71,Austria,9.2,3.5,3.8,28.7,26.3,63.9,1.6,2014
72,Malta,9.1,2.5,4.4,39.5,22.6,63.9,1.6,2014
73,Honduras,9.0,5.6,7.1,17.9,14.0,124.1,0.8,2014
74,Iraq,9.0,8.8,8.9,11.4,11.2,113.7,0.9,2014
75,Argentina,9.0,4.6,4.8,21.7,21.0,186.3,0.5,2014
76,Bolivia,8.6,7.3,6.9,13.7,14.5,85.6,1.2,2014
77,Portugal,8.4,5.8,6.5,17.1,15.4,62.5,1.6,2014
78,Japan,8.3,4.1,3.3,24.6,30.5,50.4,2.0,2014
79,Malaysia,8.0,5.0,4.7,20.0,21.4,64.0,1.6,2014
80,Guatemala,8.0,8.0,9.2,12.4,10.9,93.1,1.1,2014
81,Jordan,7.9,7.4,7.2,13.5,13.9,81.5,1.2,2014
82,Finland,7.8,3.6,4.4,27.7,22.7,49.2,2.0,2014
83,Luxembourg,7.7,4.8,4.7,20.7,21.3,48.4,2.1,2014
84,United Kingdom,7.7,4.7,5.2,21.3,19.4,57.6,1.7,2014
85,Australia,7.4,5.2,5.5,19.4,18.3,64.5,1.6,2014
86,Norway,7.4,4.6,5.0,21.7,20.0,52.7,1.9,2014
87,Iceland,7.1,7.7,7.2,13.0,13.9,69.6,1.4,2014
88,Cyprus,7.1,5.0,4.7,20.2,21.3,62.7,1.6,2014
89,Switzerland,7.1,3.6,3.6,27.7,27.8,42.7,2.3,2014
90,Bahrain,6.9,10.7,8.8,9.3,11.3,69.5,1.4,2014
91,Costa Rica,6.9,8.8,8.6,11.4,11.6,95.4,1.0,2014
92,Turkey,6.9,5.8,6.9,17.2,14.4,90.4,1.1,2014
93,Kuwait,6.8,6.7,5.4,14.9,18.4,54.9,1.8,2014
94,Mozambique,6.6,17.5,14.8,5.7,6.7,140.6,0.7,2014
95,Mexico,6.5,6.4,5.3,15.7,18.8,80.6,1.2,2014
96,Denmark,6.4,4.5,4.7,22.2,21.1,44.5,2.2,2014
97,Netherlands,6.1,5.7,5.8,17.5,17.2,46.3,2.2,2014
98,Belgium,6.0,5.5,6.1,18.2,16.4,43.2,2.3,2014
99,Ireland,5.7,5.9,5.7,17.0,17.6,43.3,2.3,2014
100,Qatar,5.7,9.7,6.5,10.3,15.4,45.4,2.2,2014
101,Germany,5.6,4.5,4.8,22.2,20.9,38.0,2.6,2014
102,Canada,5.6,5.5,6.1,18.1,16.5,38.7,2.6,2014
103,Bahamas,5.5,5.5,7.5,18.0,13.3,60.5,1.7,2014
104,New Zealand,5.3,6.8,7.9,14.8,12.7,44.4,2.3,2014
105,United Arab Emirates,5.3,8.8,10.4,11.4,9.6,45.5,2.2,2014
106,Puerto Rico,5.1,5.2,6.8,19.2,14.7,41.8,2.4,2014
107,Libya,4.8,17.4,13.5,5.7,7.4,47.0,2.1,2014
108,Angola,4.5,33.5,17.6,3.0,5.7,71.7,1.4,2014
109,Jamaica,3.9,9.1,15.7,10.9,6.4,55.2,1.8,2014
110,South Africa,3.4,9.1,9.0,10.9,11.1,36.9,2.7,2014
111,Saudi Arabia,3.2,6.6,6.2,15.1,16.0,24.3,4.1,2014
112,Namibia,3.2,26.1,30.1,3.8,3.3,37.5,2.7,2014
113,Oman,2.9,11.2,12.5,8.9,8.0,26.7,3.7,2014
114,United States,2.4,11.0,12.6,9.1,8.0,18.0,5.6,2014
115,Tanzania,2.0,59.6,27.8,1.7,3.6,35.0,2.9,2014
1,Uganda,31.1,1.9,10.0,53.7,10.0,649.4,0.2,2015
2,Syria,30.5,3.9,3.1,25.3,31.8,283.7,0.4,2015
3,Hong Kong,30.1,2.7,2.8,37.5,36.1,193.0,0.5,2015
4,Myanmar,26.8,8.5,2.9,11.8,33.9,318.0,0.3,2015
5,Ghana,26.6,10.8,13.4,9.3,7.4,670.4,0.1,2015
6,China,26.4,2.8,3.0,35.9,33.3,230.6,0.4,2015
7,El Salvador,25.4,5.3,1.7,18.9,60.3,336.1,0.3,2015
8,Taiwan,25.0,1.4,1.8,71.4,55.5,152.3,0.7,2015
9,Vietnam,23.9,5.2,7.6,19.3,13.1,285.6,0.4,2015
10,Venezuela,22.2,12.5,9.3,8.0,10.8,333.4,0.3,2015
11,Mauritius,22.1,2.2,2.4,45.3,41.5,228.8,0.4,2015
12,Singapore,21.4,3.4,3.9,29.2,25.7,133.3,0.8,2015
13,Cambodia,21.1,10.8,7.8,9.3,12.7,232.1,0.4,2015
14,Algeria,20.9,2.7,3.4,37.0,29.4,161.5,0.6,2015
15,Iran,20.8,5.0,5.5,19.8,18.1,468.1,0.2,2015
16,Thailand,20.8,3.9,3.2,25.4,31.1,179.5,0.6,2015
17,Nepal,19.7,2.6,2.8,38.3,35.2,257.4,0.4,2015
18,Indonesia,18.9,6.2,5.7,16.0,17.4,217.4,0.5,2015
19,Philippines,18.5,3.1,2.7,32.3,37.7,198.6,0.5,2015
20,Ukraine,17.4,6.0,5.9,16.8,17.0,349.3,0.3,2015
21,Moldova,17.1,5.2,5.7,19.3,17.6,267.3,0.4,2015
22,Serbia,17.1,2.8,3.1,35.6,31.8,155.3,0.6,2015
23,Kenya,16.8,8.3,4.1,12.0,24.2,287.3,0.3,2015
24,Brazil,16.7,4.2,4.3,23.6,23.1,200.6,0.5,2015
25,Kosovo (Disputed Territory),16.7,6.4,7.2,15.6,13.9,234.7,0.4,2015
26,Belarus,16.4,5.5,5.2,18.3,19.1,545.5,0.2,2015
27,Peru,16.3,6.0,6.5,16.6,15.4,189.8,0.5,2015
28,Lebanon,16.2,4.0,5.7,25.0,17.5,143.7,0.7,2015
29,Azerbaijan,16.2,7.7,9.0,13.0,11.1,185.7,0.5,2015
30,Morocco,16.1,4.8,3.6,21.0,27.8,136.0,0.7,2015
31,Montenegro,16.1,3.1,3.2,32.7,31.0,170.2,0.6,2015
32,North Macedonia,15.4,3.5,3.5,28.9,28.5,148.1,0.7,2015
33,Ethiopia,15.4,12.0,7.7,8.4,13.0,175.0,0.6,2015
34,Georgia,15.2,6.8,6.6,14.8,15.2,208.6,0.5,2015
35,Ecuador,14.7,7.0,6.4,14.2,15.6,167.7,0.6,2015
36,Uzbekistan,14.7,6.8,6.7,14.7,14.8,277.5,0.4,2015
37,Russia,14.6,6.9,6.5,14.6,15.5,210.0,0.5,2015
38,Albania,14.6,3.5,5.3,28.6,18.8,138.4,0.7,2015
39,Colombia,14.4,6.1,5.5,16.5,18.1,188.6,0.5,2015
40,Pakistan,14.3,3.0,3.5,33.0,28.3,218.2,0.5,2015
41,Sri Lanka,14.3,7.9,3.7,12.7,27.0,226.1,0.4,2015
42,Zimbabwe,14.1,6.5,4.9,15.3,20.5,406.0,0.2,2015
43,Armenia,13.4,6.5,5.3,15.3,18.8,197.4,0.5,2015
44,Lithuania,12.9,4.1,4.1,24.3,24.4,87.5,1.1,2015
45,Kazakhstan,12.7,5.9,5.6,17.1,18.0,186.7,0.5,2015
46,Bosnia And Herzegovina,12.5,3.2,3.1,31.7,32.3,123.7,0.8,2015
47,Croatia,12.5,3.1,3.4,32.5,29.2,110.0,0.9,2015
48,Botswana,12.4,8.4,2.0,12.0,50.4,159.1,0.6,2015
49,Latvia,12.2,3.9,4.6,25.9,21.6,83.5,1.2,2015
50,Romania,11.8,4.8,4.8,20.8,20.7,109.0,0.9,2015
51,Italy,11.7,2.8,3.6,35.5,28.1,94.1,1.1,2015
52,Estonia,11.6,4.2,4.4,23.8,23.0,78.1,1.3,2015
53,Argentina,11.6,3.6,3.8,27.6,26.6,231.7,0.4,2015
54,Dominican Republic,11.5,6.0,7.8,16.7,12.8,171.9,0.6,2015
55,Egypt,11.3,7.5,7.9,13.3,12.6,132.3,0.8,2015
56,Uruguay,11.2,5.6,5.9,17.9,16.9,108.5,0.9,2015
57,South Korea,11.0,3.3,3.8,29.9,26.6,83.3,1.2,2015
58,Bangladesh,10.9,3.7,4.3,26.8,23.3,194.0,0.5,2015
59,Tunisia,10.8,5.9,5.9,16.9,17.1,109.3,0.9,2015
60,Chile,10.8,4.4,5.3,22.7,18.7,87.7,1.1,2015
61,Panama,10.8,11.6,7.0,8.7,14.3,88.8,1.1,2015
62,Nigeria,10.7,10.7,3.4,9.3,29.2,205.2,0.5,2015
63,Israel,10.7,3.4,3.8,29.8,26.1,68.9,1.5,2015
64,Palestine,10.6,3.0,3.2,33.2,30.8,84.1,1.2,2015
65,Slovenia,10.6,3.6,3.8,27.6,26.4,79.6,1.3,2015
66,Czech Republic,10.6,4.0,4.7,25.2,21.1,71.4,1.4,2015
67,Poland,10.6,4.4,4.6,22.6,21.5,83.1,1.2,2015
68,Bolivia,10.3,6.2,5.4,16.3,18.5,94.5,1.1,2015
69,India,10.1,3.3,3.9,30.3,25.6,124.4,0.8,2015
70,Trinidad And Tobago,10.0,18.4,3.4,5.4,29.4,95.5,1.0,2015
71,Nicaragua,10.0,8.2,7.8,12.1,12.8,153.6,0.7,2015
72,France,9.7,3.2,3.9,31.4,25.5,66.7,1.5,2015
73,Greece,9.7,3.6,3.5,28.0,28.2,75.3,1.3,2015
74,Austria,9.6,2.9,3.7,33.9,27.3,64.3,1.6,2015
75,Spain,9.6,3.9,4.5,25.3,22.3,66.4,1.5,2015
76,Bulgaria,9.4,5.5,6.0,18.1,16.7,93.0,1.1,2015
77,Guatemala,9.3,7.2,7.5,14.0,13.2,101.7,1.0,2015
78,Sweden,9.2,2.8,3.2,35.5,31.5,61.9,1.6,2015
79,Japan,9.2,3.6,3.3,27.9,30.1,55.8,1.8,2015
80,Iraq,8.9,8.4,9.7,11.9,10.3,93.2,1.1,2015
81,United Kingdom,8.6,4.1,4.6,24.3,21.8,63.4,1.6,2015
82,Hungary,8.6,4.7,5.1,21.5,19.6,84.0,1.2,2015
83,Jordan,8.6,6.9,7.4,14.5,13.5,87.5,1.1,2015
84,Slovakia,8.6,6.2,6.6,16.0,15.1,61.1,1.6,2015
85,Malaysia,8.4,4.6,4.2,21.7,23.6,64.8,1.5,2015
86,Portugal,8.3,5.7,6.4,17.6,15.6,61.9,1.6,2015
87,Luxembourg,8.3,5.3,4.8,19.0,20.8,50.4,2.0,2015
88,Bahrain,7.9,9.3,10.8,10.7,9.2,69.4,1.4,2015
89,Norway,7.7,4.6,4.9,21.6,20.5,54.7,1.8,2015
90,Cyprus,7.4,4.3,4.3,23.4,23.4,64.0,1.6,2015
91,Switzerland,7.3,3.5,3.6,28.8,28.1,44.0,2.3,2015
92,Malta,7.2,4.7,5.2,21.1,19.4,49.8,2.0,2015
93,Australia,7.1,5.0,5.4,19.9,18.5,59.3,1.7,2015
94,Finland,7.0,3.9,5.0,25.9,20.0,43.5,2.3,2015
95,Turkey,6.7,5.9,7.1,16.9,14.1,86.8,1.2,2015
96,Germany,6.6,4.0,4.5,24.9,22.4,44.3,2.3,2015
97,Qatar,6.6,8.8,7.5,11.4,13.4,51.7,1.9,2015
98,Belgium,6.5,5.4,6.0,18.4,16.7,45.9,2.2,2015
99,Mexico,6.3,7.4,6.2,13.5,16.2,77.3,1.3,2015
100,Netherlands,6.2,5.6,5.6,17.8,17.8,46.1,2.2,2015
101,United Arab Emirates,6.2,8.8,9.7,11.4,10.3,49.9,2.0,2015
102,Kuwait,6.1,7.4,6.2,13.5,16.2,54.7,1.8,2015
103,Ireland,6.1,5.8,6.4,17.3,15.6,45.0,2.2,2015
104,New Zealand,5.8,6.0,7.0,16.6,14.3,49.1,2.0,2015
105,Costa Rica,5.7,10.2,9.3,9.8,10.7,84.3,1.2,2015
106,Iceland,5.6,8.1,8.1,12.4,12.4,52.7,1.9,2015
107,Canada,5.5,5.9,6.4,17.1,15.6,37.9,2.6,2015
108,Namibia,5.4,9.3,30.2,10.8,3.3,64.0,1.6,2015
109,Libya,5.1,15.1,13.2,6.6,7.6,51.0,2.0,2015
110,Denmark,5.0,5.7,5.7,17.4,17.5,34.3,2.9,2015
111,Mozambique,4.9,19.9,24.6,5.0,4.1,102.3,1.0,2015
112,Puerto Rico,4.5,5.7,6.3,17.4,16.0,36.0,2.8,2015
113,Jamaica,4.3,13.4,9.2,7.5,10.8,55.2,1.8,2015
114,Bahamas,3.9,7.3,8.5,13.7,11.8,39.4,2.5,2015
115,Belize,3.7,4.0,3.5,25.0,28.9,38.9,2.6,2015
116,Honduras,3.5,7.1,11.5,14.1,8.7,49.0,2.0,2015
117,Oman,3.2,11.4,12.6,8.8,7.9,30.3,3.3,2015
118,South Africa,3.1,10.2,9.4,9.8,10.6,33.6,3.0,2015
119,Saudi Arabia,3.1,7.2,6.9,13.9,14.6,23.5,4.2,2015
120,United States,2.6,11.2,12.9,9.0,7.7,19.4,5.1,2015
121,Tanzania,1.8,80.3,27.8,1.2,3.6,27.9,3.6,2015
1,Hong Kong,37.6,2.0,2.1,51.2,46.7,239.9,0.4,2016
2,Vietnam,34.1,3.7,6.4,27.3,15.6,374.9,0.3,2016
3,Ghana,29.9,10.6,14.5,9.4,6.9,737.5,0.1,2016
4,Cambodia,29.8,6.3,6.1,15.9,16.5,336.1,0.3,2016
5,Ukraine,26.2,4.9,5.1,20.6,19.6,611.8,0.2,2016
6,China,25.0,2.5,2.6,39.6,37.8,210.6,0.5,2016
7,Thailand,24.4,4.3,3.6,23.1,27.9,214.2,0.5,2016
8,Syria,24.3,4.8,5.5,20.8,18.1,236.4,0.4,2016
9,Singapore,23.2,2.7,3.2,36.5,31.3,144.4,0.7,2016
10,Taiwan,22.7,1.2,1.5,83.3,66.8,139.8,0.7,2016
11,Belarus,21.1,4.9,4.9,20.5,20.4,721.2,0.1,2016
12,Kenya,20.2,6.8,4.3,14.8,23.4,332.8,0.3,2016
13,Japan,20.2,1.6,2.0,63.8,50.2,119.6,0.8,2016
14,Indonesia,19.5,4.5,4.9,22.1,20.5,225.5,0.4,2016
15,Philippines,19.2,3.0,3.1,33.3,32.6,193.1,0.5,2016
16,Algeria,19.1,2.9,3.7,34.0,27.1,152.1,0.7,2016
17,Moldova,18.3,5.6,6.1,17.9,16.4,257.5,0.4,2016
18,Armenia,18.2,5.8,5.1,17.2,19.8,286.4,0.3,2016
19,Brazil,17.9,4.2,4.2,23.6,24.1,239.4,0.4,2016
20,Nepal,17.9,2.4,3.1,42.3,32.1,215.9,0.5,2016
21,Azerbaijan,17.8,5.6,5.5,17.8,18.1,210.9,0.5,2016
22,Sri Lanka,17.3,5.6,4.0,17.8,24.8,239.3,0.4,2016
23,Ethiopia,17.0,13.3,9.7,7.5,10.3,214.8,0.5,2016
24,Serbia,16.6,3.1,3.4,32.3,29.7,148.4,0.7,2016
25,Uzbekistan,16.4,6.5,6.5,15.4,15.4,302.0,0.3,2016
26,Georgia,16.3,7.8,9.0,12.8,11.1,224.7,0.4,2016
27,Colombia,16.3,5.2,5.1,19.3,19.6,218.4,0.5,2016
28,Peru,15.9,5.0,5.4,19.9,18.5,184.0,0.5,2016
29,Montenegro,15.6,3.8,3.4,26.5,29.4,182.1,0.5,2016
30,North Macedonia,15.5,3.5,3.4,28.4,29.2,138.6,0.7,2016
31,Pakistan,15.3,3.4,3.2,29.8,31.2,218.8,0.5,2016
32,South Korea,14.9,2.2,3.4,45.6,29.2,110.7,0.9,2016
33,Uruguay,14.8,4.7,4.6,21.4,21.8,149.3,0.7,2016
34,Iran,14.8,5.8,6.9,17.3,14.5,356.1,0.3,2016
35,Morocco,14.7,4.8,4.5,20.9,22.4,125.5,0.8,2016
36,Albania,14.1,4.0,5.3,24.9,18.8,128.6,0.8,2016
37,Kazakhstan,13.2,5.1,5.6,19.7,17.7,199.3,0.5,2016
38,Lebanon,12.9,6.0,6.9,16.7,14.6,114.6,0.9,2016
39,Lithuania,12.9,4.2,4.4,23.6,22.6,84.1,1.2,2016
40,Russia,12.8,6.7,6.4,15.0,15.6,192.9,0.5,2016
41,Argentina,12.2,3.6,3.8,27.7,26.1,269.1,0.4,2016
42,Panama,12.1,11.5,7.7,8.7,13.0,98.2,1.0,2016
43,Dominican Republic,12.1,6.7,6.8,14.8,14.7,152.0,0.7,2016
44,France,11.9,2.6,3.2,37.9,31.4,78.5,1.3,2016
45,Croatia,11.9,3.1,3.5,32.0,28.3,101.8,1.0,2016
46,Ecuador,11.8,6.7,5.1,14.9,19.7,138.6,0.7,2016
47,Tunisia,11.5,5.4,5.5,18.6,18.3,107.7,0.9,2016
48,Sweden,11.2,2.5,3.1,39.3,32.0,69.8,1.4,2016
49,Estonia,11.1,3.9,4.0,25.4,25.3,71.1,1.4,2016
50,Poland,11.0,4.4,5.0,22.6,20.0,81.5,1.2,2016
51,Bosnia And Herzegovina,10.9,3.5,3.3,28.9,30.3,105.9,0.9,2016
52,Egypt,10.8,7.0,8.2,14.2,12.2,131.2,0.8,2016
53,Latvia,10.7,4.6,5.9,21.8,17.0,72.7,1.4,2016
54,Israel,10.6,3.3,3.5,30.4,28.5,67.5,1.5,2016
55,Romania,10.6,4.9,4.7,20.4,21.1,87.7,1.1,2016
56,India,10.5,3.0,3.8,33.3,26.4,127.9,0.8,2016
57,Italy,10.4,3.1,4.0,32.6,25.0,73.1,1.4,2016
58,Czech Republic,10.3,4.2,4.7,23.8,21.3,65.3,1.5,2016
59,Bolivia,10.0,5.8,5.9,17.1,16.8,96.1,1.0,2016
60,Chile,9.9,4.3,5.1,23.1,19.7,78.8,1.3,2016
61,Bangladesh,9.8,4.2,4.5,24.1,22.3,147.0,0.7,2016
62,Hungary,9.8,5.4,6.1,18.4,16.3,86.8,1.2,2016
63,Jamaica,9.8,7.0,4.4,14.3,22.8,116.6,0.9,2016
64,Slovenia,9.7,3.9,4.1,25.9,24.7,71.2,1.4,2016
65,Austria,9.5,3.6,4.0,27.5,25.1,60.2,1.7,2016
66,United Kingdom,9.3,4.4,4.5,22.6,22.1,65.5,1.5,2016
67,Malaysia,9.1,4.1,4.1,24.4,24.6,69.9,1.4,2016
68,Slovakia,9.0,6.3,6.5,15.8,15.5,58.6,1.7,2016
69,Jordan,9.0,6.2,6.6,16.1,15.2,97.1,1.0,2016
70,Bulgaria,8.8,5.5,5.9,18.2,17.0,79.8,1.3,2016
71,Luxembourg,8.7,4.3,4.4,23.0,22.8,52.7,1.9,2016
72,Malta,8.7,5.3,5.7,18.9,17.5,59.5,1.7,2016
73,Switzerland,8.6,3.1,3.3,32.7,30.5,51.2,2.0,2016
74,Ireland,8.5,4.5,5.5,22.2,18.2,62.4,1.6,2016
75,Australia,8.4,4.4,4.5,22.9,22.1,66.3,1.5,2016
76,Portugal,8.4,5.7,5.9,17.6,16.9,61.0,1.6,2016
77,Turkey,8.1,5.4,6.3,18.6,15.8,106.9,0.9,2016
78,Spain,8.1,4.5,5.1,22.3,19.5,54.6,1.8,2016
79,Iraq,7.7,8.6,9.8,11.6,10.2,89.6,1.1,2016
80,Finland,7.7,3.7,4.5,26.9,22.0,46.5,2.2,2016
81,Costa Rica,7.7,7.0,6.0,14.3,16.5,102.4,1.0,2016
82,Greece,7.4,4.1,3.9,24.5,25.6,53.6,1.9,2016
83,Norway,7.4,4.5,4.8,22.2,20.9,49.5,2.0,2016
84,Germany,7.1,3.8,4.1,26.2,24.5,45.6,2.2,2016
85,Palestine,7.1,6.0,6.2,16.8,16.1,58.1,1.7,2016
86,Tanzania,7.1,11.9,16.1,8.4,6.2,96.6,1.0,2016
87,Qatar,6.9,9.5,7.0,10.6,14.3,51.1,2.0,2016
88,Cyprus,6.7,4.7,4.9,21.4,20.5,54.9,1.8,2016
89,Belgium,6.6,6.8,6.3,14.8,15.8,43.2,2.3,2016
90,New Zealand,6.3,5.7,6.4,17.4,15.5,51.5,1.9,2016
91,Mexico,6.2,7.4,6.5,13.6,15.4,77.2,1.3,2016
92,Canada,6.1,5.4,6.0,18.4,16.7,40.9,2.4,2016
93,Netherlands,5.9,6.3,6.6,16.0,15.1,41.0,2.4,2016
94,Denmark,5.9,4.7,5.3,21.1,18.9,39.2,2.5,2016
95,Bahrain,5.7,10.4,12.7,9.6,7.9,49.1,2.0,2016
96,Iceland,5.5,8.0,8.7,12.5,11.4,51.6,1.9,2016
97,United Arab Emirates,5.4,10.6,11.0,9.4,9.1,40.9,2.4,2016
98,Puerto Rico,4.7,7.1,6.9,14.1,14.4,37.6,2.7,2016
99,United States,3.4,11.0,12.5,9.1,8.0,24.7,4.0,2016
100,South Africa,3.3,9.7,10.2,10.3,9.8,37.2,2.7,2016
101,Oman,3.3,8.2,14.5,12.2,6.9,28.2,3.5,2016
102,Saudi Arabia,2.8,7.0,8.2,14.3,12.2,20.5,4.9,2016
1,Venezuela,202.1,3.5,3.2,28.5,31.4,4469.1,0.0,2017
2,Syria,37.8,3.9,5.3,26.0,18.7,374.3,0.3,2017
3,Hong Kong,36.1,2.3,2.2,44.3,44.8,224.9,0.4,2017
4,Vietnam,26.8,4.5,7.0,22.1,14.2,285.6,0.4,2017
5,Thailand,24.4,3.8,3.5,26.3,28.3,212.0,0.5,2017
6,Cambodia,24.3,7.4,6.2,13.4,16.0,292.4,0.3,2017
7,China,23.3,2.2,2.7,44.8,36.5,189.7,0.5,2017
8,Ukraine,22.9,5.3,6.0,18.9,16.6,512.1,0.2,2017
9,Algeria,21.8,2.7,3.0,37.6,33.8,177.7,0.6,2017
10,Singapore,21.6,2.7,3.7,36.4,27.4,134.3,0.7,2017
11,Indonesia,21.0,4.7,4.9,21.4,20.3,247.7,0.4,2017
12,Azerbaijan,20.3,5.5,5.5,18.3,18.2,232.9,0.4,2017
13,Uruguay,19.7,4.5,4.1,22.4,24.6,202.2,0.5,2017
14,Colombia,19.4,4.3,4.3,23.5,23.3,283.6,0.4,2017
15,Belarus,18.7,5.3,4.8,18.8,20.8,587.5,0.2,2017
16,Serbia,17.9,3.1,3.3,31.9,30.1,142.6,0.7,2017
17,Sri Lanka,17.5,4.9,4.5,20.4,22.4,238.6,0.4,2017
18,Brazil,17.0,4.0,4.0,24.9,24.9,224.6,0.4,2017
19,Philippines,16.9,3.7,3.5,26.7,28.3,162.9,0.6,2017
20,Peru,16.5,6.2,5.5,16.0,18.3,204.6,0.5,2017
21,Mongolia,15.8,9.8,13.4,10.2,7.5,203.5,0.5,2017
22,Moldova,15.5,6.1,6.6,16.5,15.2,227.9,0.4,2017
23,Montenegro,15.3,3.5,3.7,28.4,27.1,165.1,0.6,2017
24,North Macedonia,14.7,3.7,3.6,26.9,28.0,132.8,0.8,2017
25,Albania,14.4,4.0,5.0,25.2,20.0,138.0,0.7,2017
26,Morocco,14.4,5.0,5.0,20.0,20.0,119.4,0.8,2017
27,Armenia,14.3,6.3,5.2,15.9,19.2,213.1,0.5,2017
28,Lithuania,14.2,3.9,4.1,25.6,24.2,89.2,1.1,2017
29,Switzerland,14.0,3.0,3.1,33.2,31.8,81.9,1.2,2017
30,Lebanon,13.9,5.4,6.3,18.7,15.9,126.7,0.8,2017
31,Luxembourg,13.9,3.9,3.7,25.4,27.0,84.4,1.2,2017
32,Russia,13.5,5.8,6.3,17.4,15.8,193.9,0.5,2017
33,Iran,13.5,6.1,8.1,16.4,12.3,275.3,0.4,2017
34,Bangladesh,12.9,3.2,3.5,30.8,28.7,181.3,0.6,2017
35,Taiwan,12.9,1.5,1.7,64.9,58.6,78.8,1.3,2017
36,Japan,12.7,2.2,2.8,45.2,36.3,72.8,1.4,2017
37,Dominican Republic,12.6,7.0,6.5,14.2,15.4,164.4,0.6,2017
38,Ecuador,12.6,6.4,5.2,15.6,19.4,150.5,0.7,2017
39,Tunisia,12.5,4.2,4.8,23.5,20.7,113.7,0.9,2017
40,Italy,12.4,2.7,3.6,37.2,28.1,82.6,1.2,2017
41,Kazakhstan,12.4,6.2,5.8,16.1,17.2,212.0,0.5,2017
42,South Korea,12.4,2.0,2.5,49.1,39.9,85.5,1.2,2017
43,Georgia,12.3,7.6,7.4,13.1,13.4,158.4,0.6,2017
44,Panama,12.2,10.3,9.9,9.7,10.1,102.4,1.0,2017
45,Pakistan,12.1,4.1,3.8,24.5,26.3,157.0,0.6,2017
46,Argentina,12.1,3.8,3.9,26.5,25.6,333.2,0.3,2017
47,Kuwait,11.8,5.3,5.2,19.0,19.4,94.9,1.1,2017
48,Sweden,11.8,2.5,3.2,39.7,31.1,71.3,1.4,2017
49,France,11.6,3.0,3.7,33.3,27.2,73.9,1.4,2017
50,Bosnia And Herzegovina,11.3,3.4,3.3,29.4,30.2,104.9,1.0,2017
51,Hungary,11.2,5.4,6.0,18.4,16.8,97.3,1.0,2017
52,Croatia,10.9,3.3,3.7,30.2,27.1,89.2,1.1,2017
53,Israel,10.9,3.5,3.5,29.0,28.3,71.9,1.4,2017
54,Romania,10.8,4.9,4.8,20.4,21.0,83.3,1.2,2017
55,Czech Republic,10.7,4.2,4.6,24.0,21.7,65.4,1.5,2017
56,Chile,10.7,4.4,5.1,22.6,19.8,83.6,1.2,2017
57,Egypt,10.7,7.2,7.7,13.9,12.9,138.1,0.7,2017
58,Estonia,10.5,4.1,4.0,24.3,25.3,68.8,1.5,2017
59,Latvia,10.4,4.8,5.1,21.0,19.8,68.5,1.5,2017
60,India,10.3,3.1,3.8,32.4,26.2,123.4,0.8,2017
61,Poland,10.1,4.7,5.3,21.4,19.0,73.1,1.4,2017
62,United Kingdom,10.0,4.2,4.4,24.0,22.8,69.1,1.4,2017
63,Slovakia,9.9,5.6,5.6,17.8,17.9,61.6,1.6,2017
64,Austria,9.7,3.6,3.8,27.5,26.5,59.1,1.7,2017
65,Bolivia,9.7,6.0,6.8,16.6,14.8,89.1,1.1,2017
66,Malaysia,9.5,4.1,4.1,24.6,24.7,72.9,1.4,2017
67,Australia,9.2,4.9,5.0,20.4,19.8,70.9,1.4,2017
68,Bulgaria,9.1,5.4,5.7,18.6,17.6,77.2,1.3,2017
69,Turkey,8.9,5.4,6.3,18.4,15.9,121.4,0.8,2017
70,Portugal,8.9,5.9,6.1,16.8,16.5,60.9,1.6,2017
71,Malta,8.7,5.9,6.1,17.0,16.3,61.4,1.6,2017
72,Netherlands,8.5,5.4,5.9,18.6,16.9,56.2,1.8,2017
73,Costa Rica,8.5,7.2,6.6,14.0,15.2,106.2,0.9,2017
74,Slovenia,8.3,4.2,4.2,23.8,23.8,60.3,1.7,2017
75,Greece,8.3,4.1,4.2,24.1,23.8,62.5,1.6,2017
76,Spain,8.3,4.4,5.2,22.8,19.1,52.0,1.9,2017
77,Namibia,8.2,10.1,9.2,9.9,10.8,100.9,1.0,2017
78,Denmark,8.2,4.7,4.8,21.2,20.8,52.4,1.9,2017
79,New Zealand,8.1,5.0,5.9,20.0,16.9,63.9,1.6,2017
80,Guatemala,8.1,7.2,8.6,13.8,11.7,94.4,1.1,2017
81,Jordan,8.0,6.5,7.2,15.4,13.8,76.6,1.3,2017
82,Norway,7.9,4.2,4.5,23.9,22.2,51.0,2.0,2017
83,Iraq,7.8,7.0,8.3,14.2,12.1,103.6,1.0,2017
84,Finland,7.6,3.7,4.6,26.7,21.8,44.5,2.2,2017
85,Germany,7.5,3.7,4.1,26.7,24.5,45.9,2.2,2017
86,Ireland,7.0,6.0,6.9,16.6,14.5,50.8,2.0,2017
87,Belgium,7.0,5.8,5.9,17.2,16.9,44.7,2.2,2017
88,Mexico,6.9,6.9,6.3,14.6,15.8,86.6,1.2,2017
89,Canada,6.4,5.5,6.2,18.3,16.2,42.1,2.4,2017
90,Qatar,6.2,9.5,9.2,10.5,10.9,47.1,2.1,2017
91,Iceland,6.1,8.1,8.4,12.4,11.9,57.7,1.7,2017
92,Palestine,6.1,6.9,6.9,14.4,14.6,53.9,1.9,2017
93,United Arab Emirates,5.6,9.7,10.7,10.3,9.4,42.1,2.4,2017
94,Cyprus,5.2,4.9,5.1,20.4,19.5,39.8,2.5,2017
95,Puerto Rico,5.1,7.0,6.5,14.2,15.3,40.1,2.5,2017
96,Libya,3.9,7.1,7.1,14.1,14.0,26.6,3.8,2017
97,South Africa,3.6,9.5,10.4,10.5,9.6,42.0,2.4,2017
98,United States,3.3,11.2,12.2,8.9,8.2,23.5,4.2,2017
99,Saudi Arabia,2.8,7.3,8.0,13.7,12.5,21.1,4.7,2017
1,Hong Kong,41.1,1.9,1.9,51.4,52.3,257.2,0.4,2018
2,China,28.2,1.8,2.1,56.8,47.1,224.3,0.4,2018
3,Thailand,22.8,3.8,3.6,26.6,27.6,195.5,0.5,2018
4,Algeria,22.2,2.6,2.8,39.1,35.6,184.3,0.5,2018
5,Singapore,22.2,2.7,3.2,37.5,31.6,138.6,0.7,2018
6,Vietnam,21.3,4.9,7.0,20.3,14.4,227.3,0.4,2018
7,Azerbaijan,20.1,5.4,5.4,18.7,18.6,227.7,0.4,2018
8,Peru,18.9,4.8,5.3,20.8,18.8,227.8,0.4,2018
9,Uruguay,18.5,5.0,4.7,20.1,21.5,193.0,0.5,2018
10,Ukraine,18.2,6.0,6.6,16.6,15.2,387.9,0.3,2018
11,Colombia,18.1,4.2,4.4,23.9,22.6,249.8,0.4,2018
12,Philippines,17.8,4.2,3.6,24.0,28.0,172.8,0.6,2018
13,Serbia,17.2,3.2,3.4,31.3,29.5,129.7,0.8,2018
14,Brazil,16.3,4.1,4.2,24.6,24.0,216.0,0.5,2018
15,Belarus,16.0,5.0,4.6,20.1,21.7,298.6,0.3,2018
16,Montenegro,15.1,3.4,4.0,29.1,25.3,139.5,0.7,2018
17,Moldova,14.8,6.4,6.6,15.5,15.2,205.9,0.5,2018
18,Taiwan,14.4,1.4,1.8,69.2,56.5,87.3,1.1,2018
19,Albania,14.3,3.7,4.8,27.1,21.1,129.2,0.8,2018
20,Panama,14.1,8.2,8.0,12.2,12.6,113.8,0.9,2018
21,South Korea,14.0,1.8,1.9,55.7,53.7,98.2,1.0,2018
22,Israel,13.9,2.6,3.1,38.0,32.7,94.4,1.1,2018
23,Lebanon,13.7,5.0,5.9,19.9,16.9,121.3,0.8,2018
24,Armenia,13.6,6.7,5.6,15.0,17.7,194.5,0.5,2018
25,North Macedonia,13.6,3.9,3.7,25.5,26.8,122.5,0.8,2018
26,Tunisia,13.5,4.2,4.9,23.7,20.4,123.2,0.8,2018
27,Hungary,13.3,4.5,5.3,22.3,18.7,113.0,0.9,2018
28,Morocco,13.3,5.3,5.1,18.7,19.8,112.1,0.9,2018
29,Chile,13.1,4.4,4.3,22.9,23.1,101.3,1.0,2018
30,Indonesia,13.1,4.6,4.8,21.9,20.7,136.1,0.7,2018
31,Lithuania,13.0,4.0,4.2,25.2,23.7,79.1,1.3,2018
32,Ecuador,13.0,5.4,5.1,18.5,19.6,161.7,0.6,2018
33,Kazakhstan,12.8,6.3,5.9,16.0,16.8,229.9,0.4,2018
34,Czech Republic,12.7,3.7,4.1,26.8,24.5,77.4,1.3,2018
35,Dominican Republic,12.7,6.6,6.5,15.2,15.4,172.9,0.6,2018
36,Egypt,12.7,6.9,6.7,14.5,14.9,207.7,0.5,2018
37,Kosovo (Disputed Territory),12.7,3.7,4.9,27.1,20.4,109.4,0.9,2018
38,Japan,12.6,2.0,2.6,49.3,39.1,71.0,1.4,2018
39,Pakistan,12.5,4.4,4.1,22.6,24.3,159.6,0.6,2018
40,Bangladesh,12.5,3.8,3.4,26.1,29.3,161.6,0.6,2018
41,Iran,12.5,6.6,8.0,15.1,12.5,238.6,0.4,2018
42,Georgia,12.4,7.2,7.6,13.9,13.1,154.6,0.6,2018
43,Bosnia And Herzegovina,11.6,3.4,3.1,29.1,31.8,101.0,1.0,2018
44,Russia,11.4,6.3,6.5,15.9,15.5,154.8,0.6,2018
45,Luxembourg,11.2,3.9,4.0,25.4,25.2,67.6,1.5,2018
46,Croatia,11.1,3.6,3.7,27.9,26.8,90.6,1.1,2018
47,Switzerland,10.9,2.6,3.0,37.7,33.4,62.8,1.6,2018
48,Bolivia,10.8,5.6,6.1,17.9,16.4,95.6,1.0,2018
49,Argentina,10.7,4.2,4.2,23.8,23.8,286.2,0.3,2018
50,Sweden,10.5,2.6,3.4,38.4,29.7,63.0,1.6,2018
51,Portugal,10.0,5.5,6.4,18.1,15.7,65.6,1.5,2018
52,France,9.9,3.2,3.7,31.3,27.4,60.8,1.6,2018
53,Italy,9.9,3.5,4.3,28.3,23.4,63.2,1.6,2018
54,Slovakia,9.9,5.5,5.8,18.1,17.4,59.6,1.7,2018
55,Poland,9.8,4.9,5.3,20.4,18.9,69.6,1.4,2018
56,Latvia,9.8,5.2,5.4,19.4,18.4,64.6,1.5,2018
57,Malta,9.7,5.8,6.8,17.2,14.8,68.9,1.5,2018
58,India,9.7,3.1,3.8,32.8,26.4,112.2,0.9,2018
59,Malaysia,9.6,3.7,4.2,26.7,23.9,73.4,1.4,2018
60,Austria,9.6,3.6,3.9,27.8,25.9,58.7,1.7,2018
61,Greece,9.5,4.0,4.3,25.0,23.0,70.7,1.4,2018
62,United Kingdom,9.3,3.9,4.6,25.8,21.7,63.3,1.6,2018
63,Estonia,9.2,4.2,4.4,24.1,22.6,58.1,1.7,2018
64,Romania,9.1,4.8,4.8,20.8,20.7,62.5,1.6,2018
65,Turkey,8.9,5.2,6.1,19.2,16.3,123.6,0.8,2018
66,Norway,8.7,3.6,4.1,27.5,24.4,55.5,1.8,2018
67,Iraq,8.6,6.5,7.5,15.3,13.4,119.8,0.8,2018
68,Bulgaria,8.6,5.4,5.7,18.4,17.5,67.0,1.5,2018
69,Slovenia,8.4,4.2,4.1,24.1,24.4,59.0,1.7,2018
70,New Zealand,8.2,4.8,4.9,20.7,20.3,64.3,1.6,2018
71,Germany,8.0,3.6,3.9,28.0,25.6,48.3,2.1,2018
72,Spain,8.0,4.7,5.6,21.4,18.0,49.8,2.0,2018
73,Costa Rica,7.9,7.3,7.5,13.7,13.3,91.3,1.1,2018
74,Mexico,7.8,6.5,6.2,15.4,16.2,97.3,1.0,2018
75,Ireland,7.6,6.2,7.5,16.2,13.4,54.8,1.8,2018
76,Finland,7.5,3.7,4.6,26.7,21.9,43.3,2.3,2018
77,Australia,7.4,5.0,5.2,20.1,19.4,56.1,1.8,2018
78,Jordan,7.3,7.3,8.2,13.8,12.2,70.3,1.4,2018
79,Denmark,7.2,4.2,4.8,23.9,20.9,44.7,2.2,2018
80,Belgium,7.1,4.9,4.9,20.3,20.3,44.9,2.2,2018
81,Iceland,6.9,6.7,7.5,14.9,13.3,60.0,1.7,2018
82,Netherlands,6.7,5.3,6.2,18.8,16.3,43.1,2.3,2018
83,Canada,6.1,5.4,6.0,18.7,16.6,40.4,2.5,2018
84,Palestine,5.4,6.2,6.6,16.2,15.1,50.1,2.0,2018
85,Cyprus,5.3,5.5,5.7,18.3,17.6,39.2,2.6,2018
86,United Arab Emirates,4.9,10.3,10.6,9.7,9.4,35.9,2.8,2018
87,South Africa,3.5,10.2,10.3,9.8,9.7,41.8,2.4,2018
88,United States,3.3,10.8,11.8,9.3,8.5,24.1,4.1,2018
89,Saudi Arabia,2.8,7.8,8.3,12.8,12.0,19.9,5.0,2018
1,Hong Kong,49.4,1.8,1.9,54.5,53.8,310.6,0.3,2019
2,China,29.1,1.8,2.0,54.5,49.9,231.3,0.4,2019
3,Taiwan,28.9,2.0,2.4,50.7,42.0,174.6,0.6,2019
4,Sri Lanka,26.3,3.4,3.3,29.4,30.8,403.4,0.2,2019
5,Nepal,25.1,2.4,2.9,42.0,34.9,325.5,0.3,2019
6,Thailand,21.9,3.5,3.7,28.4,27.3,182.0,0.5,2019
7,Philippines,21.8,3.5,3.7,28.5,26.7,206.7,0.5,2019
8,Singapore,21.6,2.4,2.7,42.1,37.0,133.1,0.8,2019
9,Algeria,21.2,2.7,3.0,36.8,33.1,180.4,0.6,2019
10,Vietnam,19.7,4.5,5.8,22.5,17.4,209.4,0.5,2019
11,Argentina,19.0,2.6,2.8,38.9,35.1,566.2,0.2,2019
12,Colombia,18.8,4.4,4.7,22.6,21.1,253.3,0.4,2019
13,Brazil,18.7,3.7,3.8,26.8,26.1,219.8,0.5,2019
14,Serbia,18.6,3.0,3.3,32.9,30.2,133.1,0.8,2019
15,South Korea,17.6,1.4,1.7,73.7,57.6,122.1,0.8,2019
16,Azerbaijan,17.2,5.0,5.7,19.9,17.6,178.9,0.6,2019
17,Iran,16.9,5.8,7.1,17.2,14.2,335.2,0.3,2019
18,Peru,16.0,4.8,5.7,20.7,17.6,186.9,0.5,2019
19,Albania,15.2,4.3,5.3,23.4,19.0,128.8,0.8,2019
20,Czech Republic,15.2,3.3,3.7,30.3,26.9,96.3,1.0,2019
21,Morocco,14.7,4.6,4.4,21.7,22.5,122.9,0.8,2019
22,Ukraine,14.3,6.5,7.6,15.5,13.2,291.4,0.3,2019
23,Belarus,14.3,4.8,4.6,21.0,22.0,212.6,0.5,2019
24,Armenia,14.1,6.4,6.3,15.7,15.9,187.1,0.5,2019
25,Pakistan,14.1,4.1,4.0,24.3,25.0,184.1,0.5,2019
26,Uruguay,14.0,4.2,4.2,23.5,23.8,143.8,0.7,2019
27,Israel,14.0,2.7,3.1,37.5,32.1,97.1,1.0,2019
28,Moldova,13.8,5.7,6.4,17.7,15.7,183.1,0.5,2019
29,Indonesia,13.8,5.1,5.1,19.7,19.6,143.3,0.7,2019
30,Montenegro,13.7,4.1,4.1,24.4,24.2,119.8,0.8,2019
31,Dominican Republic,13.7,6.3,6.9,15.9,14.5,194.7,0.5,2019
32,North Macedonia,13.7,4.0,4.0,24.8,24.9,120.3,0.8,2019
33,Egypt,13.6,6.1,6.4,16.5,15.5,200.8,0.5,2019
34,Chile,13.5,4.3,4.2,23.4,24.0,98.9,1.0,2019
35,Lebanon,13.4,5.1,6.3,19.8,15.8,117.8,0.8,2019
36,Ecuador,13.1,5.4,5.0,18.4,19.9,161.9,0.6,2019
37,France,12.9,2.6,3.1,39.2,31.9,76.3,1.3,2019
38,Portugal,12.7,4.9,6.3,20.2,15.8,81.0,1.2,2019
39,Georgia,12.7,6.6,7.3,15.1,13.8,164.7,0.6,2019
40,Panama,12.7,8.1,7.8,12.4,12.7,101.4,1.0,2019
41,Hungary,12.6,4.4,5.0,23.0,20.1,105.2,1.0,2019
42,Russia,12.4,5.9,6.0,17.1,16.6,149.1,0.7,2019
43,Bangladesh,12.3,3.3,3.8,30.0,26.2,153.8,0.7,2019
44,Bosnia And Herzegovina,12.3,3.2,3.1,31.0,32.0,100.3,1.0,2019
45,Tunisia,12.3,4.6,4.9,21.9,20.4,115.8,0.9,2019
46,Luxembourg,11.6,4.0,4.2,25.1,23.7,70.4,1.4,2019
47,Croatia,11.6,3.5,3.6,28.9,28.0,89.9,1.1,2019
48,Kazakhstan,11.5,7.2,6.5,13.8,15.3,203.2,0.5,2019
49,Guatemala,11.4,6.3,7.5,15.9,13.4,115.1,0.9,2019
50,India,11.3,2.9,3.6,34.7,28.1,125.8,0.8,2019
51,Japan,11.2,2.5,3.1,40.3,32.6,64.1,1.6,2019
52,Lithuania,11.1,4.2,4.4,23.9,22.8,68.4,1.5,2019
53,Kosovo (Disputed Territory),11.1,4.1,5.1,24.2,19.7,90.4,1.1,2019
54,Malta,10.8,5.8,7.1,17.3,14.1,76.0,1.3,2019
55,Slovakia,10.3,5.4,5.3,18.5,19.0,61.5,1.6,2019
56,Poland,10.3,4.9,5.2,20.6,19.3,73.6,1.4,2019
57,Sweden,10.3,2.8,3.5,35.9,28.6,67.8,1.5,2019
58,Mexico,10.2,5.7,5.8,17.6,17.2,126.6,0.8,2019
59,Slovenia,10.2,3.8,3.9,26.6,25.8,70.0,1.4,2019
60,Romania,10.2,4.4,4.5,22.7,22.0,72.8,1.4,2019
61,Austria,10.1,3.4,3.9,29.1,25.6,62.1,1.6,2019
62,Bolivia,10.1,6.5,7.1,15.4,14.0,94.2,1.1,2019
63,Italy,10.0,3.7,4.5,27.2,22.3,62.2,1.6,2019
64,Greece,9.8,4.3,4.2,23.4,24.0,76.9,1.3,2019
65,Malaysia,9.8,3.8,4.0,26.1,25.0,74.4,1.3,2019
66,Switzerland,9.6,2.8,3.2,35.3,31.4,56.0,1.8,2019
67,Latvia,9.4,4.7,5.3,21.4,18.8,60.4,1.7,2019
68,Costa Rica,9.3,6.9,6.6,14.5,15.1,104.6,1.0,2019
69,Estonia,9.3,4.2,4.3,23.9,23.2,60.0,1.7,2019
70,Turkey,9.3,4.9,5.7,20.4,17.4,185.4,0.5,2019
71,Spain,9.2,4.4,5.1,22.8,19.6,58.0,1.7,2019
72,United Kingdom,9.2,4.0,4.3,25.2,23.3,62.2,1.6,2019
73,Germany,9.0,3.3,3.6,29.9,27.9,54.2,1.8,2019
74,Iraq,9.0,6.3,7.4,15.9,13.5,110.6,0.9,2019
75,Bulgaria,8.7,5.2,5.9,19.1,17.0,65.3,1.5,2019
76,Norway,8.4,3.8,4.3,26.2,23.2,54.1,1.8,2019
77,New Zealand,8.3,4.6,4.9,21.9,20.4,65.2,1.5,2019
78,Finland,8.0,3.5,4.4,28.7,22.9,46.1,2.2,2019
79,Ireland,7.9,5.5,7.2,18.1,14.0,56.6,1.8,2019
80,Jordan,7.7,6.8,7.7,14.8,12.9,76.7,1.3,2019
81,Canada,7.7,4.4,5.3,22.9,19.0,53.3,1.9,2019
82,Australia,7.6,4.6,4.8,21.7,20.9,57.4,1.7,2019
83,Netherlands,7.4,5.2,5.8,19.1,17.2,46.9,2.1,2019
84,Belgium,7.2,5.0,5.0,19.8,20.0,44.1,2.3,2019
85,Cyprus,7.2,6.2,6.7,16.1,14.9,50.9,2.0,2019
86,Denmark,6.9,4.5,4.9,22.4,20.5,42.5,2.4,2019
87,Iceland,6.6,6.8,7.4,14.6,13.6,58.0,1.7,2019
88,Qatar,5.7,7.0,7.3,14.4,13.8,44.3,2.3,2019
89,Palestine,5.4,5.9,6.6,17.0,15.2,53.6,1.9,2019
90,United Arab Emirates,4.4,10.2,10.7,9.8,9.4,31.5,3.2,2019
91,South Africa,4.1,9.6,11.2,10.5,9.0,49.2,2.0,2019
92,United States,3.6,10.4,11.2,9.6,8.9,26.8,3.7,2019
93,Saudi Arabia,2.9,6.8,7.7,14.7,13.0,20.6,4.8,2019
1,Venezuela,133.3,6.2,6.5,16.1,15.5,3025.0,0.0,2020
2,Syria,60.8,2.7,3.0,36.9,33.3,662.8,0.2,2020
3,Hong Kong,47.5,1.8,1.8,56.5,54.7,303.3,0.3,2020
4,Cambodia,42.3,4.8,6.2,20.9,16.1,479.5,0.2,2020
5,Kenya,31.6,2.1,4.1,46.6,24.5,472.2,0.2,2020
6,Sri Lanka,31.1,2.9,2.4,34.8,42.3,478.8,0.2,2020
7,China,29.1,1.7,1.9,58.3,52.4,231.7,0.4,2020
8,Iran,25.1,4.9,5.4,20.3,18.4,515.5,0.2,2020
9,Nepal,24.7,2.6,3.2,38.9,31.0,314.2,0.3,2020
10,Philippines,24.6,3.4,3.9,29.0,25.3,237.1,0.4,2020
11,Argentina,24.5,1.9,1.9,51.9,51.3,1041.2,0.1,2020
12,Taiwan,23.7,1.4,1.5,72.6,66.6,142.5,0.7,2020
13,Singapore,22.3,2.3,2.8,43.0,36.0,142.1,0.7,2020
14,Thailand,22.3,3.2,3.7,31.0,26.9,185.7,0.5,2020
15,Vietnam,21.4,4.2,5.6,23.6,18.0,228.5,0.4,2020
16,Colombia,19.7,4.5,4.1,22.1,24.4,255.6,0.4,2020
17,Serbia,18.9,3.1,3.4,32.3,29.3,135.8,0.7,2020
18,Indonesia,18.9,4.8,5.1,20.9,19.7,220.8,0.5,2020
19,Algeria,17.8,3.0,3.8,33.3,26.2,150.3,0.7,2020
20,South Korea,17.4,1.5,1.8,67.3,55.9,121.8,0.8,2020
21,Armenia,16.6,5.8,5.7,17.1,17.4,214.0,0.5,2020
22,Brazil,16.4,4.1,4.3,24.3,23.2,188.6,0.5,2020
23,Uruguay,16.3,4.0,4.0,25.2,24.7,165.9,0.6,2020
24,Azerbaijan,16.2,5.2,5.4,19.0,18.4,165.3,0.6,2020
25,Albania,15.5,4.2,5.3,23.8,18.9,125.9,0.8,2020
26,Czech Republic,15.4,3.3,3.7,30.1,27.4,99.5,1.0,2020
27,Uzbekistan,15.3,6.1,7.2,16.4,13.8,288.7,0.3,2020
28,Peru,15.0,5.5,5.1,18.2,19.7,162.8,0.6,2020
29,Chile,14.9,4.3,3.9,23.0,25.7,106.3,0.9,2020
30,Hungary,14.8,3.8,4.3,26.3,23.4,116.5,0.9,2020
31,Belarus,14.6,5.0,4.6,19.9,21.6,223.2,0.4,2020
32,Georgia,14.2,7.6,8.5,13.1,11.7,196.1,0.5,2020
33,Morocco,14.2,4.5,4.7,22.3,21.5,114.3,0.9,2020
34,Croatia,13.7,3.4,3.5,29.3,28.2,101.7,1.0,2020
35,Dominican Republic,13.5,6.7,6.5,14.9,15.4,183.4,0.5,2020
36,Montenegro,13.2,4.6,4.4,21.9,22.9,117.5,0.9,2020
37,Lebanon,13.2,5.1,5.8,19.8,17.2,122.5,0.8,2020
38,Bangladesh,13.1,2.9,3.7,34.4,27.1,163.4,0.6,2020
39,France,13.0,2.4,3.0,41.0,33.1,76.7,1.3,2020
40,Egypt,13.0,5.6,6.2,18.0,16.0,193.9,0.5,2020
41,Japan,13.0,2.1,2.6,47.4,39.0,75.2,1.3,2020
42,Israel,12.8,3.2,3.1,31.2,32.3,90.3,1.1,2020
43,Ecuador,12.7,5.5,5.4,18.1,18.5,150.8,0.7,2020
44,Portugal,12.7,5.0,6.1,19.8,16.4,79.2,1.3,2020
45,Panama,12.6,8.2,8.0,12.2,12.5,101.9,1.0,2020
46,North Macedonia,12.6,4.0,4.0,24.9,24.8,106.1,0.9,2020
47,Bosnia And Herzegovina,12.6,3.4,3.2,29.7,31.1,98.1,1.0,2020
48,Malta,12.3,5.7,7.0,17.6,14.3,90.4,1.1,2020
49,Kuwait,12.3,3.4,5.3,29.6,19.0,100.3,1.0,2020
50,Ukraine,12.2,6.5,7.5,15.5,13.3,244.0,0.4,2020
51,Pakistan,12.0,4.9,5.3,20.5,19.0,178.8,0.6,2020
52,Luxembourg,11.6,3.5,4.0,28.4,24.9,69.7,1.4,2020
53,Poland,11.4,4.5,4.9,22.4,20.2,82.2,1.2,2020
54,India,11.4,3.0,3.6,33.5,27.8,126.2,0.8,2020
55,Romania,11.3,4.4,4.5,22.7,22.1,94.2,1.1,2020
56,Lithuania,10.9,4.1,4.3,24.4,23.1,68.5,1.5,2020
57,Austria,10.9,3.3,3.6,30.5,27.8,66.9,1.5,2020
58,Kazakhstan,10.9,6.5,6.0,15.4,16.7,176.9,0.6,2020
59,Russia,10.8,5.9,5.9,17.0,16.8,129.8,0.8,2020
60,Honduras,10.8,7.4,6.3,13.5,15.9,131.0,0.8,2020
61,Kosovo (Disputed Territory),10.7,4.8,5.2,20.9,19.2,82.6,1.2,2020
62,Mexico,10.7,5.9,5.8,17.0,17.3,132.7,0.8,2020
63,Tunisia,10.6,5.0,5.2,19.9,19.4,109.2,0.9,2020
64,Greece,10.6,4.2,4.1,23.7,24.4,81.9,1.2,2020
65,Slovenia,10.5,3.8,3.9,26.1,25.6,71.6,1.4,2020
66,Costa Rica,10.3,6.0,5.2,16.8,19.2,119.4,0.8,2020
67,Slovakia,10.2,5.1,5.4,19.6,18.4,60.2,1.7,2020
68,United Kingdom,10.1,3.5,4.1,28.4,24.3,68.7,1.5,2020
69,Guatemala,10.1,7.1,7.5,14.1,13.3,98.7,1.0,2020
70,Malaysia,9.9,3.7,3.9,27.3,25.4,75.4,1.3,2020
71,Italy,9.7,3.9,4.8,25.9,20.9,59.1,1.7,2020
72,Bolivia,9.7,6.9,6.9,14.6,14.4,100.1,1.0,2020
73,Germany,9.4,3.2,3.5,31.0,28.3,56.3,1.8,2020
74,Spain,9.4,4.6,5.2,21.6,19.2,58.7,1.7,2020
75,Sweden,9.3,3.1,3.5,32.5,28.5,61.6,1.6,2020
76,Iraq,9.1,5.9,7.4,16.9,13.5,99.7,1.0,2020
77,Oman,9.1,3.6,5.0,28.1,20.1,71.3,1.4,2020
78,Estonia,9.1,4.0,4.1,24.9,24.3,57.2,1.7,2020
79,Latvia,8.8,4.6,5.3,21.7,18.9,56.4,1.8,2020
80,Norway,8.8,3.6,4.1,27.5,24.5,57.3,1.7,2020
81,Switzerland,8.7,3.0,3.3,33.7,30.5,50.8,2.0,2020
82,Bahrain,8.6,7.5,7.8,13.4,12.9,77.2,1.3,2020
83,New Zealand,8.5,4.3,4.6,23.5,21.9,65.5,1.5,2020
84,Bulgaria,8.5,5.2,5.8,19.1,17.4,61.3,1.6,2020
85,Jordan,8.4,6.4,7.1,15.6,14.1,83.6,1.2,2020
86,Finland,8.3,3.3,4.3,30.3,23.4,48.1,2.1,2020
87,Cyprus,8.2,6.2,6.3,16.2,15.8,55.9,1.8,2020
88,Canada,8.0,4.3,5.3,23.3,18.9,56.4,1.8,2020
89,Turkey,7.8,5.5,5.9,18.1,16.8,155.5,0.6,2020
90,Australia,7.5,4.5,4.7,22.4,21.4,55.6,1.8,2020
91,Netherlands,7.5,5.3,5.6,18.9,18.0,47.1,2.1,2020
92,Ireland,7.5,6.6,7.1,15.1,14.2,52.5,1.9,2020
93,Denmark,7.5,4.0,4.1,24.8,24.6,44.6,2.2,2020
94,Belgium,6.9,4.9,5.1,20.3,19.7,41.3,2.4,2020
95,Iceland,6.7,6.5,7.2,15.5,14.0,59.4,1.7,2020
96,Trinidad And Tobago,6.1,11.4,7.6,8.8,13.1,54.5,1.8,2020
97,Qatar,5.8,7.2,7.4,13.9,13.5,45.3,2.2,2020
98,United Arab Emirates,5.3,9.0,9.1,11.1,11.0,39.2,2.5,2020
99,Namibia,5.2,10.3,10.3,9.7,9.7,65.4,1.5,2020
100,Palestine,4.4,7.2,7.5,14.0,13.3,46.5,2.2,2020
101,South Africa,3.9,9.9,11.3,10.1,8.9,47.5,2.1,2020
102,Puerto Rico,3.5,9.3,8.1,10.7,12.3,27.2,3.7,2020
103,United States,3.5,10.4,11.2,9.7,8.9,26.4,3.8,2020
104,Saudi Arabia,2.8,7.2,8.0,13.8,12.4,20.6,4.8,2020
1,Syria,63.2,2.9,3.2,34.0,31.7,709.4,0.1,2021
2,Hong Kong,45.2,1.6,1.7,61.6,57.6,288.3,0.3,2021
3,Jamaica,36.0,2.8,1.2,35.3,83.5,374.4,0.3,2021
4,Cambodia,35.8,5.0,5.6,20.0,18.0,429.0,0.2,2021
5,Sri Lanka,35.0,2.8,2.7,36.2,36.7,534.1,0.2,2021
6,Iran,34.2,4.1,4.9,24.2,20.4,730.0,0.1,2021
7,Philippines,30.1,3.3,3.3,30.5,30.8,294.6,0.3,2021
8,China,29.0,1.5,1.7,65.7,58.1,232.4,0.4,2021
9,Kenya,27.3,2.1,4.0,48.5,24.8,420.3,0.2,2021
10,Nepal,23.8,2.4,2.9,40.9,34.4,308.0,0.3,2021
11,Taiwan,23.6,1.5,1.5,67.1,65.1,141.6,0.7,2021
12,South Korea,23.6,1.1,1.2,95.1,81.5,163.6,0.6,2021
13,Argentina,22.7,2.2,2.3,45.0,43.8,941.2,0.1,2021
14,Thailand,22.2,3.2,3.6,31.6,27.5,179.8,0.6,2021
15,Indonesia,22.0,4.1,4.8,24.6,20.8,256.8,0.4,2021
16,Vietnam,20.6,4.0,5.8,24.8,17.3,223.9,0.4,2021
17,Singapore,19.4,2.4,3.1,41.3,32.7,121.0,0.8,2021
18,Colombia,18.7,5.1,4.7,19.6,21.4,239.8,0.4,2021
19,Armenia,18.0,5.1,4.9,19.8,20.4,229.0,0.4,2021
20,Chile,17.6,3.9,3.7,25.7,26.7,127.3,0.8,2021
21,Uruguay,17.3,3.9,3.8,25.9,26.1,174.5,0.6,2021
22,Algeria,17.1,3.2,4.0,31.4,24.8,151.4,0.7,2021
23,Serbia,17.1,3.1,3.4,32.7,29.7,124.2,0.8,2021
24,Peru,16.9,5.1,4.9,19.5,20.6,192.2,0.5,2021
25,Belarus,16.8,4.3,4.1,23.5,24.2,251.0,0.4,2021
26,Azerbaijan,16.6,4.8,5.4,20.7,18.4,176.8,0.6,2021
27,Brazil,16.1,4.1,4.3,24.4,23.5,181.4,0.6,2021
28,Kyrgyzstan,15.6,7.0,6.7,14.4,15.0,262.3,0.4,2021
29,Uzbekistan,15.6,6.1,7.0,16.3,14.3,337.1,0.3,2021
30,El Salvador,15.6,6.5,7.1,15.5,14.0,167.3,0.6,2021
31,Czech Republic,15.5,3.2,3.4,31.7,29.5,99.5,1.0,2021
32,Albania,14.8,4.3,5.2,23.2,19.3,117.5,0.9,2021
33,Bangladesh,14.4,3.3,3.4,30.7,29.3,180.7,0.6,2021
34,Paraguay,14.2,5.4,6.8,18.6,14.8,204.3,0.5,2021
35,Croatia,14.2,3.3,3.5,30.1,28.3,103.3,1.0,2021
36,Georgia,14.2,6.3,7.4,15.8,13.6,177.9,0.6,2021
37,Montenegro,14.1,4.3,4.3,23.2,23.4,131.0,0.8,2021
38,Lebanon,14.1,5.5,5.7,18.3,17.4,132.9,0.8,2021
39,Poland,14.0,4.2,4.9,23.9,20.3,106.9,0.9,2021
40,Israel,13.7,2.7,2.9,36.4,35.0,96.0,1.0,2021
41,Egypt,13.6,5.5,6.2,18.1,16.1,199.7,0.5,2021
42,Guatemala,13.6,7.2,7.2,13.8,13.9,134.5,0.7,2021
43,Morocco,13.5,4.6,4.9,21.6,20.5,109.7,0.9,2021
44,France,13.5,2.3,2.7,43.0,36.9,78.4,1.3,2021
45,Kuwait,13.2,3.2,5.1,31.6,19.5,113.1,0.9,2021
46,Japan,13.0,2.2,2.4,45.6,41.2,75.2,1.3,2021
47,Afghanistan,13.0,3.3,3.8,30.4,26.0,158.0,0.6,2021
48,Moldova,12.7,5.7,6.5,17.4,15.3,141.7,0.7,2021
49,North Macedonia,12.7,4.0,3.8,24.8,26.2,105.0,1.0,2021
50,Portugal,12.7,4.8,5.8,20.9,17.3,78.6,1.3,2021
51,Pakistan,12.6,4.5,4.7,22.1,21.2,186.2,0.5,2021
52,Ecuador,12.6,5.8,6.0,17.3,16.6,152.3,0.7,2021
53,Malta,12.5,5.4,6.5,18.4,15.5,91.6,1.1,2021
54,Panama,12.3,7.4,7.0,13.6,14.2,101.3,1.0,2021
55,Luxembourg,12.2,3.3,3.7,30.1,27.3,72.1,1.4,2021
56,Tunisia,11.8,4.8,4.8,20.8,21.0,126.5,0.8,2021
57,Dominican Republic,11.8,7.3,7.4,13.7,13.5,158.8,0.6,2021
58,Hungary,11.6,3.8,4.0,26.4,24.8,91.4,1.1,2021
59,Mongolia,11.5,7.2,6.6,13.9,15.1,138.1,0.7,2021
60,India,11.3,3.0,3.7,32.9,27.2,123.7,0.8,2021
61,Kosovo (Disputed Territory),11.2,5.0,5.1,19.9,19.7,85.7,1.2,2021
62,Slovakia,11.1,4.6,4.8,22.0,20.8,64.7,1.5,2021
63,Russia,11.1,5.8,5.6,17.3,17.9,130.3,0.8,2021
64,Lithuania,11.0,3.7,4.2,27.0,23.9,69.3,1.4,2021
65,Slovenia,10.9,3.8,3.9,26.3,25.8,73.6,1.4,2021
66,Ukraine,10.8,6.8,7.4,14.7,13.5,207.8,0.5,2021
67,Bosnia And Herzegovina,10.7,3.3,3.3,30.0,30.5,79.6,1.3,2021
68,Romania,10.7,4.4,4.5,22.6,22.2,90.3,1.1,2021
69,Mexico,10.5,6.4,6.5,15.7,15.5,131.1,0.8,2021
70,Austria,10.4,3.2,3.5,31.7,28.9,63.7,1.6,2021
71,Greece,10.1,4.5,4.3,22.4,23.4,77.8,1.3,2021
72,Honduras,10.1,7.0,5.1,14.4,19.5,124.8,0.8,2021
73,Costa Rica,10.1,5.8,5.2,17.2,19.1,113.7,0.9,2021
74,Malaysia,9.9,3.6,4.0,27.9,24.9,74.7,1.3,2021
75,Kazakhstan,9.6,6.9,6.7,14.6,14.9,148.0,0.7,2021
76,Spain,9.6,4.5,5.2,22.3,19.1,60.1,1.7,2021
77,United Kingdom,9.6,3.7,4.1,27.0,24.3,64.7,1.5,2021
78,Italy,9.5,3.8,4.8,26.3,20.7,57.3,1.7,2021
79,Germany,9.1,3.2,3.5,30.9,28.3,54.7,1.8,2021
80,Estonia,9.1,3.9,4.0,25.5,24.8,57.9,1.7,2021
81,Iraq,9.0,5.7,7.5,17.4,13.4,97.6,1.0,2021
82,Bulgaria,9.0,5.0,5.6,20.0,17.8,64.2,1.6,2021
83,Bolivia,8.8,6.7,7.0,15.0,14.3,92.5,1.1,2021
84,Finland,8.6,3.0,4.1,32.8,24.6,49.5,2.0,2021
85,Sweden,8.6,3.2,3.6,31.3,27.5,55.6,1.8,2021
86,Norway,8.5,3.6,4.0,28.0,24.8,55.6,1.8,2021
87,Latvia,8.5,4.9,5.2,20.5,19.3,54.6,1.8,2021
88,Bahrain,8.5,7.2,7.4,13.9,13.5,77.0,1.3,2021
89,Switzerland,8.4,2.9,3.3,34.5,30.2,48.7,2.1,2021
90,Turkey,8.2,5.2,5.9,19.2,16.9,134.2,0.7,2021
91,New Zealand,8.1,4.6,4.8,21.8,20.9,60.4,1.7,2021
92,Jordan,8.0,5.3,6.3,18.8,15.8,80.2,1.2,2021
93,Trinidad And Tobago,7.8,8.1,6.2,12.3,16.1,68.8,1.5,2021
94,Canada,7.5,4.7,5.6,21.3,17.7,52.2,1.9,2021
95,Ireland,7.4,6.1,6.9,16.4,14.5,51.8,1.9,2021
96,Australia,7.4,4.3,4.3,23.3,23.2,52.9,1.9,2021
97,Netherlands,7.4,5.4,5.6,18.5,17.9,45.4,2.2,2021
98,Cyprus,7.1,6.8,7.0,14.7,14.2,46.7,2.1,2021
99,Belgium,6.9,4.7,5.0,21.3,20.1,41.1,2.4,2021
100,Denmark,6.7,4.3,4.5,23.4,22.1,39.2,2.5,2021
101,Iceland,6.3,6.6,7.2,15.2,13.9,53.6,1.9,2021
102,Qatar,6.0,7.5,7.3,13.4,13.8,46.2,2.2,2021
103,Oman,5.8,5.4,4.8,18.5,20.7,44.3,2.3,2021
104,United Arab Emirates,4.9,9.2,9.2,10.9,10.8,36.5,2.7,2021
105,Palestine,4.7,7.7,8.2,13.1,12.2,46.3,2.2,2021
106,United States,4.0,8.0,10.6,12.6,9.4,29.4,3.4,2021
107,South Africa,4.0,8.3,10.7,12.0,9.4,46.1,2.2,2021
108,Puerto Rico,3.6,8.7,8.5,11.5,11.8,27.9,3.6,2021
109,Saudi Arabia,2.6,8.1,8.1,12.4,12.3,18.9,5.3,2021
1,Ghana,87.7,13.0,0.4,7.7,278.1,2349.5,0.0,2022
2,Syria,70.6,2.9,3.3,34.5,29.9,877.8,0.1,2022
3,Hong Kong,46.9,1.6,1.5,63.4,67.7,293.9,0.3,2022
4,Sri Lanka,46.0,2.2,2.2,45.8,45.6,649.6,0.2,2022
5,Jamaica,34.0,2.6,1.7,38.1,58.0,341.4,0.3,2022
6,Iran,33.0,4.6,5.5,21.8,18.1,687.7,0.1,2022
7,Cambodia,32.5,4.9,5.7,20.6,17.5,388.4,0.3,2022
8,Philippines,29.6,3.1,3.0,32.4,33.1,289.0,0.3,2022
9,South Korea,29.4,0.8,1.0,124.4,98.8,200.6,0.5,2022
10,China,29.0,1.5,1.7,66.4,60.4,233.2,0.4,2022
11,Argentina,26.0,2.2,2.1,45.6,46.9,1061.2,0.1,2022
12,Kenya,24.2,1.9,4.8,52.9,20.8,349.3,0.3,2022
13,Nepal,22.9,1.9,2.7,52.0,36.6,288.1,0.3,2022
14,Indonesia,21.9,4.2,4.7,24.1,21.4,251.7,0.4,2022
15,Taiwan,21.8,1.6,1.7,64.4,59.5,130.1,0.8,2022
16,Thailand,21.7,3.2,3.6,31.2,27.9,176.2,0.6,2022
17,Vietnam,20.5,3.9,4.5,25.5,22.3,229.0,0.4,2022
18,Uruguay,20.1,3.2,3.8,31.3,26.6,202.7,0.5,2022
19,Peru,19.5,4.5,4.6,22.3,21.5,227.8,0.4,2022
20,Algeria,18.2,3.1,3.4,32.6,29.3,165.1,0.6,2022
21,Singapore,17.5,2.6,3.2,39.1,31.6,105.9,0.9,2022
22,Armenia,17.5,4.8,5.2,20.8,19.1,219.8,0.5,2022
23,Paraguay,17.3,5.1,5.6,19.4,17.9,236.7,0.4,2022
24,Chile,17.2,3.9,4.3,25.6,23.4,138.2,0.7,2022
25,Colombia,16.9,5.0,4.4,20.0,22.9,212.2,0.5,2022
26,Uzbekistan,16.9,6.0,8.1,16.7,12.3,335.7,0.3,2022
27,Azerbaijan,16.8,4.3,4.6,23.5,21.6,187.1,0.5,2022
28,Belarus,16.7,4.5,4.3,22.3,23.1,295.0,0.3,2022
29,Serbia,16.5,3.0,3.2,33.3,31.4,119.5,0.8,2022
30,Brazil,16.3,4.2,4.2,24.0,23.6,177.8,0.6,2022
31,Nigeria,16.1,34.4,31.9,2.9,3.1,326.0,0.3,2022
32,El Salvador,15.8,6.9,6.2,14.5,16.2,176.4,0.6,2022
33,Montenegro,15.3,4.4,4.7,22.8,21.1,130.9,0.8,2022
34,Russia,14.8,4.9,4.5,20.3,22.1,168.0,0.6,2022
35,Venezuela,14.4,8.5,8.2,11.7,12.2,339.3,0.3,2022
36,Pakistan,14.3,3.8,4.4,26.2,22.7,199.4,0.5,2022
37,Dominican Republic,14.3,6.3,6.0,15.8,16.8,195.7,0.5,2022
38,Afghanistan,14.1,3.0,3.9,32.9,25.5,185.5,0.5,2022
39,Albania,14.1,4.0,5.2,24.7,19.2,110.5,0.9,2022
40,Guatemala,14.0,7.0,7.5,14.4,13.4,139.8,0.7,2022
41,Mongolia,14.0,6.7,6.9,14.9,14.4,149.8,0.7,2022
42,Croatia,13.9,3.2,3.3,31.1,30.0,99.0,1.0,2022
43,Czech Republic,13.6,3.0,3.2,33.6,31.6,86.1,1.2,2022
44,Luxembourg,13.6,3.0,3.3,33.2,29.9,80.4,1.2,2022
45,Bangladesh,13.5,3.1,3.2,32.6,31.3,149.5,0.7,2022
46,Israel,13.5,2.7,2.8,37.2,35.1,94.6,1.1,2022
47,Malta,13.1,5.0,5.6,19.9,17.9,96.0,1.0,2022
48,Morocco,12.6,4.7,5.0,21.4,20.1,101.7,1.0,2022
49,North Macedonia,12.5,3.7,3.5,27.1,28.3,100.4,1.0,2022
50,Ecuador,12.5,5.8,5.6,17.1,17.7,152.3,0.7,2022
51,Kuwait,12.3,3.4,5.0,29.2,19.8,103.5,1.0,2022
52,Portugal,12.2,4.9,5.9,20.5,16.9,75.4,1.3,2022
53,Lebanon,12.2,5.9,6.1,16.9,16.4,116.0,0.9,2022
54,Egypt,12.0,5.9,6.5,16.9,15.3,165.2,0.6,2022
55,Georgia,12.0,5.8,6.6,17.2,15.1,155.1,0.6,2022
56,Tunisia,11.7,4.8,4.8,20.8,20.8,131.5,0.8,2022
57,Slovenia,11.5,3.5,3.7,28.5,26.9,73.9,1.4,2022
58,Poland,11.2,3.9,4.3,25.5,23.3,80.5,1.2,2022
59,Panama,11.2,8.1,7.6,12.4,13.2,93.4,1.1,2022
60,Slovakia,11.2,4.3,4.5,23.4,22.2,63.8,1.6,2022
61,Japan,11.0,2.3,2.7,42.8,36.6,63.2,1.6,2022
62,Lithuania,11.0,3.7,4.0,27.1,24.9,68.7,1.5,2022
63,Ukraine,10.9,6.1,6.6,16.4,15.2,193.7,0.5,2022
64,Kosovo (Disputed Territory),10.9,4.6,5.1,21.7,19.8,83.1,1.2,2022
65,Hungary,10.9,3.8,4.1,26.2,24.2,85.8,1.2,2022
66,Bosnia And Herzegovina,10.8,3.3,3.2,30.0,30.9,76.4,1.3,2022
67,Austria,10.7,3.2,3.4,31.7,29.7,65.0,1.5,2022
68,Costa Rica,10.6,5.7,5.5,17.7,18.0,117.7,0.8,2022
69,Kazakhstan,10.5,7.2,7.0,13.9,14.4,156.0,0.6,2022
70,Romania,10.4,4.4,4.4,22.9,22.5,87.2,1.1,2022
71,Moldova,10.3,6.3,6.9,15.8,14.6,108.5,0.9,2022
72,Turkey,10.3,5.7,5.2,17.7,19.1,187.0,0.5,2022
73,India,10.2,3.1,3.7,32.3,26.9,106.3,0.9,2022
74,Greece,10.1,4.5,4.5,22.1,22.2,75.8,1.3,2022
75,Bolivia,10.0,6.3,6.1,15.9,16.4,103.1,1.0,2022
76,France,9.9,2.8,3.1,35.8,32.0,57.4,1.7,2022
77,Malaysia,9.8,3.7,4.0,27.1,24.9,72.0,1.4,2022
78,Mauritius,9.7,7.2,5.8,13.9,17.3,90.6,1.1,2022
79,Honduras,9.6,7.2,5.3,13.8,19.0,121.1,0.8,2022
80,Estonia,9.3,3.8,4.2,26.4,24.0,58.9,1.7,2022
81,Iraq,9.1,5.7,7.4,17.6,13.5,103.0,1.0,2022
82,Germany,8.9,3.0,3.3,32.9,30.2,53.1,1.9,2022
83,United Kingdom,8.9,3.9,4.3,25.9,23.4,59.6,1.7,2022
84,Spain,8.8,4.4,5.1,22.7,19.6,54.7,1.8,2022
85,Mexico,8.7,7.7,7.2,13.0,13.8,108.0,0.9,2022
86,Italy,8.6,4.1,4.9,24.5,20.2,51.4,1.9,2022
87,Trinidad And Tobago,8.5,7.1,6.2,14.2,16.1,72.1,1.4,2022
88,Switzerland,8.3,2.9,3.2,34.2,31.1,47.5,2.1,2022
89,Latvia,8.1,4.2,5.3,24.0,18.8,52.1,1.9,2022
90,Norway,8.0,3.6,4.1,27.7,24.2,52.0,1.9,2022
91,Jordan,8.0,6.0,6.2,16.5,16.0,77.8,1.3,2022
92,New Zealand,8.0,4.6,5.0,21.9,19.9,57.3,1.7,2022
93,Finland,7.9,3.2,4.2,30.9,23.7,45.4,2.2,2022
94,Sweden,7.8,3.2,3.8,31.0,26.4,49.6,2.0,2022
95,Bulgaria,7.7,5.1,5.7,19.8,17.6,53.0,1.9,2022
96,Canada,7.5,4.7,5.4,21.2,18.4,51.0,2.0,2022
97,Australia,7.2,4.1,4.7,24.4,21.3,50.0,2.0,2022
98,Netherlands,7.2,5.2,5.3,19.2,18.9,43.4,2.3,2022
99,Belgium,7.1,4.6,4.8,21.7,20.9,41.7,2.4,2022
100,Denmark,6.8,4.0,4.3,25.1,23.3,39.5,2.5,2022
101,Bahrain,6.6,8.5,8.5,11.8,11.7,59.1,1.7,2022
102,Ireland,6.5,6.4,7.5,15.7,13.4,44.8,2.2,2022
103,Cyprus,6.4,7.0,8.0,14.3,12.5,40.7,2.5,2022
104,Iceland,6.4,6.2,6.8,16.3,14.8,49.9,2.0,2022
105,Qatar,6.2,8.0,6.8,12.6,14.7,45.9,2.2,2022
106,Palestine,4.9,7.7,8.2,13.0,12.3,46.2,2.2,2022
107,Oman,4.6,6.8,6.1,14.7,16.4,35.6,2.8,2022
108,United Arab Emirates,4.4,12.1,10.5,8.3,9.5,32.4,3.1,2022
109,Puerto Rico,4.0,7.2,7.2,13.8,14.0,31.2,3.2,2022
110,United States,4.0,8.0,10.8,12.5,9.3,28.5,3.5,2022
111,South Africa,3.1,10.9,11.8,9.2,8.5,34.1,2.9,2022
112,Saudi Arabia,2.8,7.3,7.1,13.8,14.1,20.5,4.9,2022
1,Syria,86.7,3.1,3.7,32.2,27.3,1089.3,0.1,2023
2,Ghana,78.6,17.0,0.4,5.9,255.1,1937.5,0.1,2023
3,Hong Kong (China),44.9,1.7,1.7,58.6,58.8,286.8,0.3,2023
4,Sri Lanka,40.8,3.3,2.1,30.4,46.7,663.5,0.2,2023
5,China,34.6,1.6,1.6,60.9,63.4,275.1,0.4,2023
6,Nepal,32.8,1.7,2.5,59.2,40.7,444.5,0.2,2023
7,Cambodia,32.5,4.8,5.1,20.9,19.6,398.7,0.3,2023
8,Philippines,30.1,3.5,3.7,28.8,26.9,287.7,0.3,2023
9,Nigeria,28.2,29.4,15.7,3.4,6.4,507.8,0.2,2023
10,Ethiopia,26.4,10.9,6.8,9.1,14.8,445.7,0.2,2023
11,South Korea,26.0,0.9,1.0,115.1,98.6,182.2,0.5,2023
12,Iran,24.4,5.9,6.3,16.9,16.0,508.0,0.2,2023
13,Thailand,24.0,3.2,3.1,31.5,32.5,195.2,0.5,2023
14,Vietnam,23.5,3.3,3.8,30.1,26.6,271.0,0.4,2023
15,Argentina,22.7,2.4,2.3,41.1,43.8,1058.3,0.1,2023
16,Taiwan (China),20.1,1.5,1.7,64.9,57.6,119.4,0.8,2023
17,Peru,19.0,4.8,4.5,20.6,22.2,203.8,0.5,2023
18,Venezuela,18.9,7.9,6.2,12.6,16.2,471.6,0.2,2023
19,Indonesia,18.5,4.1,4.8,24.2,20.8,207.9,0.5,2023
20,Brazil,18.3,3.9,4.1,25.6,24.3,206.3,0.5,2023
21,Lebanon,18.3,5.6,6.5,17.9,15.5,197.7,0.5,2023
22,Mongolia,17.6,5.0,5.7,20.0,17.6,180.8,0.6,2023
23,Colombia,17.5,4.8,4.8,21.0,21.0,222.1,0.5,2023
24,Armenia,17.2,8.5,11.8,11.8,8.4,232.8,0.4,2023
25,Russia,16.3,3.9,3.8,25.3,26.6,194.6,0.5,2023
26,Kenya,16.0,3.5,4.6,28.5,21.7,216.9,0.5,2023
27,Algeria,16.0,3.4,3.7,29.6,27.1,143.2,0.7,2023
28,Serbia,15.9,3.9,4.0,25.8,25.1,115.8,0.9,2023
29,Dominican Republic,15.8,7.9,5.5,12.7,18.2,210.0,0.5,2023
30,Albania,15.7,4.3,5.2,23.1,19.1,122.3,0.8,2023
31,Chile,15.6,4.5,4.4,22.3,22.7,130.4,0.8,2023
32,Singapore,15.5,3.3,4.7,30.4,21.3,100.7,1.0,2023
33,Czech Republic,14.9,3.0,3.0,33.7,32.9,118.5,0.8,2023
34,Hungary,14.6,3.2,3.4,31.3,29.4,134.6,0.7,2023
35,Azerbaijan,14.5,4.7,5.2,21.1,19.1,158.8,0.6,2023
36,Kyrgyzstan,14.3,8.8,6.7,11.4,15.0,249.9,0.4,2023
37,Morocco,14.2,4.6,5.0,21.7,19.8,111.2,0.9,2023
38,Kosovo (Disputed Territory),14.1,4.1,5.6,24.2,18.0,110.2,0.9,2023
39,Uzbekistan,14.1,8.2,10.7,12.2,9.4,291.1,0.3,2023
40,Israel,14.1,2.8,2.9,35.1,34.5,98.5,1.0,2023
41,Pakistan,13.9,4.7,5.3,21.4,18.9,201.1,0.5,2023
42,Belarus,13.8,4.8,4.9,20.9,20.4,272.9,0.4,2023
43,Uruguay,13.7,4.1,4.8,24.4,20.7,156.9,0.6,2023
44,Georgia,13.3,10.0,12.1,10.0,8.3,177.4,0.6,2023
45,Poland,13.3,3.7,4.4,27.2,23.0,122.6,0.8,2023
46,North Macedonia,13.3,3.5,3.4,28.8,29.5,103.0,1.0,2023
47,Slovakia,13.2,3.8,3.9,26.0,25.8,77.3,1.3,2023
48,Croatia,13.2,3.2,3.2,31.7,31.2,91.3,1.1,2023
49,Montenegro,13.1,5.3,5.1,18.8,19.6,104.6,1.0,2023
50,Lithuania,12.7,4.0,4.0,25.3,25.2,80.6,1.2,2023
51,Turkey,12.6,5.6,6.1,17.8,16.5,267.7,0.4,2023
52,Portugal,12.6,5.4,6.0,18.4,16.7,78.0,1.3,2023
53,Bangladesh,12.6,3.2,3.6,31.3,28.0,139.4,0.7,2023
54,Ukraine,12.2,5.8,5.9,17.3,17.1,194.1,0.5,2023
55,Moldova,12.1,5.3,6.1,18.7,16.3,139.6,0.7,2023
56,Slovenia,12.1,3.6,3.7,28.1,26.7,77.3,1.3,2023
57,Malta,12.1,5.3,5.6,18.8,18.0,88.7,1.1,2023
58,Egypt,12.0,6.8,7.0,14.7,14.3,162.0,0.6,2023
59,Guatemala,11.9,7.9,8.2,12.6,12.3,121.4,0.8,2023
60,Tunisia,11.9,4.9,4.9,20.5,20.3,144.8,0.7,2023
61,Estonia,11.8,3.4,3.7,29.1,26.9,73.8,1.4,2023
62,France,11.8,2.8,2.9,36.2,34.0,68.6,1.5,2023
63,Greece,11.5,4.3,4.5,23.1,22.5,85.7,1.2,2023
64,Kuwait,11.5,3.1,4.7,32.5,21.2,90.7,1.1,2023
65,Luxembourg,11.5,3.0,3.3,33.5,30.6,69.0,1.4,2023
66,Bosnia And Herzegovina,11.4,2.9,2.9,34.7,34.5,79.5,1.3,2023
67,Ecuador,11.1,6.4,5.4,15.7,18.7,126.5,0.8,2023
68,Romania,10.9,4.0,4.1,24.9,24.4,95.4,1.0,2023
69,Germany,10.7,2.8,2.9,35.9,34.6,65.9,1.5,2023
70,Bolivia,10.5,5.7,5.9,17.5,16.9,99.7,1.0,2023
71,Austria,10.3,2.9,3.3,34.0,30.4,62.1,1.6,2023
72,Japan,10.3,2.5,2.8,40.7,35.7,59.1,1.7,2023
73,Panama,10.2,9.1,8.1,11.0,12.3,86.9,1.2,2023
74,Sweden,9.9,2.8,3.4,36.0,29.1,61.7,1.6,2023
75,Kazakhstan,9.7,8.8,8.4,11.4,12.0,148.3,0.7,2023
76,Switzerland,9.7,2.8,3.2,35.9,31.2,56.1,1.8,2023
77,Italy,9.7,3.9,4.9,25.5,20.2,57.5,1.7,2023
78,Costa Rica,9.5,6.5,6.6,15.3,15.3,106.6,0.9,2023
79,Canada,9.4,3.7,4.3,27.0,23.0,77.6,1.3,2023
80,India,9.2,3.2,4.2,31.6,23.9,94.9,1.1,2023
81,Bulgaria,9.2,4.5,5.0,22.4,20.0,62.9,1.6,2023
82,New Zealand,9.0,4.0,4.3,25.1,23.3,67.6,1.5,2023
83,Honduras,8.9,7.4,5.8,13.4,17.3,117.7,0.8,2023
84,Mexico,8.4,7.8,7.4,12.7,13.5,104.6,1.0,2023
85,United Kingdom,8.3,4.4,4.6,22.5,21.8,56.4,1.8,2023
86,Norway,8.1,3.6,4.0,27.9,24.9,53.3,1.9,2023
87,Iraq,8.1,6.5,7.9,15.4,12.7,89.7,1.1,2023
88,Latvia,8.1,4.3,5.0,23.1,20.1,51.3,1.9,2023
89,Malaysia,8.1,4.4,5.0,22.9,20.1,58.1,1.7,2023
90,Finland,7.8,3.3,4.4,30.0,22.7,44.9,2.2,2023
91,Spain,7.8,4.8,6.2,20.7,16.2,48.5,2.1,2023
92,Australia,7.5,4.6,4.8,21.8,20.9,54.7,1.8,2023
93,Jordan,7.4,5.8,6.7,17.2,14.8,72.5,1.4,2023
94,Ireland,7.3,6.8,8.1,14.7,12.3,50.2,2.0,2023
95,Netherlands,7.2,4.7,5.1,21.3,19.5,45.1,2.2,2023
96,Iceland,7.0,5.4,6.0,18.6,16.5,57.1,1.8,2023
97,Cyprus,6.8,9.4,10.2,10.7,9.8,44.2,2.3,2023
98,Denmark,6.6,4.4,4.6,22.7,21.9,38.8,2.6,2023
99,Belgium,6.5,4.7,4.8,21.1,20.7,39.0,2.6,2023
100,Palestine,5.6,7.6,8.1,13.2,12.3,50.6,2.0,2023
101,Qatar,5.3,7.7,7.8,13.0,12.9,38.4,2.6,2023
102,Puerto Rico,4.5,10.9,9.4,9.2,10.6,34.8,2.9,2023
103,United States,4.5,8.2,9.6,12.2,10.4,36.4,2.8,2023
104,Oman,3.6,7.2,6.8,13.9,14.6,28.0,3.6,2023
105,South Africa,3.4,9.9,11.2,10.1,8.9,36.0,2.8,2023
106,Saudi Arabia,3.0,6.9,7.2,14.5,13.9,22.0,4.5,2023
107,United Arab Emirates,3.0,12.2,10.4,8.2,9.6,20.8,4.8,2023
1,Syria,101.9,2.9,3.6,34.2,27.8,1365.8,0.1,2024
2,Ethiopia,43.1,6.8,4.7,14.6,21.4,719.3,0.1,2024
3,Cameroon,42.9,8.8,10.6,11.3,9.4,790.7,0.1,2024
4,Sri Lanka,36.0,3.6,2.3,27.4,44.3,662.0,0.2,2024
5,Nepal,35.2,1.9,2.1,53.5,47.0,518.3,0.2,2024
6,Hong Kong (China),32.1,1.8,2.0,54.2,50.5,230.6,0.4,2024
7,China,29.6,1.7,1.7,59.2,60.5,228.9,0.4,2024
8,Lebanon,27.4,4.8,5.6,20.8,18.0,312.3,0.3,2024
9,Philippines,27.0,2.9,3.2,34.1,31.7,257.0,0.4,2024
10,Thailand,26.5,3.1,3.2,32.6,31.7,216.1,0.5,2024
11,Vietnam,23.7,3.1,3.7,32.2,27.1,281.5,0.4,2024
12,Iran,22.4,5.5,6.0,18.3,16.7,497.4,0.2,2024
13,Argentina,21.1,3.0,2.7,33.9,36.7,1155.4,0.1,2024
14,South Korea,19.9,1.2,1.1,83.3,87.1,150.2,0.7,2024
15,Taiwan,19.5,1.3,1.6,74.5,60.7,115.7,0.9,2024
16,Indonesia,18.9,4.6,5.2,21.5,19.2,208.4,0.5,2024
17,Peru,18.9,5.4,4.7,18.6,21.2,222.8,0.4,2024
18,Colombia,18.7,4.8,4.7,20.9,21.4,272.3,0.4,2024
19,Chile,17.5,4.3,3.6,23.5,28.1,141.9,0.7,2024
20,Algeria,17.2,3.1,3.3,32.7,30.4,153.6,0.7,2024
21,Armenia,17.0,6.3,8.6,15.9,11.6,250.6,0.4,2024
22,Serbia,16.8,4.1,4.2,24.5,23.8,155.4,0.6,2024
23,Brazil,16.5,4.5,4.4,22.3,22.7,201.5,0.5,2024
24,Egypt,16.2,6.4,8.3,15.6,12.1,229.4,0.4,2024
25,Russia,16.1,4.2,4.3,24.0,23.3,203.8,0.5,2024
26,Morocco,15.9,4.8,4.7,21.0,21.3,125.4,0.8,2024
27,Mongolia,15.7,7.2,7.8,13.9,12.9,140.8,0.7,2024
28,Dominican Republic,15.5,7.4,5.6,13.5,17.8,214.4,0.5,2024
29,Venezuela,15.2,8.2,6.4,12.3,15.6,410.9,0.2,2024
30,Ukraine,15.0,5.2,5.3,19.4,18.8,258.2,0.4,2024
31,Singapore,14.9,3.3,3.6,30.4,27.6,102.6,1.0,2024
32,North Macedonia,14.8,3.4,3.4,29.3,29.7,117.9,0.8,2024
33,Kosovo (Disputed Territory),14.6,4.3,5.2,23.3,19.1,116.8,0.9,2024
34,Slovakia,14.5,3.3,3.4,30.3,29.2,106.2,0.9,2024
35,Azerbaijan,14.4,5.3,5.6,19.0,17.8,158.6,0.6,2024
36,Israel,14.2,3.2,3.2,30.9,31.7,103.9,1.0,2024
37,Albania,14.1,4.8,5.5,20.9,18.3,114.5,0.9,2024
38,Kyrgyzstan,14.0,9.6,9.3,10.4,10.7,256.7,0.4,2024
39,Hungary,13.8,3.3,3.5,30.6,28.6,150.8,0.7,2024
40,Belarus,13.7,4.7,4.8,21.3,20.7,255.9,0.4,2024
41,Greece,13.6,3.9,3.9,25.5,25.9,102.8,1.0,2024
42,Tunisia,13.4,4.8,4.7,21.0,21.3,169.9,0.6,2024
43,Croatia,13.4,3.3,3.6,29.9,28.1,98.6,1.0,2024
44,India,13.3,2.7,3.2,36.9,31.7,141.8,0.7,2024
45,Georgia,13.0,8.5,10.1,11.7,9.9,170.1,0.6,2024
46,Czech Republic,12.9,4.1,4.0,24.5,24.9,109.1,0.9,2024
47,Bolivia,12.8,5.7,5.4,17.5,18.6,121.4,0.8,2024
48,Bangladesh,12.7,3.1,3.1,32.6,32.3,140.7,0.7,2024
49,Portugal,12.6,6.4,7.2,15.6,13.8,95.3,1.0,2024
50,Uzbekistan,12.6,9.2,11.1,10.9,9.0,279.1,0.4,2024
51,Bosnia And Herzegovina,12.5,2.6,2.8,38.3,35.8,88.2,1.1,2024
52,Pakistan,12.5,4.5,4.9,22.2,20.5,233.5,0.4,2024
53,Turkey,12.5,6.1,6.9,16.3,14.6,385.6,0.3,2024
54,Montenegro,12.3,6.3,6.1,15.8,16.4,105.7,0.9,2024
55,France,12.3,2.6,2.9,38.8,34.9,85.7,1.2,2024
56,Poland,12.2,4.3,4.6,23.5,21.7,113.2,0.9,2024
57,Kenya,12.1,7.1,4.8,14.1,20.7,169.3,0.6,2024
58,Moldova,11.5,5.8,6.3,17.1,15.9,156.6,0.6,2024
59,Malta,11.4,5.3,5.4,18.8,18.6,88.5,1.1,2024
60,Ecuador,11.3,6.1,5.3,16.5,19.0,132.8,0.8,2024
61,Slovenia,11.2,3.7,3.8,27.1,26.4,75.4,1.3,2024
62,Panama,11.1,8.7,8.9,11.4,11.2,97.2,1.0,2024
63,Lithuania,11.1,3.8,4.2,26.4,23.6,80.0,1.3,2024
64,Switzerland,11.1,2.7,2.8,37.7,35.1,70.3,1.4,2024
65,Romania,11.0,4.5,4.6,22.4,22.0,103.0,1.0,2024
66,Canada,11.0,3.9,4.9,25.7,20.2,102.7,1.0,2024
67,Australia,11.0,3.7,3.7,26.7,26.8,98.2,1.0,2024
68,Austria,11.0,3.1,3.3,32.7,30.5,75.2,1.3,2024
69,Italy,10.7,4.2,4.7,24.0,21.2,83.8,1.2,2024
70,Mexico,10.7,7.7,7.5,13.0,13.2,135.6,0.7,2024
71,New Zealand,10.5,3.4,3.5,29.1,29.0,97.1,1.0,2024
72,Kazakhstan,10.4,8.4,8.4,11.9,11.9,176.8,0.6,2024
73,Uruguay,10.3,4.7,5.3,21.1,19.0,105.3,1.0,2024
74,Estonia,10.2,3.5,3.8,28.6,26.6,74.6,1.3,2024
75,Japan,10.0,2.4,2.5,41.0,39.5,59.9,1.7,2024
76,United Kingdom,9.9,4.3,4.6,23.2,21.7,84.3,1.2,2024
77,Germany,9.8,3.4,3.1,29.2,31.9,71.6,1.4,2024
78,Latvia,9.4,4.0,4.5,25.0,22.3,67.3,1.5,2024
79,Costa Rica,9.4,7.0,8.0,14.2,12.5,105.6,0.9,2024
80,Luxembourg,9.1,3.2,3.6,31.1,28.1,56.7,1.8,2024
81,Bulgaria,8.9,4.6,5.2,21.6,19.4,69.5,1.4,2024
82,Malaysia,8.5,4.1,4.9,24.5,20.2,62.1,1.6,2024
83,Honduras,8.5,8.5,6.9,11.7,14.4,111.9,0.9,2024
84,Finland,8.3,3.1,3.8,32.5,26.3,55.9,1.8,2024
85,Sweden,8.1,3.7,4.5,26.7,22.3,63.0,1.6,2024
86,Cyprus,8.1,6.9,7.2,14.5,14.0,56.7,1.8,2024
87,Iraq,8.0,6.4,8.3,15.6,12.1,91.5,1.1,2024
88,Norway,7.8,3.9,4.2,25.3,23.9,56.3,1.8,2024
89,Kuwait,7.7,3.5,4.8,28.3,21.0,61.3,1.6,2024
90,Jordan,7.5,5.7,6.5,17.5,15.3,73.9,1.4,2024
91,Ireland,7.5,7.4,8.4,13.6,12.0,56.0,1.8,2024
92,Spain,7.4,6.0,7.3,16.7,13.8,51.7,1.9,2024
93,Netherlands,7.4,5.0,5.6,19.9,17.8,55.0,1.8,2024
94,Denmark,6.8,4.3,4.5,23.1,22.1,48.3,2.1,2024
95,Belgium,6.8,4.7,4.8,21.4,20.7,46.5,2.2,2024
96,Qatar,6.7,5.9,5.1,17.0,19.5,51.9,1.9,2024
97,Palestine,6.3,7.5,7.6,13.3,13.1,61.8,1.6,2024
98,Iceland,5.6,5.9,6.5,17.1,15.4,53.7,1.9,2024
99,United Arab Emirates,4.2,12.3,11.3,8.1,8.9,31.4,3.2,2024
100,United States,4.1,8.1,9.6,12.3,10.4,36.8,2.7,2024
101,Puerto Rico,3.8,11.8,9.7,8.5,10.3,29.3,3.4,2024
102,South Africa,3.3,10.3,10.0,9.7,10.0,41.5,2.4,2024
103,Saudi Arabia,3.2,6.7,7.0,14.9,14.3,24.2,4.1,2024
104,Oman,3.1,7.2,7.9,13.8,12.6,23.9,4.2,2024
1,Cuba,48.9,24.4,28.3,4.1,3.5,526.7,0.2,2025
2,Cameroon,46.7,9.1,10.5,11.0,9.6,909.8,0.1,2025
3,Nepal,36.9,1.6,1.6,64.0,61.9,490.9,0.2,2025
4,Hong Kong (China),28.5,2.0,2.2,49.3,44.5,207.4,0.5,2025
5,Vietnam,27.3,2.9,3.6,34.7,28.0,302.6,0.3,2025
6,China,25.2,1.6,2.0,61.5,50.1,184.3,0.5,2025
7,Philippines,24.3,2.8,3.2,35.8,31.0,229.7,0.4,2025
8,Thailand,23.8,3.1,3.1,32.7,32.0,199.0,0.5,2025
9,Taiwan,23.5,1.3,1.4,79.4,71.5,144.7,0.7,2025
10,South Korea,23.4,1.1,1.1,88.1,93.4,173.5,0.6,2025
11,Singapore,22.4,3.1,3.2,32.2,31.4,149.7,0.7,2025
12,Armenia,20.9,4.4,6.0,22.5,16.5,340.0,0.3,2025
13,Egypt,20.9,5.0,5.2,19.9,19.2,355.8,0.3,2025
14,El Salvador,19.3,6.0,8.6,16.5,11.7,209.4,0.5,2025
15,Mauritius,19.2,3.2,3.0,31.7,33.7,165.2,0.6,2025
16,Iran,18.7,5.9,6.6,16.9,15.0,432.6,0.2,2025
17,Colombia,17.4,5.1,5.5,19.7,18.1,239.6,0.4,2025
18,Peru,16.9,5.6,3.8,17.8,26.4,203.7,0.5,2025
19,Azerbaijan,16.8,4.9,5.0,20.4,19.9,180.6,0.6,2025
20,Algeria,16.5,2.8,3.0,35.2,33.4,143.1,0.7,2025
21,Albania,16.3,4.9,5.7,20.3,17.4,135.1,0.7,2025
22,Indonesia,16.3,6.7,6.5,14.9,15.4,180.8,0.6,2025
23,Venezuela,16.1,7.7,6.8,13.1,14.8,350.6,0.3,2025
24,Serbia,15.8,3.7,3.9,27.0,25.6,146.9,0.7,2025
25,Paraguay,15.6,5.7,5.4,17.4,18.4,179.5,0.6,2025
26,Russia,15.5,4.4,4.3,22.9,23.5,270.1,0.4,2025
27,Dominican Republic,15.2,6.4,5.0,15.5,19.9,216.4,0.5,2025
28,Argentina,15.2,4.8,4.6,20.8,21.9,996.2,0.1,2025
29,Uruguay,15.2,4.2,3.7,23.7,27.2,135.4,0.7,2025
30,Brazil,15.1,4.7,4.6,21.3,21.6,189.8,0.5,2025
31,Moldova,15.0,6.1,5.8,16.3,17.4,164.8,0.6,2025
32,Chile,15.0,4.6,3.9,21.7,25.8,119.5,0.8,2025
33,Portugal,14.6,5.7,5.8,17.5,17.2,114.1,0.9,2025
34,Kyrgyzstan,14.6,7.3,8.0,13.7,12.6,302.1,0.3,2025
35,Pakistan,14.3,4.4,4.1,22.7,24.1,277.4,0.4,2025
36,Lebanon,13.8,6.7,6.7,14.9,14.9,170.9,0.6,2025
37,Mongolia,13.7,8.5,9.0,11.7,11.1,117.9,0.8,2025
38,Czech Republic,13.6,3.3,3.7,29.9,27.4,111.8,0.9,2025
39,Uzbekistan,13.6,7.4,8.5,13.5,11.8,309.4,0.3,2025
40,Hungary,13.6,3.3,3.6,30.1,28.0,129.6,0.8,2025
41,Morocco,13.5,5.5,5.0,18.2,19.9,107.1,0.9,2025
42,Slovenia,13.4,3.6,3.6,27.8,27.6,95.6,1.0,2025
43,Israel,13.2,2.7,2.8,36.6,35.9,104.4,1.0,2025
44,Bosnia And Herzegovina,13.2,2.9,2.9,34.8,34.4,101.7,1.0,2025
45,Slovakia,13.2,3.6,3.8,28.0,26.5,98.3,1.0,2025
46,Greece,13.1,3.6,3.5,27.7,28.5,100.3,1.0,2025
47,Kosovo (Disputed Territory),13.1,3.7,4.3,26.8,23.5,97.0,1.0,2025
48,Ukraine,12.9,5.4,5.4,18.7,18.5,235.9,0.4,2025
49,Belarus,12.6,5.0,5.0,20.1,19.9,200.3,0.5,2025
50,Montenegro,12.6,5.3,5.2,18.8,19.2,105.2,1.0,2025
51,Bolivia,12.6,7.0,6.1,14.3,16.4,121.1,0.8,2025
52,North Macedonia,12.5,3.4,3.6,29.2,28.0,97.3,1.0,2025
53,Croatia,12.1,3.4,3.6,29.5,27.7,90.8,1.1,2025
54,Tunisia,12.0,5.0,5.9,19.9,17.0,152.2,0.7,2025
55,Georgia,12.0,8.1,8.3,12.4,12.0,158.7,0.6,2025
56,Austria,11.8,2.8,3.1,35.3,32.7,83.4,1.2,2025
57,India,11.7,2.7,3.2,37.0,31.0,126.1,0.8,2025
58,Mexico,11.6,7.3,7.4,13.7,13.5,148.4,0.7,2025
59,Bangladesh,11.5,3.2,3.1,31.7,32.2,134.4,0.7,2025
60,Japan,11.3,2.3,2.7,43.5,37.4,67.7,1.5,2025
61,Estonia,11.1,3.3,3.4,29.9,29.1,87.1,1.1,2025
62,Lithuania,11.1,3.8,3.8,26.6,26.3,83.1,1.2,2025
63,Ecuador,11.0,6.2,5.4,16.3,18.6,132.4,0.8,2025
64,Panama,11.0,10.0,10.4,10.0,9.6,96.6,1.0,2025
65,Poland,10.9,4.0,4.4,24.9,22.8,101.2,1.0,2025
66,Malta,10.8,5.8,5.8,17.3,17.1,83.3,1.2,2025
67,Switzerland,10.7,2.5,2.6,39.6,38.1,67.7,1.5,2025
68,Romania,10.4,4.1,4.2,24.1,23.9,95.5,1.0,2025
69,Costa Rica,9.9,6.9,8.7,14.5,11.5,118.8,0.8,2025
70,France,9.9,3.1,3.5,32.7,28.9,69.8,1.4,2025
71,Turkey,9.7,7.0,8.1,14.4,12.4,412.3,0.2,2025
72,Kazakhstan,9.7,8.2,7.8,12.2,12.9,179.2,0.6,2025
73,Luxembourg,9.6,3.5,3.8,28.4,26.1,64.9,1.5,2025
74,Canada,9.4,4.4,5.3,22.8,18.8,83.3,1.2,2025
75,Bulgaria,9.1,4.3,4.6,23.4,21.7,65.8,1.5,2025
76,Italy,9.0,4.4,5.2,23.0,19.1,68.1,1.5,2025
77,Malaysia,8.9,4.3,4.9,23.1,20.3,65.9,1.5,2025
78,United Kingdom,8.7,4.7,4.8,21.1,21.0,73.4,1.4,2025
79,Spain,8.6,5.1,6.2,19.6,16.1,60.2,1.7,2025
80,Latvia,8.6,3.9,4.2,26.0,23.6,64.0,1.6,2025
81,Germany,8.5,3.6,3.5,27.7,28.8,61.7,1.6,2025
82,Norway,8.5,3.5,4.1,28.8,24.6,64.6,1.5,2025
83,Australia,8.4,4.3,4.4,23.3,22.6,74.0,1.4,2025
84,Iraq,8.3,5.4,7.0,18.5,14.3,84.9,1.2,2025
85,United Arab Emirates,8.3,5.9,7.5,16.8,13.4,63.2,1.6,2025
86,Cyprus,8.2,6.5,7.1,15.4,14.0,62.0,1.6,2025
87,Sweden,8.2,3.2,3.8,31.7,26.5,62.5,1.6,2025
88,Finland,7.8,3.1,3.9,31.8,25.3,55.8,1.8,2025
89,Iceland,7.7,5.9,6.1,17.1,16.3,88.9,1.1,2025
90,New Zealand,7.6,4.6,4.6,21.9,21.7,68.8,1.5,2025
91,Jordan,7.5,6.2,6.3,16.2,15.8,73.2,1.4,2025
92,Netherlands,7.4,5.2,5.5,19.4,18.0,55.3,1.8,2025
93,Kuwait,7.1,3.3,5.3,30.6,19.0,59.6,1.7,2025
94,Ireland,6.8,7.7,8.0,12.9,12.5,51.6,1.9,2025
95,Belgium,6.6,4.7,5.1,21.4,19.6,46.6,2.1,2025
96,Palestine,6.5,7.6,7.5,13.1,13.3,61.4,1.6,2025
97,Qatar,6.2,6.8,6.0,14.8,16.7,51.0,2.0,2025
98,Denmark,6.1,4.6,4.9,21.9,20.5,45.3,2.2,2025
99,Puerto Rico,5.0,5.9,7.4,16.9,13.5,41.4,2.4,2025
100,Saudi Arabia,3.5,5.7,7.2,17.4,13.8,27.1,3.7,2025
101,United States,3.4,11.3,11.1,8.8,9.0,30.8,3.2,2025
102,South Africa,3.3,10.4,10.8,9.6,9.2,42.5,2.4,2025
103,Oman,2.8,7.8,7.6,12.9,13.1,22.1,4.5,2025
