rank,country,traffic_index,time_index_in_minutes,time_exp_index,inefficiency_index,co2_emission_index,Year
1,Iran,328.2,73.5,38296.2,351.3,9714.0,2012
2,Singapore,274.7,66.2,24680.0,247.6,7592.5,2012
3,Bangladesh,269.8,61.7,17931.9,480.8,16403.3,2012
4,Egypt,242.4,59.0,14613.3,269.9,12742.0,2012
5,Hong Kong,241.0,62.0,18377.3,200.6,5143.3,2012
6,Philippines,208.9,54.9,10307.9,290.4,7538.0,2012
7,Turkey,188.7,54.2,9697.4,192.4,2944.4,2012
8,India,174.3,48.3,5274.7,300.9,7796.9,2012
9,Russia,163.1,47.8,4979.3,173.2,5970.7,2012
10,Israel,162.3,46.6,4287.1,206.3,7709.0,2012
11,Argentina,153.0,45.4,3675.7,184.0,6696.0,2012
12,United Kingdom,146.3,44.2,3108.4,374.6,4379.4,2012
13,Colombia,137.8,44.0,3036.4,276.0,2934.0,2012
14,Japan,133.7,46.5,4233.9,140.4,640.0,2012
15,Canada,126.2,40.4,1741.7,211.6,5210.5,2012
16,Thailand,125.1,38.8,1281.1,142.2,8977.5,2012
17,Chile,122.6,41.6,2123.1,136.9,3222.8,2012
18,Indonesia,117.3,36.7,831.5,233.9,7980.0,2012
19,Ecuador,117.2,43.0,2626.4,78.1,1200.0,2012
20,Greece,110.2,38.2,1155.1,149.2,3981.4,2012
21,South Africa,108.9,34.5,489.2,174.0,9177.0,2012
22,United States,108.9,36.4,775.4,163.5,6098.8,2012
23,Australia,107.1,37.1,911.9,159.1,4455.9,2012
24,Italy,106.9,37.8,1062.5,124.6,3863.4,2012
25,Croatia,103.0,37.0,895.1,163.7,3244.5,2012
26,Poland,97.2,36.3,760.2,86.5,3469.1,2012
27,Lithuania,91.8,35.5,632.4,114.2,2512.5,2012
28,Malaysia,89.4,32.4,263.0,131.0,5162.0,2012
29,Mexico,87.8,31.3,182.4,118.6,6177.8,2012
30,Denmark,81.9,31.0,161.4,92.4,4900.0,2012
31,Germany,80.8,33.1,330.4,103.2,2238.1,2012
32,Romania,76.9,32.5,269.1,92.7,2029.4,2012
33,Ukraine,76.8,33.0,318.0,56.9,2035.5,2012
34,Brazil,76.0,30.0,109.4,85.9,4127.2,2012
35,Switzerland,68.5,30.9,154.0,81.9,1577.5,2012
36,China,66.9,29.7,95.5,65.6,2253.3,2012
37,Spain,66.9,26.5,29.2,66.4,4330.0,2012
38,Belgium,64.0,21.5,21.5,96.0,4721.5,2012
39,Portugal,63.3,28.0,47.8,58.3,2585.4,2012
40,Czech Republic,62.6,28.7,62.9,47.5,2193.5,2012
41,Serbia,62.4,25.6,26.0,120.2,2562.1,2012
42,New Zealand,62.3,25.2,25.3,67.3,3391.5,2012
43,Austria,60.4,23.0,23.0,91.0,3203.3,2012
44,United Arab Emirates,57.6,17.0,17.0,92.4,4344.7,2012
45,Netherlands,57.1,26.8,32.0,63.8,1650.0,2012
46,Bulgaria,56.2,26.3,28.5,33.7,2106.7,2012
47,Georgia,54.9,20.0,20.0,48.4,3303.3,2012
48,Sweden,54.6,23.0,23.0,43.7,2440.0,2012
49,Saudi Arabia,53.9,15.8,15.8,60.3,4189.5,2012
50,Slovenia,51.3,24.7,24.7,25.5,1650.0,2012
51,France,50.9,29.0,72.3,40.5,297.5,2012
52,Hungary,50.7,24.7,24.7,34.8,1382.0,2012
53,Norway,43.4,18.5,18.5,34.9,1291.3,2012
54,Pakistan,42.3,13.0,13.0,36.3,2320.0,2012
55,Bosnia And Herzegovina,40.1,17.0,17.0,16.8,1330.0,2012
56,Ireland,18.4,11.7,11.7,0.0,66.7,2012
1,Kenya,263.7,66.0,24276.3,223.5,4352.0,2013
2,Bangladesh,248.5,60.2,16053.5,374.8,10722.0,2013
3,Egypt,241.8,59.0,14613.3,249.9,12742.0,2013
4,Iran,230.9,58.3,13787.5,269.8,9021.0,2013
5,Indonesia,210.4,54.4,9835.2,285.6,9577.5,2013
6,India,184.9,50.6,6810.2,274.2,7411.0,2013
7,Turkey,176.7,50.5,6690.3,207.1,5399.5,2013
8,Singapore,175.0,51.1,7144.1,162.4,4259.8,2013
9,Russia,172.4,49.7,6143.3,220.8,5224.9,2013
10,Argentina,163.6,46.7,4348.5,193.7,8202.9,2013
11,Finland,162.7,49.0,5695.8,177.5,3712.5,2013
12,Philippines,162.4,46.8,4367.8,257.1,6757.5,2013
13,Israel,162.3,46.6,4287.1,206.3,7709.0,2013
14,Uruguay,157.7,50.0,6359.5,191.1,1200.0,2013
15,Japan,153.6,50.3,6567.7,134.7,684.0,2013
16,Colombia,137.8,43.6,2856.0,235.5,3872.9,2013
17,Croatia,132.9,43.9,2975.4,198.3,2511.1,2013
18,Hong Kong,132.6,43.9,2983.0,142.1,2947.5,2013
19,South Africa,127.3,38.9,1320.7,184.2,8869.4,2013
20,United States,127.1,39.5,1484.7,223.0,6986.5,2013
21,Venezuela,126.0,38.8,1281.1,163.4,8977.5,2013
22,Thailand,124.5,38.6,1237.5,139.4,9120.0,2013
23,Slovakia,121.7,41.0,1916.6,178.4,3320.0,2013
24,Malaysia,121.1,38.6,1253.2,181.2,6777.3,2013
25,Mexico,120.1,37.4,968.9,245.6,7728.3,2013
26,Canada,119.8,38.8,1282.8,206.8,5715.3,2013
27,Netherlands,117.7,38.7,1268.8,194.9,5203.0,2013
28,Ecuador,117.2,43.0,2626.4,78.1,1200.0,2013
29,Australia,116.0,39.1,1365.7,173.4,4294.8,2013
30,United Kingdom,114.9,38.7,1260.6,258.8,3637.2,2013
31,Lebanon,114.6,36.4,782.8,144.4,8778.0,2013
32,Chile,114.0,40.2,1678.2,117.1,2909.1,2013
33,Greece,113.8,38.5,1223.8,157.1,4637.5,2013
34,Ukraine,113.1,39.9,1587.9,98.9,3274.7,2013
35,Italy,112.7,38.4,1204.3,149.6,4478.0,2013
36,Taiwan,104.0,38.3,1180.9,75.6,3060.0,2013
37,Brazil,97.8,35.8,683.7,113.6,3795.4,2013
38,Panama,94.2,31.7,205.3,115.4,8423.3,2013
39,Poland,93.6,36.2,754.7,83.0,2589.9,2013
40,Armenia,91.1,35.0,557.7,74.4,3410.0,2013
41,Puerto Rico,91.0,32.5,271.6,76.9,6650.0,2013
42,Romania,90.4,34.8,536.0,125.1,2703.7,2013
43,Qatar,89.5,30.5,133.4,120.5,7980.0,2013
44,Belgium,76.1,27.3,37.3,122.0,6007.3,2013
45,Germany,74.5,31.9,222.0,89.4,2008.9,2013
46,China,72.1,30.5,133.4,82.8,2636.0,2013
47,Czech Republic,67.7,30.8,148.5,53.2,1834.0,2013
48,Mongolia,67.6,26.7,30.7,68.0,4433.3,2013
49,United Arab Emirates,66.1,24.5,24.5,91.5,4400.7,2013
50,Spain,65.9,26.4,29.0,74.0,3894.7,2013
51,Portugal,65.2,27.9,45.7,72.0,2921.1,2013
52,Austria,62.1,28.0,47.8,71.7,2106.0,2013
53,Sweden,60.1,27.9,46.0,65.6,1805.0,2013
54,Serbia,60.0,25.5,25.6,108.9,2168.4,2013
55,Lithuania,59.8,27.3,37.3,93.3,1675.0,2013
56,New Zealand,59.6,26.6,30.0,51.7,2489.4,2013
57,Denmark,55.3,22.5,22.5,61.6,2450.0,2013
58,Georgia,54.9,20.0,20.0,48.4,3303.3,2013
59,Saudi Arabia,53.9,15.8,15.8,60.3,4189.5,2013
60,Switzerland,53.5,25.9,26.5,67.3,1225.2,2013
61,Bulgaria,52.6,22.2,22.2,33.1,2383.3,2013
62,Norway,52.4,27.1,34.4,46.2,962.2,2013
63,Pakistan,50.9,16.0,16.0,50.7,3402.5,2013
64,Slovenia,50.9,24.7,24.7,22.1,1650.0,2013
65,France,50.0,28.9,69.3,42.4,238.0,2013
66,Ireland,49.5,21.0,21.0,72.4,1417.2,2013
67,Estonia,48.6,23.2,23.2,24.9,1463.7,2013
68,Hungary,48.4,22.5,22.5,36.7,1373.8,2013
69,South Korea,40.2,21.5,21.5,27.0,470.0,2013
70,Bosnia And Herzegovina,39.1,18.8,18.8,14.2,886.7,2013
1,Kenya,352.2,73.3,37940.0,284.8,4513.3,2014
2,Egypt,323.0,60.8,16848.5,336.3,13012.7,2014
3,Bangladesh,309.8,60.2,16053.5,374.8,10722.0,2014
4,Jordan,286.2,60.2,16053.5,273.8,6842.0,2014
5,Iran,261.8,54.5,9903.4,237.2,8544.4,2014
6,Philippines,230.4,49.8,6208.0,253.2,7375.6,2014
7,Turkey,229.6,51.9,7777.5,221.7,5557.0,2014
8,Russia,221.4,49.7,6150.3,217.0,6162.8,2014
9,India,213.7,47.7,4913.1,233.9,6491.8,2014
10,Israel,205.0,46.4,4167.9,184.1,6477.0,2014
11,Argentina,200.1,45.0,3485.1,192.0,6766.3,2014
12,South Africa,196.7,41.3,2015.9,201.6,9271.4,2014
13,Singapore,192.5,47.8,4970.4,143.9,3872.5,2014
14,Indonesia,187.9,41.1,1940.4,246.7,7588.9,2014
15,Venezuela,181.5,38.8,1281.1,149.1,8977.5,2014
16,Hong Kong,180.5,47.7,4917.2,185.1,2401.8,2014
17,Mexico,174.6,39.0,1333.5,213.4,7138.3,2014
18,Malaysia,174.1,38.7,1267.7,165.0,7555.3,2014
19,Brazil,172.3,43.0,2634.3,172.4,4200.4,2014
20,Colombia,172.0,46.2,4052.8,202.5,2300.8,2014
21,Ecuador,165.8,42.8,2548.9,99.4,3912.0,2014
22,Ukraine,165.4,41.9,2214.4,200.7,3878.0,2014
23,United States,164.8,37.1,920.9,187.9,6989.0,2014
24,Canada,164.2,39.2,1387.7,197.9,5426.7,2014
25,Qatar,156.4,33.4,358.8,106.6,8778.0,2014
26,Japan,154.6,47.6,4868.1,117.9,691.4,2014
27,Chile,153.9,42.1,2289.2,117.9,2817.6,2014
28,Italy,151.7,38.0,1115.7,165.6,4535.3,2014
29,Lebanon,148.7,32.4,265.4,137.8,7790.0,2014
30,Uruguay,147.6,45.0,3485.1,157.6,960.0,2014
31,Thailand,144.4,32.8,300.6,111.7,6995.5,2014
32,Mongolia,143.7,36.9,867.4,100.1,4541.4,2014
33,United Kingdom,143.4,37.7,1034.1,211.1,3486.6,2014
34,Greece,143.1,37.0,890.8,144.5,4130.0,2014
35,Australia,141.4,36.2,756.2,153.4,4253.1,2014
36,Slovakia,135.1,37.5,996.3,163.0,2833.3,2014
37,Germany,132.4,36.1,725.1,262.1,2826.5,2014
38,Georgia,129.8,38.0,1104.6,140.7,2182.0,2014
39,Netherlands,129.6,35.1,566.7,152.5,3409.4,2014
40,Kazakhstan,126.5,40.0,1613.8,46.5,1563.3,2014
41,Finland,122.8,37.0,895.1,121.9,2007.1,2014
42,Poland,120.6,35.3,604.2,98.2,2574.9,2014
43,Spain,120.4,32.0,232.9,153.9,3686.6,2014
44,Romania,118.9,33.3,347.2,132.3,3072.4,2014
45,Puerto Rico,118.6,28.4,56.2,80.8,5426.4,2014
46,United Arab Emirates,118.5,28.2,51.8,207.1,4726.4,2014
47,Hungary,118.2,34.8,534.2,118.0,2435.4,2014
48,China,117.1,31.2,171.6,116.9,3845.6,2014
49,Sweden,112.5,34.1,435.2,110.6,2212.4,2014
50,Pakistan,112.2,25.1,25.1,89.4,5265.0,2014
51,Belgium,112.0,26.0,26.8,107.1,4965.7,2014
52,Croatia,110.4,33.4,353.8,119.4,2236.9,2014
53,Saudi Arabia,107.3,23.3,23.3,95.5,4811.8,2014
54,Bulgaria,105.1,34.7,514.2,158.9,1235.9,2014
55,Belarus,103.4,24.8,24.8,69.9,4256.0,2014
56,Portugal,102.1,28.9,69.7,97.6,3020.3,2014
57,Armenia,101.9,31.4,188.7,67.8,2350.9,2014
58,Czech Republic,99.2,33.1,326.2,68.4,1583.0,2014
59,Denmark,98.3,25.0,25.0,82.6,3507.8,2014
60,Taiwan,94.7,27.6,41.0,60.9,2794.4,2014
61,Kuwait,93.6,17.0,17.0,52.5,4256.0,2014
62,Serbia,88.8,24.4,24.4,98.5,2460.9,2014
63,New Zealand,87.2,26.6,30.0,46.5,2332.7,2014
64,Syria,86.7,20.9,20.9,64.0,2832.0,2014
65,Lithuania,82.4,22.0,22.0,77.3,2202.0,2014
66,France,82.1,28.1,49.8,65.6,1506.8,2014
67,Switzerland,79.2,24.6,24.6,70.5,1701.9,2014
68,Slovenia,76.5,20.7,20.7,24.0,2155.0,2014
69,Ireland,76.5,22.5,22.5,61.8,1713.1,2014
70,South Korea,76.4,31.2,173.7,78.1,536.0,2014
71,Estonia,72.0,24.7,24.7,25.2,1391.7,2014
72,Norway,71.6,24.5,24.5,41.9,1270.9,2014
73,Austria,70.7,24.5,24.5,50.9,1165.0,2014
74,Bosnia And Herzegovina,63.1,22.6,22.6,35.7,886.7,2014
1,Kenya,317.2,65.2,23012.9,254.0,7123.6,2015
2,Egypt,293.4,56.9,12243.2,298.7,11796.2,2015
3,Bangladesh,280.4,58.0,13477.9,330.0,7772.9,2015
4,Bolivia,243.9,55.0,10411.9,254.2,5033.3,2015
5,Nigeria,241.7,58.7,14228.4,240.4,2328.7,2015
6,Jordan,232.0,51.4,7368.2,224.1,6374.2,2015
7,Iran,214.1,47.4,4753.9,202.6,6974.7,2015
8,South Africa,208.4,43.0,2618.2,202.4,10002.4,2015
9,Philippines,202.3,45.5,3724.4,217.8,6565.5,2015
10,Thailand,200.8,42.4,2382.5,239.6,8862.1,2015
11,Brazil,199.4,46.3,4149.5,246.5,5321.2,2015
12,Russia,198.5,47.1,4551.2,197.9,4885.9,2015
13,India,195.5,45.2,3597.8,207.7,5760.8,2015
14,Japan,194.5,51.0,7103.8,204.0,2019.1,2015
15,Ecuador,194.4,45.7,3806.4,133.3,5698.3,2015
16,Turkey,194.2,46.3,4138.8,198.7,4825.9,2015
17,Indonesia,186.3,41.6,2124.3,249.0,6849.7,2015
18,Malaysia,181.2,39.4,1447.1,209.4,7978.3,2015
19,Argentina,175.3,41.4,2043.5,164.2,5765.6,2015
20,Israel,175.2,41.2,1997.6,174.7,5787.0,2015
21,Hong Kong,171.9,46.2,4102.6,182.3,2315.6,2015
22,Singapore,170.8,44.1,3065.0,129.1,3595.9,2015
23,Colombia,162.9,44.5,3276.2,173.1,2304.1,2015
24,Canada,161.6,38.9,1312.7,198.9,5234.0,2015
25,Mexico,158.6,36.9,874.7,184.2,6169.4,2015
26,United States,158.5,36.0,706.3,179.3,6813.5,2015
27,Ukraine,157.5,40.0,1626.3,180.4,4058.6,2015
28,China,151.0,37.5,992.1,157.0,4826.2,2015
29,Cambodia,150.0,33.3,351.8,134.4,7453.3,2015
30,Chile,149.2,40.8,1863.8,111.9,2982.2,2015
31,Lebanon,148.7,32.4,265.4,137.8,7790.0,2015
32,Uruguay,147.6,45.0,3485.1,157.6,960.0,2015
33,Kazakhstan,146.9,41.8,2183.4,64.6,2534.4,2015
34,Mongolia,143.7,36.9,867.4,100.1,4541.4,2015
35,Australia,142.5,36.2,756.2,153.0,4400.6,2015
36,Italy,142.1,35.9,698.3,152.9,4538.9,2015
37,Vietnam,141.7,36.4,782.8,123.1,4384.8,2015
38,Netherlands,140.4,35.5,624.9,280.2,4000.0,2015
39,Venezuela,139.9,30.6,138.7,126.6,7443.0,2015
40,Puerto Rico,139.6,32.0,230.3,106.5,6738.7,2015
41,Qatar,132.6,29.3,81.1,97.8,7121.8,2015
42,Panama,130.5,28.1,50.3,106.1,7216.2,2015
43,Georgia,129.0,38.0,1104.6,121.9,2182.0,2015
44,Greece,128.8,33.2,335.7,140.0,4284.2,2015
45,United Arab Emirates,128.3,29.9,105.3,155.2,5722.6,2015
46,United Kingdom,127.8,34.0,426.6,177.6,3573.5,2015
47,Dominican Republic,127.0,27.5,39.6,59.3,7315.0,2015
48,Sri Lanka,126.8,30.8,151.6,99.4,5431.7,2015
49,North Macedonia,122.6,33.2,334.6,202.4,3236.3,2015
50,Kuwait,119.5,25.0,25.0,114.4,6206.7,2015
51,Poland,118.2,34.7,511.7,101.7,2579.8,2015
52,Bahrain,116.2,27.0,33.6,95.8,5426.4,2015
53,Saudi Arabia,113.1,26.1,27.6,103.9,5107.3,2015
54,Belarus,113.1,30.6,137.2,82.5,3805.1,2015
55,Pakistan,112.6,25.1,25.1,82.4,5383.6,2015
56,Bulgaria,109.5,33.4,362.5,138.5,2046.7,2015
57,Romania,108.3,30.7,143.4,113.7,3016.6,2015
58,Ireland,108.1,32.6,280.2,133.0,2229.2,2015
59,Moldova,107.0,24.6,24.6,83.0,4666.0,2015
60,Spain,106.5,28.9,69.7,136.6,3309.7,2015
61,Taiwan,106.3,28.2,52.9,97.1,3709.0,2015
62,Lithuania,105.4,31.3,182.4,138.0,2380.6,2015
63,Belgium,102.5,26.7,30.9,129.5,3460.4,2015
64,Croatia,102.3,30.5,133.4,109.9,2481.3,2015
65,Finland,100.4,33.2,334.6,106.8,1489.9,2015
66,Serbia,99.9,27.8,44.0,111.8,3009.0,2015
67,Portugal,99.8,28.2,51.7,93.1,2997.9,2015
68,Germany,98.4,31.1,166.5,113.7,1915.0,2015
69,Slovakia,98.4,30.4,128.3,121.3,2082.0,2015
70,South Korea,96.6,31.3,182.4,73.8,1865.3,2015
71,Denmark,94.4,27.8,45.0,110.9,2428.5,2015
72,Hungary,92.9,30.1,114.6,99.1,1771.5,2015
73,New Zealand,92.4,28.1,49.7,67.8,2399.1,2015
74,Czech Republic,91.6,31.5,191.3,62.7,1477.3,2015
75,Latvia,90.1,24.0,24.0,52.3,2913.6,2015
76,Armenia,88.8,26.1,27.4,57.8,2490.5,2015
77,Syria,86.7,20.9,20.9,64.0,2832.0,2015
78,France,85.7,28.6,61.1,69.5,1676.5,2015
79,Sweden,84.0,26.9,32.7,92.5,1747.0,2015
80,Greenland,82.5,18.0,18.0,74.9,2660.0,2015
81,Switzerland,80.5,25.6,25.9,65.5,1734.0,2015
82,Norway,74.6,25.3,25.3,48.2,1391.4,2015
83,Slovenia,74.6,18.8,18.8,32.0,2094.4,2015
84,Cyprus,73.7,19.0,19.0,34.3,1980.2,2015
85,Estonia,69.3,22.4,22.4,23.5,1385.6,2015
86,Bosnia And Herzegovina,67.2,21.9,21.9,36.1,1197.0,2015
87,Austria,66.9,25.9,26.5,44.5,852.1,2015
88,Turkmenistan,45.5,11.8,11.8,10.2,735.0,2015
1,Egypt,249.5,50.8,6957.9,293.5,9626.1,2016
2,Iran,221.6,48.1,5165.2,222.3,7506.9,2016
3,Russia,209.1,49.1,5781.4,210.2,4823.2,2016
4,Turkey,208.0,48.1,5110.6,217.3,5437.5,2016
5,South Africa,208.0,43.2,2698.8,223.0,9589.1,2016
6,Philippines,207.8,46.0,3960.5,242.7,6945.3,2016
7,Thailand,206.0,43.1,2663.2,280.6,8942.1,2016
8,India,201.1,46.0,3964.0,225.2,5948.8,2016
9,Brazil,197.9,46.1,4036.1,230.6,5331.7,2016
10,Indonesia,182.9,41.4,2048.5,225.2,6601.0,2016
11,China,181.1,44.1,3076.4,183.6,4619.6,2016
12,Japan,177.3,48.4,5290.2,182.6,1823.2,2016
13,Argentina,176.7,42.4,2383.6,156.5,5323.9,2016
14,Malaysia,175.9,39.8,1548.2,194.0,6865.0,2016
15,Hong Kong,173.0,46.4,4181.1,170.8,2386.4,2016
16,Saudi Arabia,171.3,38.7,1268.8,199.2,6870.1,2016
17,Colombia,167.8,44.2,3141.5,162.6,2997.6,2016
18,Singapore,165.2,43.4,2799.4,169.8,3121.5,2016
19,Mexico,162.0,37.1,907.1,181.5,6619.3,2016
20,Qatar,156.6,33.6,376.4,133.5,8470.6,2016
21,Pakistan,155.3,36.8,865.3,157.9,5853.5,2016
22,North Macedonia,154.1,40.7,1817.3,176.9,3300.9,2016
23,Israel,153.8,37.8,1052.1,154.7,5061.1,2016
24,Canada,153.6,37.8,1058.3,190.4,4833.3,2016
25,Ukraine,152.9,40.0,1599.8,161.4,3630.8,2016
26,United Arab Emirates,152.2,33.7,391.1,191.1,7209.8,2016
27,United States,145.2,33.4,353.7,173.6,6378.5,2016
28,Italy,143.3,36.5,798.9,162.3,4327.3,2016
29,Netherlands,142.2,35.5,633.6,258.4,4282.9,2016
30,Belgium,141.9,36.2,746.0,183.9,4198.5,2016
31,Vietnam,137.6,36.5,809.1,143.6,3677.6,2016
32,Australia,137.2,34.7,509.6,141.5,4638.9,2016
33,United Kingdom,132.1,35.5,637.3,167.7,3407.7,2016
34,Poland,122.8,34.5,490.9,117.9,3050.3,2016
35,New Zealand,119.8,31.1,167.3,158.0,3997.9,2016
36,Spain,115.8,30.5,134.2,142.0,3817.2,2016
37,Ireland,115.8,32.3,255.1,138.6,3106.4,2016
38,Romania,115.3,33.3,347.0,126.2,2717.9,2016
39,Chile,114.5,33.8,404.2,89.4,2615.0,2016
40,Portugal,113.4,30.6,136.7,118.5,3625.9,2016
41,Greece,108.8,29.1,75.1,123.3,3597.4,2016
42,France,108.6,32.0,229.0,92.0,2695.8,2016
43,Lithuania,106.5,30.2,120.5,125.1,2929.7,2016
44,Hungary,105.9,31.8,213.4,110.2,2402.8,2016
45,Croatia,105.6,30.0,110.8,110.7,2971.6,2016
46,Finland,103.3,32.9,307.5,103.6,1825.1,2016
47,Sweden,102.2,32.0,234.1,107.2,1979.4,2016
48,Slovenia,101.9,25.0,25.0,149.7,3560.5,2016
49,Norway,101.4,29.5,88.3,135.7,2585.4,2016
50,Czech Republic,100.9,32.5,270.1,89.1,1812.4,2016
51,Bulgaria,93.4,28.7,62.7,109.5,2153.5,2016
52,Serbia,93.2,28.4,55.4,105.0,2224.5,2016
53,South Korea,93.2,30.9,157.4,81.5,1653.8,2016
54,Switzerland,90.3,28.7,64.6,118.9,1816.9,2016
55,Germany,87.5,29.1,74.5,101.4,1574.7,2016
56,Denmark,83.8,25.6,25.9,88.7,1904.4,2016
57,Bosnia And Herzegovina,82.2,23.4,23.4,45.2,2227.0,2016
58,Austria,69.4,26.8,31.6,45.3,913.6,2016
1,Egypt,235.1,48.8,5593.7,286.2,8935.2,2017
2,Iran,234.3,49.7,6157.2,243.7,8200.3,2017
3,Indonesia,226.5,49.4,5983.3,270.8,6927.3,2017
4,Jordan,221.4,47.8,4937.4,251.7,7649.2,2017
5,South Africa,208.2,43.0,2619.5,229.5,9777.3,2017
6,Turkey,207.4,47.6,4828.8,229.4,5647.1,2017
7,Venezuela,206.5,46.2,4095.0,214.5,6661.8,2017
8,Thailand,204.8,43.6,2851.8,256.3,8438.2,2017
9,India,204.7,46.4,4172.2,239.0,6124.3,2017
10,Russia,203.3,48.6,5424.8,205.0,4452.8,2017
11,Brazil,202.6,46.4,4177.0,237.8,5792.2,2017
12,Philippines,202.2,45.1,3549.1,234.6,6745.1,2017
13,Sri Lanka,197.2,47.2,4610.3,225.6,4501.0,2017
14,Mexico,186.7,41.7,2135.7,224.9,7026.7,2017
15,China,177.4,43.9,2979.1,185.2,4276.0,2017
16,Malaysia,175.2,39.4,1447.3,186.0,7071.8,2017
17,Colombia,168.5,43.8,2937.8,196.9,3188.6,2017
18,Panama,164.4,36.2,744.4,166.3,7743.2,2017
19,Japan,164.0,46.8,4399.1,167.9,1440.2,2017
20,Lebanon,162.8,36.1,738.9,157.1,7554.4,2017
21,United Arab Emirates,161.8,35.1,565.0,198.8,7895.3,2017
22,Singapore,159.7,43.4,2782.9,169.9,2554.5,2017
23,Saudi Arabia,156.6,36.3,767.4,173.9,6298.4,2017
24,Pakistan,156.5,38.7,1266.3,167.1,4796.4,2017
25,United States,156.0,34.6,499.6,199.5,7216.8,2017
26,Argentina,151.9,37.9,1092.8,149.4,4722.3,2017
27,Qatar,151.6,33.0,315.2,130.6,7993.1,2017
28,Canada,149.6,36.2,754.8,181.6,5236.8,2017
29,Ukraine,147.8,39.2,1384.9,146.0,3523.4,2017
30,Israel,147.4,36.5,804.0,152.3,4932.2,2017
31,Hong Kong,146.1,42.2,2332.3,168.9,1813.2,2017
32,Australia,145.2,34.7,519.7,167.5,5579.2,2017
33,Italy,142.0,36.4,778.8,160.3,4228.7,2017
34,Slovakia,141.3,36.0,718.6,291.5,3774.1,2017
35,Belgium,139.6,36.3,758.6,175.2,3914.3,2017
36,United Kingdom,130.7,34.6,502.1,164.2,3706.0,2017
37,France,130.0,35.8,681.4,128.9,3216.0,2017
38,Ireland,129.8,35.0,558.6,152.8,3456.0,2017
39,Netherlands,127.7,33.9,414.3,222.2,3430.5,2017
40,Taiwan,127.3,32.7,288.6,181.1,4119.4,2017
41,Chile,123.6,35.7,664.4,106.9,2678.3,2017
42,Spain,121.2,32.6,282.8,147.5,3554.3,2017
43,North Macedonia,121.0,33.8,402.3,146.6,3034.1,2017
44,Greece,120.7,31.6,200.8,133.1,4017.3,2017
45,Poland,120.3,34.6,496.0,112.8,2789.2,2017
46,Vietnam,119.5,33.0,318.0,122.7,3316.8,2017
47,New Zealand,115.6,30.2,120.0,141.6,3910.4,2017
48,Portugal,114.4,30.4,130.2,113.0,3834.5,2017
49,Hungary,113.2,33.1,327.1,111.8,2645.5,2017
50,Finland,111.4,34.9,545.9,109.6,1821.5,2017
51,Norway,111.0,31.3,181.3,143.1,2941.9,2017
52,Romania,108.9,32.0,227.9,111.4,2629.5,2017
53,Belarus,108.0,27.7,41.9,76.9,4238.6,2017
54,South Korea,105.5,34.2,448.7,98.1,1615.6,2017
55,Croatia,102.6,28.5,57.5,98.7,3201.1,2017
56,Czech Republic,102.5,32.0,228.8,82.3,2146.0,2017
57,Slovenia,102.0,26.5,29.4,145.8,3370.7,2017
58,Sweden,102.0,31.6,200.5,102.1,2131.2,2017
59,Serbia,101.9,29.9,106.4,127.7,2540.0,2017
60,Latvia,101.7,29.0,70.9,109.4,2899.7,2017
61,Lithuania,99.3,28.0,47.8,101.3,2952.7,2017
62,Germany,95.9,30.6,136.2,106.4,1882.5,2017
63,Bulgaria,94.9,27.9,46.3,97.2,2531.8,2017
64,Kazakhstan,93.8,28.5,58.6,60.7,2488.9,2017
65,Bosnia And Herzegovina,89.7,26.6,30.4,60.5,2480.6,2017
66,Cyprus,85.3,20.3,20.3,47.6,2873.9,2017
67,Switzerland,84.9,28.3,54.0,104.1,1521.6,2017
68,Denmark,83.6,28.4,56.7,102.0,1413.5,2017
69,Estonia,81.5,26.7,31.0,75.2,1644.6,2017
70,Austria,76.9,26.3,28.2,89.4,1289.3,2017
1,Iran,225.8,49.5,5995.7,234.7,6993.8,2018
2,Egypt,221.4,46.7,4334.5,279.8,8487.6,2018
3,South Africa,211.7,43.3,2728.4,258.0,10021.5,2018
4,India,205.7,46.8,4375.6,240.8,5971.0,2018
5,Russia,202.2,48.3,5234.4,206.6,4521.6,2018
6,Turkey,200.1,46.3,4122.0,218.7,5596.0,2018
7,Brazil,195.8,45.3,3614.1,220.5,5710.4,2018
8,Colombia,195.1,48.1,5137.0,231.1,3615.7,2018
9,Philippines,194.4,44.2,3140.3,232.6,6222.0,2018
10,Mexico,189.5,42.0,2264.4,226.4,7195.8,2018
11,Indonesia,188.0,42.7,2528.5,230.2,6375.1,2018
12,Singapore,177.6,46.0,3968.1,191.5,3003.1,2018
13,Thailand,177.4,39.2,1398.7,223.4,7360.1,2018
14,United Arab Emirates,175.4,37.5,994.8,249.5,8207.5,2018
15,Pakistan,170.1,41.6,2099.2,207.3,4667.6,2018
16,China,168.8,42.5,2453.3,170.8,4049.2,2018
17,Argentina,168.5,41.6,2099.2,167.0,4657.0,2018
18,Malaysia,166.5,37.6,1016.7,183.7,6960.8,2018
19,Qatar,163.1,34.8,527.2,151.0,8660.8,2018
20,United States,157.7,34.7,521.5,209.3,7331.0,2018
21,Israel,152.7,36.7,842.6,167.0,5480.9,2018
22,Australia,151.0,36.3,768.2,176.5,5426.1,2018
23,Japan,149.9,44.5,3247.3,158.2,1283.1,2018
24,Canada,148.7,36.1,725.0,179.4,5232.7,2018
25,Saudi Arabia,148.1,34.0,428.2,158.4,6531.9,2018
26,Ireland,146.9,37.5,990.7,178.1,4172.0,2018
27,Ukraine,146.7,38.5,1219.7,139.2,3778.5,2018
28,Italy,143.4,37.0,896.5,166.5,4036.3,2018
29,Hong Kong,141.7,41.3,2001.9,157.6,1860.9,2018
30,New Zealand,139.8,34.5,486.4,186.2,4841.5,2018
31,United Kingdom,136.1,35.8,672.2,166.7,3785.5,2018
32,Latvia,130.4,34.6,503.1,143.9,3770.2,2018
33,Belgium,129.1,34.6,506.9,156.9,3526.2,2018
34,Chile,128.1,35.1,567.1,114.0,3432.3,2018
35,Taiwan,125.0,33.1,332.8,170.9,3669.5,2018
36,France,124.5,35.0,561.7,127.4,2966.1,2018
37,South Korea,124.4,37.2,941.8,139.0,1998.7,2018
38,Greece,120.2,32.2,243.0,127.7,3744.3,2018
39,Netherlands,120.0,32.7,292.0,199.0,3148.0,2018
40,Slovakia,119.2,32.2,243.8,231.8,3153.5,2018
41,Poland,117.9,33.6,380.6,114.0,2931.7,2018
42,Romania,117.0,33.4,358.7,113.7,2911.7,2018
43,Hungary,116.5,34.1,441.5,108.4,2599.4,2018
44,Spain,116.1,31.4,187.8,135.7,3522.4,2018
45,Belarus,115.2,29.1,75.2,105.6,4514.0,2018
46,Portugal,113.2,30.3,122.5,119.3,3710.3,2018
47,Vietnam,111.4,31.1,167.7,121.0,3171.8,2018
48,Estonia,110.4,32.7,292.3,190.6,2183.1,2018
49,Slovenia,107.0,27.8,43.9,148.7,3644.0,2018
50,Bulgaria,106.9,31.1,169.0,106.2,2757.1,2018
51,Norway,106.5,31.0,163.7,136.6,2598.9,2018
52,Croatia,104.6,29.5,91.0,96.9,3098.0,2018
53,Finland,103.9,33.2,341.5,101.7,1772.0,2018
54,Germany,102.9,31.3,177.2,125.2,2226.9,2018
55,Serbia,101.0,28.9,70.8,120.9,2770.8,2018
56,Lithuania,101.0,28.7,63.4,119.3,2852.4,2018
57,Sweden,99.3,30.7,142.9,103.0,2167.7,2018
58,Czech Republic,95.5,30.3,123.3,76.0,2061.5,2018
59,Bosnia And Herzegovina,91.0,27.5,39.2,67.2,2403.3,2018
60,Switzerland,90.8,29.3,81.5,105.6,1783.7,2018
61,Denmark,83.6,28.5,59.4,96.7,1405.5,2018
62,Austria,78.9,27.0,33.8,82.8,1367.1,2018
1,Egypt,236.9,49.2,5807.0,291.8,8913.5,2019
2,Sri Lanka,233.6,51.9,7753.1,281.6,5903.2,2019
3,Iran,221.5,48.4,5306.5,231.3,7241.9,2019
4,India,201.1,45.7,3828.3,235.0,6119.4,2019
5,Jordan,199.1,42.4,2408.9,222.1,8594.7,2019
6,South Africa,196.6,40.3,1709.5,247.4,9850.2,2019
7,Philippines,196.6,44.1,3099.9,243.4,6591.7,2019
8,Turkey,195.5,44.8,3378.1,215.1,6075.7,2019
9,Indonesia,193.2,42.9,2598.1,249.5,6971.2,2019
10,Russia,188.7,46.0,3975.8,192.2,4331.5,2019
11,Brazil,186.4,43.4,2772.7,207.8,5772.2,2019
12,Colombia,182.8,45.1,3511.2,197.0,4153.8,2019
13,Thailand,178.4,39.4,1447.4,226.4,7385.8,2019
14,United Arab Emirates,177.0,37.5,987.6,259.3,8457.1,2019
15,Lebanon,176.1,37.4,966.3,200.9,8737.1,2019
16,Argentina,175.6,43.0,2642.4,191.0,4535.5,2019
17,Mexico,175.2,39.1,1365.4,208.7,7180.9,2019
18,Panama,166.7,36.5,796.3,182.1,7826.6,2019
19,China,165.3,42.5,2419.2,169.1,3675.4,2019
20,Pakistan,163.2,38.6,1251.6,185.5,5715.5,2019
21,Kuwait,161.5,34.8,532.4,183.9,8104.7,2019
22,Malaysia,159.4,35.3,594.5,175.0,7488.8,2019
23,Singapore,154.4,42.1,2306.4,165.2,2635.4,2019
24,Israel,150.6,36.3,768.1,164.7,5430.2,2019
25,United States,149.7,32.9,305.4,199.8,7254.8,2019
26,Qatar,147.9,31.7,208.3,155.4,7965.3,2019
27,Australia,146.9,35.3,600.2,174.2,5467.9,2019
28,South Korea,145.6,40.0,1618.9,153.2,2802.8,2019
29,Ukraine,140.7,37.4,967.0,125.3,3727.0,2019
30,Canada,140.0,33.8,399.4,175.4,5334.0,2019
31,Ireland,139.1,35.8,687.6,166.3,4111.6,2019
32,Hong Kong,137.5,41.0,1916.6,145.8,1650.0,2019
33,Belgium,136.1,34.9,538.0,160.7,4279.4,2019
34,Chile,136.0,36.8,854.7,120.7,3479.5,2019
35,Italy,135.4,34.7,514.5,157.0,4286.3,2019
36,Saudi Arabia,135.3,29.6,93.1,157.4,6979.8,2019
37,Japan,134.5,40.0,1622.1,141.6,1792.3,2019
38,United Kingdom,133.3,34.6,505.3,161.4,4025.6,2019
39,New Zealand,129.2,31.2,172.9,161.6,5207.5,2019
40,France,128.2,35.3,596.6,129.1,3266.3,2019
41,Romania,126.8,34.4,470.7,128.0,3537.4,2019
42,Greece,124.3,32.2,245.9,139.3,4177.6,2019
43,Hungary,123.8,35.2,581.8,130.6,2823.4,2019
44,Latvia,120.0,31.4,189.9,124.7,4047.0,2019
45,Georgia,117.0,34.3,468.8,142.4,2407.4,2019
46,Oman,115.9,21.5,21.5,246.5,5487.2,2019
47,Taiwan,112.4,30.9,155.2,135.8,3299.8,2019
48,Poland,112.3,32.2,242.3,102.0,2968.1,2019
49,Portugal,109.9,29.0,72.8,117.9,3780.3,2019
50,Belarus,109.8,28.8,65.9,92.9,4002.3,2019
51,Kazakhstan,109.2,29.8,98.8,88.3,3609.2,2019
52,Spain,108.1,29.4,86.2,123.5,3400.0,2019
53,Netherlands,107.4,29.9,103.7,176.7,2921.9,2019
54,Croatia,105.8,29.1,75.7,104.2,3337.6,2019
55,Vietnam,105.2,28.3,54.7,109.4,3480.0,2019
56,Slovakia,104.6,29.6,92.2,191.6,2658.3,2019
57,Serbia,103.6,29.7,98.4,113.5,2834.6,2019
58,Sweden,101.8,30.3,123.0,131.8,2394.1,2019
59,Lithuania,99.6,27.2,35.2,93.1,3234.6,2019
60,Bulgaria,98.6,28.8,66.1,88.7,2729.5,2019
61,Germany,98.1,29.9,105.7,114.6,2226.5,2019
62,Slovenia,97.7,24.8,24.8,132.0,3177.3,2019
63,North Macedonia,96.1,27.9,46.6,102.1,2623.4,2019
64,Czech Republic,94.9,30.0,110.2,75.9,2088.7,2019
65,Norway,94.5,27.1,34.9,115.6,2577.0,2019
66,Finland,94.0,30.4,128.6,83.3,1860.6,2019
67,Iceland,93.0,19.7,19.7,74.2,3618.1,2019
68,Bosnia And Herzegovina,92.8,26.4,29.0,69.8,2765.8,2019
69,Switzerland,90.3,29.1,73.9,98.7,1822.8,2019
70,Cyprus,90.1,20.3,20.3,60.4,3310.1,2019
71,Denmark,87.1,28.5,59.0,110.6,1631.5,2019
72,Estonia,83.5,25.7,26.2,117.3,1751.1,2019
73,Austria,78.1,25.2,25.2,73.5,1547.6,2019
1,Nigeria,308.0,61.1,17169.0,521.6,8664.1,2020
2,Sri Lanka,293.4,59.0,14627.7,495.1,8308.2,2020
3,Kenya,274.7,56.7,12039.3,290.7,8332.8,2020
4,Bangladesh,255.2,56.7,12120.2,320.2,4969.1,2020
5,Egypt,240.7,49.8,6207.3,295.0,9021.6,2020
6,Iran,220.4,48.0,5086.4,240.4,7325.4,2020
7,Peru,214.9,48.3,5274.7,263.6,6032.6,2020
8,India,207.5,47.0,4499.5,243.0,6062.4,2020
9,Philippines,198.8,44.6,3314.8,249.0,6538.5,2020
10,Colombia,198.4,47.5,4781.4,213.6,4509.3,2020
11,Jordan,196.8,42.0,2263.9,222.7,8507.3,2020
12,Turkey,195.2,44.6,3322.9,213.3,6133.1,2020
13,Indonesia,194.6,43.1,2670.2,244.3,7087.9,2020
14,South Africa,192.0,39.4,1456.6,243.3,9768.5,2020
15,Russia,186.6,45.3,3629.5,197.0,4488.2,2020
16,Lebanon,177.7,37.4,972.3,197.3,9044.3,2020
17,Mexico,177.0,39.4,1445.7,244.8,7054.1,2020
18,Brazil,176.7,41.7,2148.4,201.4,5545.9,2020
19,Argentina,173.2,43.1,2658.7,185.3,4212.8,2020
20,United Arab Emirates,173.1,36.8,865.8,256.2,8251.2,2020
21,Thailand,170.6,38.2,1156.5,211.3,7026.6,2020
22,Malaysia,169.1,37.0,901.0,189.8,7800.5,2020
23,Panama,168.9,36.5,797.2,199.6,8116.7,2020
24,Pakistan,163.8,38.6,1234.9,187.7,5831.0,2020
25,China,161.9,41.8,2188.4,175.2,3605.9,2020
26,Kuwait,158.9,34.4,481.4,187.2,7891.1,2020
27,Ecuador,158.2,37.5,1006.3,145.8,5912.7,2020
28,United States,151.2,32.9,307.3,236.1,7291.3,2020
29,Uruguay,151.2,39.9,1582.9,156.6,3478.9,2020
30,Israel,149.8,35.9,698.7,163.3,5573.9,2020
31,Ireland,148.7,37.7,1034.1,175.2,4303.3,2020
32,Singapore,148.6,41.3,2016.1,150.6,2513.0,2020
33,Ukraine,147.9,38.7,1257.3,135.5,3865.1,2020
34,Australia,146.5,34.7,520.2,201.3,5593.0,2020
35,Belgium,145.3,36.1,738.2,187.9,4658.5,2020
36,South Korea,143.0,39.6,1494.2,152.0,2746.0,2020
37,Canada,140.5,33.9,411.7,176.1,5333.5,2020
38,Hong Kong,139.5,41.5,2068.0,145.7,1640.1,2020
39,Qatar,138.0,29.7,97.5,141.8,7477.6,2020
40,Morocco,137.4,36.9,873.5,148.0,3455.6,2020
41,Italy,134.4,34.4,479.4,157.0,4291.3,2020
42,Greece,133.9,33.8,407.4,145.3,4603.8,2020
43,United Kingdom,133.9,34.5,493.2,162.6,4144.5,2020
44,Saudi Arabia,132.6,28.6,61.4,168.0,6920.8,2020
45,Japan,130.8,39.2,1382.3,143.5,1808.3,2020
46,Romania,129.9,34.7,522.6,136.9,3675.9,2020
47,Chile,129.4,35.4,623.6,116.4,3387.0,2020
48,New Zealand,128.7,31.1,167.6,162.3,5171.4,2020
49,Hungary,126.1,35.8,676.5,132.5,2792.4,2020
50,Georgia,125.7,36.0,716.7,150.6,2567.4,2020
51,France,125.1,34.8,523.8,128.7,3143.8,2020
52,Latvia,123.9,32.9,307.6,132.0,3839.2,2020
53,Luxembourg,123.4,32.6,276.3,125.1,3967.8,2020
54,Oman,121.5,22.8,22.8,294.5,5899.9,2020
55,Portugal,113.5,30.0,109.3,124.5,3832.6,2020
56,Taiwan,113.4,31.9,225.0,133.9,3019.0,2020
57,Kazakhstan,113.0,31.1,166.2,88.7,3551.8,2020
58,Belarus,112.8,30.7,142.8,105.5,3592.9,2020
59,Poland,111.3,31.7,208.9,102.3,3024.4,2020
60,Vietnam,111.1,30.2,117.1,119.8,3502.3,2020
61,Cyprus,109.3,24.0,24.0,156.2,4618.1,2020
62,Serbia,108.0,30.4,129.7,120.4,3047.4,2020
63,Spain,105.7,29.1,75.5,121.6,3232.3,2020
64,Croatia,104.3,29.1,75.7,105.5,3161.5,2020
65,Germany,104.2,31.0,160.3,126.2,2436.6,2020
66,Sweden,103.6,30.5,132.9,147.0,2450.0,2020
67,Slovenia,103.6,27.3,36.9,150.0,3355.8,2020
68,Netherlands,102.9,29.4,86.7,177.2,2580.5,2020
69,Bulgaria,102.4,29.4,85.3,92.4,2937.4,2020
70,Slovakia,102.1,29.1,75.7,176.9,2596.6,2020
71,Lithuania,95.7,26.1,27.3,84.8,3051.4,2020
72,Switzerland,94.1,29.1,75.1,103.8,2133.2,2020
73,North Macedonia,93.8,27.6,41.2,102.2,2465.6,2020
74,Finland,93.2,29.9,105.2,80.2,1940.8,2020
75,Bosnia And Herzegovina,92.5,26.7,30.7,71.9,2682.1,2020
76,Iceland,92.2,20.1,20.1,82.6,3422.4,2020
77,Czech Republic,92.1,29.7,94.9,73.4,1946.5,2020
78,Norway,91.4,27.0,33.5,112.5,2302.5,2020
79,Denmark,86.6,28.8,67.9,114.6,1506.2,2020
80,Estonia,85.3,24.5,24.5,104.7,2076.4,2020
81,Austria,81.8,26.3,28.2,77.6,1711.4,2020
1,Nigeria,307.6,61.7,17955.2,448.5,8241.8,2021
2,Costa Rica,300.1,60.2,16038.1,331.5,9028.5,2021
3,Kenya,279.7,57.4,12812.4,297.6,8435.8,2021
4,Sri Lanka,275.5,57.2,12613.6,388.6,7451.1,2021
5,Bangladesh,267.7,58.5,14076.8,334.9,5214.4,2021
6,Egypt,235.8,49.1,5749.1,289.8,8805.1,2021
7,Iran,216.5,47.4,4747.6,237.4,7181.4,2021
8,Peru,215.5,48.8,5575.8,262.8,5740.2,2021
9,India,205.6,46.7,4318.4,243.4,6026.5,2021
10,Colombia,197.6,47.3,4695.9,210.5,4516.4,2021
11,Indonesia,195.9,43.4,2785.2,241.6,7093.0,2021
12,Philippines,195.2,44.0,3055.2,244.5,6434.4,2021
13,Turkey,194.2,44.6,3318.2,214.6,5970.2,2021
14,Jordan,191.3,41.4,2049.8,219.7,8068.4,2021
15,South Africa,191.0,39.3,1420.3,242.6,9692.5,2021
16,Lebanon,187.3,39.1,1358.0,217.0,9351.5,2021
17,Russia,181.8,44.6,3299.6,191.2,4345.5,2021
18,Brazil,177.4,41.7,2153.8,210.2,5589.0,2021
19,Thailand,175.6,39.2,1391.8,225.4,7077.5,2021
20,Mexico,175.5,39.0,1349.8,241.9,7078.6,2021
21,Ecuador,172.5,39.6,1494.1,185.1,6512.0,2021
22,Argentina,172.5,43.2,2689.5,184.5,4082.3,2021
23,Panama,170.8,37.6,1007.5,195.7,7660.4,2021
24,United Arab Emirates,169.2,36.3,766.3,249.1,7989.4,2021
25,Malaysia,168.6,37.0,895.1,188.3,7737.0,2021
26,Pakistan,160.6,37.8,1059.6,194.4,5828.4,2021
27,Puerto Rico,160.0,34.2,445.7,170.8,8407.1,2021
28,Azerbaijan,158.7,39.4,1449.8,212.4,4444.0,2021
29,China,156.4,40.9,1880.6,175.3,3474.2,2021
30,Kuwait,155.2,33.7,393.6,183.2,7770.7,2021
31,Venezuela,153.1,34.9,550.4,203.6,6460.2,2021
32,United States,151.5,32.9,307.4,242.9,7310.3,2021
33,Australia,148.9,35.0,563.4,207.9,5729.6,2021
34,Israel,148.5,35.8,673.7,161.4,5486.4,2021
35,Ireland,148.5,37.7,1038.7,172.7,4274.9,2021
36,Singapore,147.5,41.2,1979.5,148.1,2460.8,2021
37,Belgium,145.9,36.2,753.9,187.9,4696.1,2021
38,South Korea,144.5,39.9,1580.9,152.4,2753.4,2021
39,Hong Kong,143.9,42.3,2353.4,150.8,1669.8,2021
40,Ukraine,143.4,37.9,1083.3,133.1,3728.0,2021
41,Qatar,142.1,30.5,131.0,155.0,7691.9,2021
42,Canada,139.9,33.7,394.0,176.3,5341.2,2021
43,Uruguay,139.3,37.7,1046.5,149.0,3251.7,2021
44,Morocco,134.7,36.3,764.4,150.6,3419.9,2021
45,Japan,133.7,39.9,1571.5,149.3,1763.4,2021
46,Greece,133.4,33.9,418.9,143.4,4493.4,2021
47,Italy,133.2,34.2,446.8,160.4,4256.6,2021
48,United Kingdom,132.7,34.4,480.8,158.9,4060.2,2021
49,Saudi Arabia,131.7,28.4,57.3,163.5,6864.9,2021
50,Chile,129.2,35.6,641.4,114.6,3317.1,2021
51,Kazakhstan,128.4,33.6,384.6,133.6,4040.4,2021
52,New Zealand,127.0,30.7,144.3,161.9,5114.6,2021
53,Romania,126.7,34.1,442.4,133.8,3596.2,2021
54,Hungary,126.6,35.8,682.1,131.7,2829.9,2021
55,France,124.3,34.5,492.6,126.8,3167.6,2021
56,Georgia,123.2,35.4,617.5,146.7,2586.3,2021
57,Oman,121.9,23.0,23.0,280.9,5980.4,2021
58,Luxembourg,119.7,31.8,217.5,118.5,3867.0,2021
59,Latvia,115.1,31.2,171.1,124.3,3563.0,2021
60,Portugal,111.5,29.6,94.5,120.8,3740.5,2021
61,Serbia,111.3,31.1,167.4,123.5,3150.7,2021
62,Taiwan,110.4,31.3,179.0,127.1,2962.3,2021
63,Vietnam,109.4,29.6,93.4,117.9,3515.8,2021
64,Poland,109.3,31.3,183.1,99.7,2960.0,2021
65,Belarus,108.3,30.1,111.8,97.8,3339.2,2021
66,Spain,107.3,29.4,84.8,129.6,3282.4,2021
67,Cyprus,106.8,23.4,23.4,148.9,4401.7,2021
68,Germany,105.6,31.4,184.0,129.2,2434.5,2021
69,Bulgaria,102.6,29.4,85.1,93.8,2953.9,2021
70,Slovenia,102.1,26.8,31.6,143.6,3331.2,2021
71,Sweden,101.6,29.9,104.7,139.5,2464.2,2021
72,Croatia,100.7,28.1,50.4,102.3,3063.8,2021
73,Slovakia,98.8,27.8,44.5,168.9,2634.4,2021
74,Netherlands,97.5,27.8,44.4,166.3,2510.3,2021
75,Lithuania,94.2,25.7,26.0,82.2,2953.0,2021
76,Norway,93.3,26.9,32.3,123.0,2463.6,2021
77,Switzerland,92.6,28.7,64.6,101.2,2093.0,2021
78,North Macedonia,92.5,27.2,36.0,101.4,2423.1,2021
79,Czech Republic,92.5,29.7,97.6,74.4,1957.7,2021
80,Iceland,90.2,20.0,20.0,80.1,3224.1,2021
81,Bosnia And Herzegovina,89.5,25.9,26.6,68.6,2521.3,2021
82,Finland,88.8,29.0,71.0,77.2,1819.1,2021
83,Denmark,88.6,28.7,63.4,122.7,1667.4,2021
84,Estonia,86.1,24.7,24.7,100.4,2154.2,2021
85,Austria,80.1,25.7,26.0,74.7,1655.4,2021
1,Nigeria,307.3,62.0,18343.7,433.3,7925.7,2022
2,Costa Rica,300.1,60.2,16038.1,331.5,9028.5,2022
3,Sri Lanka,273.7,57.1,12507.7,382.2,7268.9,2022
4,Kenya,256.2,54.0,9484.4,281.6,7745.2,2022
5,Bangladesh,249.7,55.9,11295.8,318.7,4844.5,2022
6,Egypt,231.1,48.4,5294.6,284.7,8662.8,2022
7,Peru,214.8,48.8,5545.7,259.7,5698.7,2022
8,Iran,214.8,47.1,4569.9,236.3,7180.1,2022
9,India,204.5,46.5,4244.7,242.3,5974.8,2022
10,Colombia,202.4,47.8,4960.3,217.3,4815.5,2022
11,Indonesia,196.2,43.5,2810.1,240.9,7094.0,2022
12,Turkey,191.8,44.2,3112.9,211.7,5972.9,2022
13,South Africa,190.9,39.3,1414.6,243.4,9693.5,2022
14,Jordan,190.6,41.2,1996.6,217.0,8094.2,2022
15,Philippines,189.5,43.1,2668.5,239.8,6275.0,2022
16,Lebanon,184.4,38.5,1228.6,214.4,9241.1,2022
17,Russia,181.4,44.5,3257.9,189.4,4369.8,2022
18,Thailand,178.0,39.6,1506.1,228.0,7142.2,2022
19,Mexico,175.9,39.3,1418.8,239.1,6974.9,2022
20,Brazil,174.9,41.3,2007.4,207.3,5542.5,2022
21,Argentina,173.0,43.3,2746.8,187.9,4045.3,2022
22,Malaysia,169.7,37.2,938.2,189.0,7758.7,2022
23,Panama,168.7,37.1,918.8,193.5,7625.6,2022
24,United Arab Emirates,168.6,36.2,746.0,247.1,7983.6,2022
25,Ecuador,167.6,38.9,1309.7,180.1,6268.3,2022
26,Azerbaijan,162.3,39.6,1503.4,208.2,4823.2,2022
27,Pakistan,161.3,37.8,1070.0,195.0,5902.4,2022
28,Puerto Rico,160.0,34.2,445.7,170.8,8407.1,2022
29,Kuwait,153.5,33.3,352.4,180.1,7734.4,2022
30,Israel,152.7,36.4,778.2,169.8,5684.4,2022
31,China,151.6,40.0,1616.0,170.9,3401.1,2022
32,United States,151.3,32.9,304.0,241.8,7300.6,2022
33,Ireland,149.8,37.9,1089.7,173.8,4311.0,2022
34,Belgium,149.0,36.9,873.6,192.4,4718.3,2022
35,Venezuela,149.0,34.1,438.3,199.4,6372.1,2022
36,Australia,147.8,34.8,527.2,207.8,5723.6,2022
37,Singapore,147.5,41.2,1987.6,147.0,2458.1,2022
38,Hong Kong,144.9,42.6,2457.4,149.5,1647.6,2022
39,South Korea,144.7,40.0,1619.4,151.1,2715.5,2022
40,Ukraine,142.9,37.7,1040.6,132.3,3775.3,2022
41,Qatar,140.6,30.1,116.0,153.7,7612.5,2022
42,Canada,139.5,33.6,382.0,177.2,5337.6,2022
43,Uruguay,137.3,37.3,958.0,147.8,3235.9,2022
44,Japan,137.3,40.7,1807.8,153.7,1738.9,2022
45,Morocco,134.7,36.3,764.4,150.6,3419.9,2022
46,Kazakhstan,133.9,34.7,520.3,148.3,4119.4,2022
47,Greece,133.3,33.8,403.0,142.6,4550.3,2022
48,United Kingdom,132.6,34.4,475.9,158.3,4076.0,2022
49,Saudi Arabia,131.4,28.3,54.6,163.8,6870.6,2022
50,Italy,131.4,33.8,397.6,158.2,4239.8,2022
51,France,130.5,35.2,594.2,151.0,3432.8,2022
52,Chile,130.1,35.8,682.7,114.1,3307.8,2022
53,New Zealand,127.4,30.8,148.8,160.1,5149.9,2022
54,Hungary,125.3,35.5,640.1,129.9,2817.5,2022
55,Romania,124.2,33.6,376.5,131.4,3567.1,2022
56,Luxembourg,123.9,32.7,290.6,123.3,3977.2,2022
57,Georgia,123.2,35.4,617.5,145.4,2586.3,2022
58,Oman,121.1,22.8,22.8,278.7,5915.1,2022
59,Tunisia,120.4,32.7,289.8,104.2,3659.1,2022
60,Taiwan,115.8,31.7,208.5,129.6,3395.4,2022
61,Latvia,115.3,31.2,174.6,124.5,3567.2,2022
62,Poland,112.7,31.8,216.1,109.6,3102.6,2022
63,Portugal,112.3,29.9,103.1,121.0,3753.4,2022
64,Vietnam,111.1,29.8,102.1,119.1,3625.3,2022
65,Serbia,110.0,30.8,152.5,121.2,3116.5,2022
66,Belarus,108.8,30.2,116.4,96.9,3367.5,2022
67,Spain,107.0,29.2,79.9,127.6,3305.0,2022
68,Cyprus,105.2,22.9,22.9,141.9,4303.9,2022
69,Germany,104.6,31.1,170.3,126.6,2420.0,2022
70,Bulgaria,102.6,29.4,86.2,92.3,2942.0,2022
71,Slovenia,100.3,26.5,29.4,140.7,3195.6,2022
72,Slovakia,100.3,28.2,52.1,167.0,2698.4,2022
73,Malta,99.4,29.1,75.5,112.3,2599.8,2022
74,Sweden,99.1,29.4,86.7,135.0,2377.1,2022
75,Croatia,96.8,26.9,32.5,98.4,2942.2,2022
76,Netherlands,95.7,27.4,38.3,160.8,2442.3,2022
77,Norway,93.8,26.9,32.7,122.0,2513.5,2022
78,Lithuania,93.5,26.0,27.1,80.3,2844.0,2022
79,Switzerland,93.3,28.5,58.7,115.9,2151.8,2022
80,Czech Republic,91.3,29.5,87.4,74.5,1926.3,2022
81,North Macedonia,90.7,26.3,28.3,97.9,2416.6,2022
82,Bosnia And Herzegovina,90.4,26.0,27.0,70.7,2579.3,2022
83,Iceland,89.9,19.8,19.8,79.1,3227.0,2022
84,Denmark,87.3,28.5,59.2,120.1,1610.1,2022
85,Estonia,85.9,24.5,24.5,99.5,2161.9,2022
86,Finland,84.7,27.8,44.1,74.8,1729.0,2022
87,Austria,80.4,25.5,25.7,73.0,1696.6,2022
1,Nigeria,315.2,63.4,20310.3,437.2,7820.2,2023
2,Sri Lanka,272.5,56.9,12283.8,377.1,7286.9,2023
3,Bangladesh,262.3,57.4,12825.9,328.9,5406.3,2023
4,Kenya,242.1,51.6,7525.9,273.0,7600.8,2023
5,Egypt,229.9,48.2,5176.6,282.2,8638.8,2023
6,Peru,220.4,49.6,6086.1,261.4,5876.8,2023
7,Iran,215.4,47.3,4653.2,235.5,7146.6,2023
8,India,203.9,46.4,4177.9,240.7,5987.5,2023
9,Colombia,203.6,47.9,5017.0,216.7,4924.5,2023
10,Indonesia,191.7,42.7,2515.0,236.1,6972.1,2023
11,South Africa,189.9,39.1,1366.9,241.9,9652.6,2023
12,Turkey,189.8,43.9,2976.8,209.2,5911.3,2023
13,Jordan,189.5,41.0,1924.2,214.6,8090.1,2023
14,Philippines,187.9,42.9,2603.9,238.7,6153.7,2023
15,Lebanon,185.3,38.7,1266.1,214.6,9295.9,2023
16,Russia,177.9,43.9,2985.5,185.7,4318.7,2023
17,Mexico,175.4,39.3,1413.8,236.9,6913.1,2023
18,Argentina,175.0,43.7,2928.2,191.0,4004.0,2023
19,Thailand,174.4,39.0,1331.3,227.4,7043.1,2023
20,Brazil,173.3,41.0,1922.4,204.8,5495.8,2023
21,Malaysia,168.4,37.0,888.5,188.0,7726.9,2023
22,United Arab Emirates,168.0,36.1,725.7,248.1,7968.9,2023
23,Pakistan,163.1,38.1,1136.2,198.1,5950.5,2023
24,Ecuador,161.9,37.8,1063.4,173.9,6122.2,2023
25,Azerbaijan,160.6,39.6,1515.1,202.6,4592.4,2023
26,Panama,156.3,35.1,578.1,177.8,7012.7,2023
27,Australia,154.2,36.1,724.1,214.6,5868.6,2023
28,Israel,154.1,36.4,784.8,169.3,5881.0,2023
29,Kuwait,153.7,33.4,355.5,179.4,7762.0,2023
30,United States,152.2,33.1,323.2,241.6,7335.3,2023
31,Ireland,149.5,37.9,1083.0,172.5,4299.8,2023
32,Singapore,148.4,41.4,2040.0,146.6,2476.0,2023
33,Belgium,146.2,36.3,764.0,187.8,4705.4,2023
34,Hong Kong (China),146.1,42.7,2498.7,150.4,1694.5,2023
35,China,144.8,38.8,1297.1,163.6,3267.2,2023
36,Venezuela,144.3,33.1,331.9,195.4,6242.7,2023
37,South Korea,143.7,39.8,1564.1,149.8,2717.0,2023
38,Ukraine,143.5,37.8,1057.4,132.2,3802.8,2023
39,Canada,140.1,33.7,393.3,178.7,5361.3,2023
40,Qatar,138.3,29.7,95.5,151.4,7499.4,2023
41,Uruguay,137.3,37.3,958.0,146.5,3235.9,2023
42,Morocco,137.1,37.0,904.7,149.9,3333.0,2023
43,Saudi Arabia,136.8,29.4,85.0,182.3,7175.5,2023
44,United Kingdom,133.8,34.6,508.6,160.9,4081.1,2023
45,Japan,133.7,40.0,1613.2,150.7,1702.6,2023
46,Greece,133.1,33.7,395.4,144.1,4547.0,2023
47,Kazakhstan,131.8,34.5,486.6,144.3,4004.3,2023
48,New Zealand,130.4,31.4,185.6,161.6,5283.1,2023
49,Italy,130.1,33.5,368.5,155.6,4223.2,2023
50,France,128.8,35.0,552.6,143.6,3401.0,2023
51,Chile,128.2,35.5,638.1,112.3,3226.7,2023
52,Hungary,126.0,35.6,653.2,131.1,2850.2,2023
53,Romania,123.9,33.5,370.4,130.1,3565.6,2023
54,Oman,120.7,22.6,22.6,276.6,5883.0,2023
55,Georgia,120.6,35.7,656.9,138.0,2260.5,2023
56,Taiwan (China),116.8,32.0,227.2,132.5,3390.0,2023
57,Poland,114.4,32.1,235.6,109.7,3196.4,2023
58,Serbia,111.7,31.1,169.3,123.6,3187.9,2023
59,Portugal,110.9,29.5,88.4,118.3,3732.8,2023
60,Vietnam,110.0,29.6,92.3,117.8,3595.6,2023
61,Luxembourg,108.9,29.1,77.0,117.1,3623.4,2023
62,Belarus,108.2,29.9,104.9,95.1,3396.9,2023
63,Latvia,107.9,29.7,97.4,118.7,3295.3,2023
64,Cyprus,105.2,22.9,22.9,141.5,4300.9,2023
65,Spain,105.2,29.1,74.0,125.1,3171.9,2023
66,Germany,105.1,31.2,173.9,124.4,2452.1,2023
67,Slovakia,100.9,28.1,49.9,164.1,2800.5,2023
68,Bulgaria,99.4,28.9,70.2,89.1,2766.4,2023
69,Slovenia,99.2,26.1,27.4,137.6,3156.9,2023
70,Malta,98.6,29.2,80.1,109.9,2488.3,2023
71,Sweden,98.2,29.4,84.8,132.7,2309.2,2023
72,Croatia,96.1,26.5,29.8,98.0,2936.3,2023
73,Bosnia And Herzegovina,95.1,27.1,34.5,102.8,2705.8,2023
74,Switzerland,93.3,28.4,56.2,114.5,2182.2,2023
75,Norway,92.6,26.7,31.1,119.6,2438.5,2023
76,Czech Republic,90.6,29.5,88.5,71.7,1872.7,2023
77,Lithuania,89.6,25.0,25.0,75.5,2587.8,2023
78,Netherlands,89.4,25.5,25.7,149.0,2170.3,2023
79,North Macedonia,89.4,25.7,26.0,96.5,2379.0,2023
80,Iceland,88.9,20.6,20.6,77.7,3020.9,2023
81,Denmark,87.5,28.5,59.3,119.1,1625.0,2023
82,Estonia,84.0,23.8,23.8,95.2,2076.9,2023
83,Finland,82.6,27.2,36.0,72.8,1665.6,2023
84,Austria,79.1,24.8,24.8,79.6,1630.6,2023
1,Nigeria,314.5,63.3,20142.2,434.6,7823.6,2024
2,Bangladesh,261.8,57.7,13177.6,324.6,5072.5,2024
3,Sri Lanka,259.0,54.8,10185.8,360.1,7116.2,2024
4,Kenya,239.8,51.2,7221.7,271.2,7586.4,2024
5,Egypt,229.5,48.1,5166.1,280.9,8604.9,2024
6,Peru,218.2,49.1,5761.2,258.5,5948.1,2024
7,Iran,212.6,46.8,4411.4,232.6,7079.6,2024
8,India,206.2,46.8,4375.0,248.0,6010.8,2024
9,Colombia,200.3,47.3,4686.4,213.1,4885.5,2024
10,Australia,196.7,42.8,2552.5,333.4,7243.7,2024
11,Indonesia,193.4,43.0,2622.4,237.7,7027.8,2024
12,Turkey,191.6,44.1,3076.4,220.7,5958.7,2024
13,Philippines,188.6,43.1,2685.2,238.2,6115.0,2024
14,South Africa,187.6,38.7,1276.7,239.8,9533.3,2024
15,Jordan,187.4,40.6,1792.1,211.7,8076.0,2024
16,Lebanon,182.4,38.2,1147.5,213.2,9170.1,2024
17,Argentina,177.5,44.2,3122.3,193.2,4041.4,2024
18,United Arab Emirates,176.2,37.4,978.9,282.2,8221.1,2024
19,Mexico,175.1,39.2,1396.4,235.4,6918.5,2024
20,Thailand,174.4,39.0,1332.6,227.0,7029.2,2024
21,Russia,173.2,43.2,2686.0,182.0,4191.7,2024
22,Brazil,171.4,40.6,1786.7,205.2,5501.5,2024
23,Malaysia,168.9,37.1,913.9,189.0,7707.8,2024
24,Kuwait,163.5,35.0,553.0,209.4,8194.1,2024
25,Pakistan,163.1,38.2,1148.3,197.5,5930.9,2024
26,Ecuador,160.2,37.2,933.3,175.7,6274.9,2024
27,United States,156.5,33.8,405.6,257.3,7488.4,2024
28,Panama,156.3,35.1,578.1,177.8,7012.7,2024
29,Azerbaijan,155.0,39.1,1375.4,195.8,4201.1,2024
30,Israel,154.8,36.8,859.4,169.9,5723.8,2024
31,New Zealand,154.5,35.6,645.3,245.8,6051.6,2024
32,Ireland,149.9,37.8,1066.5,174.7,4387.2,2024
33,South Korea,148.6,40.4,1719.9,171.0,2887.7,2024
34,Singapore,148.3,41.4,2063.7,146.6,2428.4,2024
35,Canada,146.2,34.6,505.2,208.0,5579.9,2024
36,Qatar,145.7,31.0,159.9,195.1,7758.2,2024
37,China,145.6,39.0,1352.9,166.4,3240.8,2024
38,Saudi Arabia,144.7,30.9,157.0,209.6,7531.3,2024
39,Hong Kong (China),144.0,42.4,2386.0,150.2,1644.7,2024
40,Ukraine,143.3,37.7,1043.9,131.4,3814.5,2024
41,Venezuela,141.6,32.8,299.3,191.0,6036.7,2024
42,Belgium,141.6,35.5,633.1,183.2,4535.8,2024
43,Uruguay,139.8,37.8,1061.8,148.0,3281.9,2024
44,Japan,139.2,40.2,1675.0,176.7,2006.2,2024
45,Georgia,139.0,38.9,1325.8,180.4,2520.1,2024
46,Kazakhstan,136.7,35.8,687.7,145.7,3917.0,2024
47,Morocco,134.3,36.1,728.7,145.2,3503.8,2024
48,United Kingdom,132.8,34.6,505.7,158.4,3980.3,2024
49,Greece,132.2,33.6,380.5,143.2,4509.1,2024
50,Chile,131.6,36.2,751.1,117.2,3264.2,2024
51,France,128.3,34.8,525.1,141.6,3444.0,2024
52,Hungary,126.5,35.8,684.6,132.0,2815.0,2024
53,Italy,126.1,32.8,296.0,149.3,4088.3,2024
54,Poland,123.1,32.9,307.3,117.5,3828.3,2024
55,Romania,123.0,33.3,344.7,128.2,3582.5,2024
56,Switzerland,122.2,33.1,326.1,196.8,3248.1,2024
57,Oman,118.5,21.9,21.9,268.5,5698.2,2024
58,Taiwan,115.6,31.6,202.4,129.9,3401.9,2024
59,Albania,114.7,36.7,844.8,105.7,1492.0,2024
60,Belarus,110.9,30.8,151.8,95.9,3359.5,2024
61,Serbia,110.3,30.9,152.9,120.6,3152.4,2024
62,Vietnam,107.6,29.1,75.1,116.6,3485.1,2024
63,Cyprus,106.7,23.4,23.4,141.4,4438.9,2024
64,Armenia,104.8,30.5,131.6,83.5,2885.3,2024
65,Portugal,104.8,27.9,46.7,116.7,3502.7,2024
66,Latvia,104.1,29.0,71.7,114.3,3135.8,2024
67,Germany,102.3,30.3,124.8,129.1,2444.3,2024
68,Luxembourg,101.5,26.1,27.4,114.2,3536.2,2024
69,Bulgaria,100.2,29.1,74.5,93.1,2794.5,2024
70,Slovakia,98.8,27.4,37.9,157.9,2776.7,2024
71,Slovenia,96.9,25.2,25.2,133.9,3036.1,2024
72,Sweden,96.4,29.1,75.9,130.1,2229.2,2024
73,Spain,96.3,26.4,28.7,120.1,2869.0,2024
74,Iceland,95.4,21.9,21.9,94.2,3488.0,2024
75,Malta,95.0,28.2,52.7,105.0,2428.7,2024
76,Croatia,94.4,26.0,26.9,94.6,2859.9,2024
77,Norway,94.0,26.8,32.0,128.1,2515.7,2024
78,Bosnia And Herzegovina,93.1,26.6,30.4,100.4,2595.7,2024
79,Czech Republic,89.5,29.2,79.7,73.4,1830.7,2024
80,Denmark,87.4,28.7,64.3,123.5,1564.0,2024
81,North Macedonia,84.8,24.9,24.9,71.8,2161.6,2024
82,Netherlands,84.6,23.7,23.7,138.0,1954.7,2024
83,Lithuania,84.3,23.8,23.8,70.2,2233.3,2024
84,Finland,79.9,26.0,27.1,70.6,1623.9,2024
85,Austria,77.5,24.1,24.1,76.4,1585.6,2024
86,Estonia,77.5,21.8,21.8,85.3,1742.8,2024
1,Nigeria,334.8,65.3,23178.0,443.5,9261.8,2025
2,Costa Rica,301.0,60.0,15793.9,317.8,9516.5,2025
3,Sri Lanka,256.8,54.2,9722.4,356.3,7229.9,2025
4,Bangladesh,253.2,56.5,11901.5,316.2,4875.4,2025
5,Kenya,240.1,51.6,7510.1,269.7,7305.9,2025
6,Egypt,226.7,47.7,4894.7,278.8,8533.4,2025
7,Peru,225.1,49.8,6211.7,268.0,6425.8,2025
8,Iran,212.2,46.8,4412.3,231.6,7003.1,2025
9,India,204.5,46.5,4208.0,244.5,6014.9,2025
10,Colombia,198.0,46.7,4315.1,209.3,5067.0,2025
11,Indonesia,193.7,43.1,2680.5,236.2,6957.4,2025
12,Turkey,188.3,43.7,2894.3,211.4,5824.4,2025
13,Jordan,187.1,40.3,1711.0,220.0,8206.7,2025
14,South Africa,186.1,38.5,1218.5,238.1,9471.0,2025
15,Lebanon,183.8,38.5,1222.0,214.3,9166.4,2025
16,Philippines,178.7,41.6,2129.7,230.1,5738.4,2025
17,Argentina,175.9,43.8,2945.7,191.9,4093.8,2025
18,Mexico,174.2,39.2,1384.4,232.3,6826.3,2025
19,Russia,173.9,43.4,2777.7,182.2,4140.5,2025
20,Brazil,170.6,40.5,1751.5,205.5,5469.2,2025
21,Thailand,168.5,38.1,1121.9,220.4,6734.3,2025
22,United Arab Emirates,168.4,36.1,727.7,256.2,7984.6,2025
23,Malaysia,168.1,37.0,885.7,186.4,7695.6,2025
24,Pakistan,164.5,38.3,1182.2,199.1,6036.0,2025
25,Australia,163.0,37.4,974.8,238.2,6236.3,2025
26,Kuwait,162.0,34.7,522.2,205.6,8103.7,2025
27,Azerbaijan,160.2,40.2,1676.9,196.5,4221.9,2025
28,Panama,156.4,35.2,592.2,179.4,6953.3,2025
29,Israel,155.6,36.8,860.4,168.1,5855.9,2025
30,Ecuador,154.8,37.1,923.6,161.9,5549.1,2025
31,Uruguay,153.2,40.0,1609.5,164.6,3636.4,2025
32,United States,152.6,33.1,332.8,239.4,7357.5,2025
33,Puerto Rico,151.0,32.6,282.5,161.5,7896.3,2025
34,Ireland,147.6,37.5,993.6,170.6,4288.2,2025
35,China,147.4,38.7,1279.7,171.7,3574.1,2025
36,Singapore,145.8,41.0,1900.9,144.1,2424.3,2025
37,Ukraine,144.4,37.8,1069.9,134.9,3876.3,2025
38,South Korea,144.1,39.7,1531.8,164.1,2750.3,2025
39,Hong Kong (China),142.2,41.8,2191.5,148.4,1712.5,2025
40,Saudi Arabia,140.9,30.2,117.5,182.9,7464.9,2025
41,Venezuela,140.9,32.6,282.0,187.6,6044.0,2025
42,Japan,140.2,40.1,1634.1,180.8,2137.2,2025
43,Canada,139.7,33.5,368.2,183.2,5394.5,2025
44,Kazakhstan,136.3,35.8,672.0,141.3,3942.5,2025
45,New Zealand,136.0,32.3,256.5,186.6,5474.2,2025
46,Belgium,135.5,34.5,490.8,177.3,4288.1,2025
47,Qatar,134.9,29.0,72.6,147.2,7269.8,2025
48,United Kingdom,134.3,34.8,524.2,157.8,4111.7,2025
49,Tunisia,133.9,33.7,387.9,128.6,4782.3,2025
50,Chile,131.1,36.2,752.8,114.4,3224.3,2025
51,Morocco,130.7,35.2,592.4,137.6,3530.3,2025
52,Greece,127.9,32.8,295.7,140.6,4362.3,2025
53,Georgia,127.4,37.1,916.0,164.6,2230.3,2025
54,France,126.5,34.4,482.2,137.1,3403.9,2025
55,Oman,124.9,24.3,24.3,283.5,6217.3,2025
56,Hungary,124.8,35.5,625.7,130.0,2804.9,2025
57,Italy,123.7,32.1,237.8,149.5,4090.5,2025
58,Switzerland,122.2,34.0,428.4,170.4,2959.5,2025
59,Romania,122.0,33.0,319.1,129.3,3567.8,2025
60,Taiwan,119.0,32.4,264.2,131.6,3459.9,2025
61,Poland,115.1,32.1,235.5,112.5,3260.0,2025
62,Albania,113.7,36.3,773.7,103.6,1550.0,2025
63,Belarus,112.4,31.3,183.2,95.8,3326.9,2025
64,Cyprus,109.4,25.1,25.1,155.6,4458.2,2025
65,Vietnam,108.4,29.4,86.7,119.9,3441.4,2025
66,Serbia,107.6,30.5,131.0,116.7,3014.2,2025
67,Portugal,107.0,28.5,57.7,117.7,3612.9,2025
68,Luxembourg,106.2,27.0,33.2,124.0,3887.1,2025
69,Latvia,102.1,28.6,61.7,111.2,3031.5,2025
70,Bulgaria,99.7,29.1,75.3,92.5,2740.5,2025
71,Armenia,99.6,29.3,82.2,82.4,2716.0,2025
72,Germany,99.3,29.6,92.7,119.2,2420.4,2025
73,Slovakia,98.9,27.4,38.7,154.7,2792.2,2025
74,Malta,97.1,28.2,51.8,106.0,2645.3,2025
75,Slovenia,96.8,25.2,25.2,133.0,3036.9,2025
76,Spain,96.3,26.7,30.6,118.6,2829.4,2025
77,Sweden,95.6,28.9,68.4,137.7,2179.7,2025
78,Iceland,92.7,21.2,21.2,91.0,3295.6,2025
79,Norway,92.6,26.3,28.2,120.7,2497.6,2025
80,Croatia,92.1,25.2,25.2,90.5,2747.3,2025
81,Bosnia And Herzegovina,90.4,25.9,26.5,94.5,2466.3,2025
82,Czech Republic,88.1,28.9,68.0,71.4,1810.2,2025
83,North Macedonia,85.7,24.5,24.5,72.2,2275.4,2025
84,Denmark,85.0,27.7,42.1,116.7,1600.0,2025
85,Lithuania,83.6,23.6,23.6,71.4,2186.1,2025
86,Netherlands,83.0,22.7,22.7,139.9,1912.0,2025
87,Finland,77.8,25.1,25.1,69.6,1544.6,2025
88,Austria,75.6,23.2,23.2,76.3,1509.5,2025
89,Estonia,75.3,21.4,21.4,81.2,1621.0,2025
